IdJugador,IdClub,IdEquipo,Nombre,NombreCompleto,CantidadPartidosJugados,MinutosJugadosPorPartido,Puntos_suma,ReboteDefensivo_suma,ReboteOfensivo_suma,RebotesTotales_suma,Asistencias_suma,Recuperaciones_suma,Perdidas_suma,TaponCometido_suma,TaponRecibido_suma,FaltaCometida_suma,FaltaRecibida_suma,Valoracion_suma,TirosDosAciertos_suma,TirosDosFallos_suma,TirosTresAciertos_suma,TirosTresFallos_suma,TirosLibresAciertos_suma,TirosLibresFallos_suma,plus_minus_suma,plays_consumidas_suma,plays_jugadas_suma,rebote_of_disp_suma,rebote_def_disp_suma,puntos_q4_y_prorroga_suma,puntos_clutch_suma,min_q4_suma,min_q4_y_prorroga_suma,min_clutch_suma,posesiones_finalizadas_suma,posesiones_equipo_suma,posesiones_rival_suma,TiempoJuego_seg_suma,TiempoJuego_min_suma,puntos_equipo_suma,minutos_totales_partido_suma,puntos_rival_suma,posesiones_del_partido_suma,posesiones_jugadas_suma,TiempoJuego,CincoInicial,equipo,partido_key,equipo_local,equipo_visitante,rival,fecha_hora,Puntos_prom_40min,ReboteDefensivo_prom_40min,ReboteOfensivo_prom_40min,RebotesTotales_prom_40min,Asistencias_prom_40min,Recuperaciones_prom_40min,Perdidas_prom_40min,TaponCometido_prom_40min,TaponRecibido_prom_40min,FaltaCometida_prom_40min,FaltaRecibida_prom_40min,Valoracion_prom_40min,TirosDosAciertos_prom_40min,TirosDosFallos_prom_40min,TirosTresAciertos_prom_40min,TirosTresFallos_prom_40min,TirosLibresAciertos_prom_40min,TirosLibresFallos_prom_40min,plus_minus_prom_40min,plays_consumidas_prom_40min,plays_jugadas_prom_40min,rebote_of_disp_prom_40min,rebote_def_disp_prom_40min,min_q4_prom_40min,min_q4_y_prorroga_prom_40min,min_clutch_prom_40min,posesiones_finalizadas_prom_40min,posesiones_equipo_prom_40min,posesiones_rival_prom_40min,TiempoJuego_seg_prom_40min,TiempoJuego_min_prom_40min,puntos_equipo_prom_40min,minutos_totales_partido_prom_40min,puntos_rival_prom_40min,posesiones_del_partido_prom_40min,PACE_prom_40min,TirosDeCampo_suma,TOV%,eFG%,ORB%,DRB%,RB%,FTr,3PT%,2PT%,TL%,TS%,USG%,AST/TOVr,game_score_suma,ORTG,DRTG,puntos_clutch_prom_5min,puntos_q4pror_prom_10min,game_score_prom
326138,1790,69616,"AALIYA, L.","AALIYA, LEE ABRAHAM",34,18.36862745098039,261.0,82.0,42.0,124.0,18.0,18.0,25.0,25.0,4.0,60.0,51.0,252.0,79.0,51.0,23.0,74.0,34.0,31.0,81.0,278.0,1287.0,593.0,584.0,0.0,0.0,200.35,200.35,15.049999999999999,238.6,2548.16,2556.52,37472.0,624.5333333333333,2796.0,6824.766666666666,2549.0,2552.34,1167.3569512233883,21:02,False,INSTITUTO,INSTITUTO vs QUIMSA (002/12/2024 22:10),INSTITUTO,QUIMSA,QUIMSA,02/12/2024,16.716481639624256,5.251921434671222,2.69000853970965,7.941929974380871,1.1528608027327072,1.1528608027327072,1.6011955593509821,1.6011955593509821,0.25619128949615716,3.842869342442357,3.2664389410760037,16.1400512382579,5.059777967549104,3.2664389410760037,1.4730999146029036,4.739538855678907,2.177625960717336,1.9854824935952178,5.1878736122971825,17.80529461998292,82.42954739538857,37.9803586678053,37.40392826643894,12.83198121263877,12.83198121263877,0.9639197267292912,15.281810418445774,163.20409906063193,163.73953885567892,2400.0,40.0,179.07771135781385,437.1114432109308,163.25789923142617,163.47181895815544,74.7666706590556,227.0,8.992805755395683,50.0,7.082630691399664,14.04109589041096,10.535259133389975,0.14977973568281938,23.711340206185564,60.76923076923077,52.307692307692314,51.056338028169016,21.6006216006216,0.72,233.60000000000002,109.3880972338642,45.677005069778296,0.0,0.0,6.870588235294118
149814,2305,69510,"ACEVEDO, M.","ACEVEDO, MAXIMILIANO JUNIORS",4,2.8916666666666666,2.0,1.0,1.0,2.0,0.0,0.0,0.0,0.0,0.0,0.0,0.0,1.0,1.0,2.0,0.0,1.0,0.0,0.0,-6.0,4.0,26.0,15.0,13.0,0.0,0.0,10.78333333333333,10.78333333333333,1.3166666666666667,3.0,2851.32,2848.88,694.0,11.566666666666666,3137.0,7599.616666666667,2956.0,2850.1,22.2968304789288,00:00,False,OBERA,OBERA vs RIACHUELO (LR) (001/12/2024 21:00),OBERA,RIACHUELO (LR),RIACHUELO (LR),01/12/2024,6.9164265129683,3.45821325648415,3.45821325648415,6.9164265129683,0.0,0.0,0.0,0.0,0.0,0.0,0.0,3.45821325648415,3.45821325648415,6.9164265129683,0.0,3.45821325648415,0.0,0.0,-20.7492795389049,13.8328530259366,89.91354466858789,51.87319884726225,44.956772334293944,37.291066282420736,37.291066282420736,4.553314121037464,10.37463976945245,9860.472622478388,9852.034582132566,2400.0,40.0,10848.414985590778,26281.095100864553,10222.478386167148,9856.253602305476,77.10719473981142,4.0,0.0,25.0,6.666666666666667,7.6923076923076925,7.142857142857142,0.0,0.0,33.33333333333333,,25.0,15.384615384615385,,1.8000000000000003,66.66666666666666,0.8113858786301529,0.0,0.0,0.45000000000000007
209965,1426,69281,"ACEVEDO, S.","ACEVEDO, SEBASTIAN IGNACIO",38,22.159649122807018,285.0,104.0,24.0,128.0,24.0,26.0,30.0,1.0,5.0,84.0,65.0,266.0,55.0,59.0,43.0,76.0,46.0,9.0,-9.0,287.0,1708.0,845.0,740.0,0.0,0.0,224.31666666666666,231.88333333333333,41.71666666666666,263.2,2794.68,2763.56,50524.0,842.0666666666667,2824.0,7674.916666666667,2779.0,2779.12,1531.0814120630328,21:53,True,SAN MARTIN (C),SAN MARTIN (C) vs GIMNASIA (CR) (004/12/2024 21:30),SAN MARTIN (C),GIMNASIA (CR),GIMNASIA (CR),04/12/2024,13.538120497189453,4.940226427044573,1.1400522523949013,6.080278679439473,1.1400522523949013,1.2350566067611433,1.4250653154936266,0.047502177183120886,0.23751088591560446,3.9901828833821544,3.0876415169028575,12.635579130710157,2.612619745071649,2.8026284538041324,2.042593618874198,3.610165465917188,2.185100150423561,0.42751959464808803,-0.42751959464808803,13.633124851555696,81.13371862877048,40.13933971973715,35.15161111550946,10.655530045127069,11.014963185812682,1.9816324914891927,12.502573034597418,132.7533845301243,131.27511677618557,2399.9999999999995,40.0,134.1461483651334,364.5752513656876,132.00855039189295,132.01425065315493,72.7297005176011,233.0,10.452961672473867,51.287553648068666,2.8402366863905324,14.054054054054054,8.075709779179812,0.19742489270386265,36.134453781512605,48.24561403508772,83.63636363636363,55.40435458786936,16.80327868852459,0.8,239.39999999999998,108.28267477203649,55.09165838404059,0.0,0.0,6.3
225273,88,69164,"ACTIS, J.","ACTIS, JOAQUIN MATIAS",1,3.7666666666666666,0.0,0.0,0.0,0.0,0.0,0.0,1.0,0.0,0.0,0.0,0.0,-1.0,0.0,0.0,0.0,0.0,0.0,0.0,-4.0,1.0,8.0,6.0,3.0,0.0,0.0,3.5666666666666655,3.5666666666666655,0.16666666666666669,1.0,872.0,850.92,226.0,3.7666666666666666,820.0,2199.95,877.0,861.46,7.05743811984332,00:00,False,SAN LORENZO,SAN LORENZO vs BOCA (017/11/2024 21:05),SAN LORENZO,BOCA,BOCA,17/11/2024,0.0,0.0,0.0,0.0,0.0,0.0,10.619469026548673,0.0,0.0,0.0,0.0,-10.619469026548673,0.0,0.0,0.0,0.0,0.0,0.0,-42.47787610619469,10.619469026548673,84.95575221238938,63.716814159292035,31.858407079646017,37.87610619469025,37.87610619469025,1.769911504424779,10.619469026548673,9260.176991150442,9036.318584070796,2400.0,40.0,8707.964601769912,23362.300884955752,9313.274336283186,9148.24778761062,74.94624552046004,0.0,100.0,,0.0,0.0,0.0,,,,,,12.5,0.0,-1.0,0.0,0.8341448175550779,0.0,0.0,-1.0
271401,1790,69616,"ACUÑA, R.","ACUÑA, ROBERTO SANTIAGO",35,18.76952380952381,213.0,95.0,49.0,144.0,20.0,16.0,28.0,11.0,10.0,79.0,48.0,238.0,87.0,59.0,2.0,15.0,33.0,23.0,83.0,215.0,1319.0,603.0,592.0,0.0,0.0,130.04999999999998,130.04999999999998,12.35,166.64,2590.7200000000003,2577.68,39416.0,656.9333333333334,2846.0,7024.966666666666,2666.0,2584.2000000000003,1208.2007001360585,18:15,False,INSTITUTO,INSTITUTO vs QUIMSA (002/12/2024 22:10),INSTITUTO,QUIMSA,QUIMSA,02/12/2024,12.969352547188958,5.784453014004464,2.983559975644408,8.768012989648872,1.2177795818956767,0.9742236655165414,1.7048914146539476,0.6697787700426222,0.6088897909478383,4.8102293484879235,2.9226709965496243,14.491577024558552,5.2973411812461935,3.592449766592247,0.12177795818956767,0.9133346864217575,2.0093363101278667,1.4004465191800284,5.053785264867059,13.091130505378526,80.31256342601989,36.71605439415465,36.046275624112035,7.918611731276637,7.918611731276637,0.7519788918205804,10.146539476354778,157.7462959204384,156.9523036330424,2399.9999999999995,40.0,173.2900345037548,427.7430485082199,162.33001826669374,157.3492997767404,73.56610717288765,163.0,13.023255813953488,55.214723926380366,8.12603648424544,16.0472972972973,12.05020920502092,0.20245398773006135,11.76470588235294,59.589041095890416,58.92857142857143,56.75762097633768,16.300227445034114,0.7142857142857143,195.79999999999998,127.82045127220356,48.23360788044732,0.0,0.0,5.594285714285713
314345,1903,69941,"AGUERRE, F.","AGUERRE, FEDERICO MATIAS",36,25.937037037037037,308.0,174.0,34.0,208.0,37.0,17.0,32.0,13.0,4.0,69.0,75.0,409.0,51.0,50.0,51.0,80.0,53.0,14.0,77.0,295.0,1886.0,825.0,890.0,0.0,0.0,179.21666666666664,179.21666666666664,46.46666666666666,259.48,2665.28,2670.8,56024.0,933.7333333333333,2933.0,7199.983333333334,2836.0,2668.04,1726.5277829597076,21:46,True,RIACHUELO (LR),UNION (SF) vs RIACHUELO (LR) (003/12/2024 21:00),UNION (SF),RIACHUELO (LR),UNION (SF),03/12/2024,13.194345280594032,7.453948307868057,1.4565186348707695,8.910466942738825,1.5850349850064258,0.7282593174353847,1.3708410681136658,0.5569041839211766,0.17135513351420822,2.9558760531200914,3.2129087533914036,17.521062401827788,2.1847779523061543,2.1419391689276024,2.1847779523061543,3.427102670284164,2.2704555190632587,0.5997429672997288,3.298586320148508,12.637441096672855,80.79394545194916,35.34199628730544,38.12651720691132,7.677423961159501,7.677423961159501,1.9905754676567184,11.115807511066686,114.17735256318721,114.41382264743682,2400.0,40.0,125.64615164929316,308.4385263458518,121.49078966157361,114.29558760531201,73.96234969126265,232.0,10.847457627118644,54.956896551724135,4.121212121212121,19.550561797752806,12.128279883381925,0.22844827586206898,38.93129770992366,50.495049504950494,79.1044776119403,58.89551782163072,15.641569459172851,1.15625,301.2,118.69893633420688,68.78529273359219,0.0,0.0,8.366666666666667
173453,1424,69990,"AGUIRRE, G.","AGUIRRE, GUSTAVO NICOLAS",34,27.238725490196078,249.0,150.0,20.0,170.0,89.0,31.0,44.0,0.0,3.0,55.0,74.0,351.0,53.0,53.0,36.0,99.0,35.0,8.0,10.0,304.0,1829.0,814.0,900.0,0.0,0.0,186.33333333333331,190.9333333333333,55.25,283.92,2474.56,2497.16,55567.0,926.1166666666667,2689.0,6824.966666666667,2715.0,2485.86,1690.494874945487,33:41,True,REGATAS (C),REGATAS (C) vs GIMNASIA (CR) (002/12/2024 21:30),REGATAS (C),GIMNASIA (CR),GIMNASIA (CR),02/12/2024,10.75458455558155,6.478665394928644,0.8638220526571526,7.342487447585797,3.844008134324329,1.3389241816185864,1.9004085158457356,0.0,0.12957330789857288,2.3755106448071697,3.196141594831465,15.160077024133027,2.289128439541454,2.289128439541454,1.5548796947828747,4.275919160652906,1.511688592150017,0.34552882106286104,0.4319110263285763,13.13009520038872,78.99652671549661,35.15755754314611,38.87199236957186,8.047942123922471,8.246621196033615,2.3863084204653844,12.26281785952094,106.87897493116418,107.85509385066675,2400.0,40.0,116.14087497975417,294.77783576583226,117.26384364820846,107.36703439091548,73.01433764409036,241.0,14.473684210526317,44.398340248962654,2.457002457002457,16.666666666666664,9.918319719953326,0.14522821576763487,26.666666666666668,50.0,81.3953488372093,47.89935364727608,16.621104428649534,2.022727272727273,259.8,87.70076077768385,74.27443112484598,0.0,0.0,7.641176470588236
217941,1913,70011,"ALESSIO, J.","ALESSIO, JOSE IGNACIO JESUS",33,18.478787878787877,348.0,67.0,18.0,85.0,22.0,6.0,29.0,0.0,8.0,64.0,82.0,322.0,112.0,66.0,17.0,28.0,73.0,26.0,-130.0,297.0,1195.0,513.0,561.0,0.0,0.0,171.66666666666666,171.66666666666666,23.9,277.56,2552.16,2563.36,36588.0,609.8,2803.0,6824.85,2895.0,2557.7599999999998,1144.965801197424,19:03,True,UNION (SF),UNION (SF) vs RIACHUELO (LR) (003/12/2024 21:00),UNION (SF),RIACHUELO (LR),RIACHUELO (LR),03/12/2024,22.82715644473598,4.394883568383077,1.1807149885208266,5.575598556903904,1.4430960970810103,0.3935716628402755,1.9022630370613316,0.0,0.5247622171203674,4.198097736962939,5.378812725483765,21.121679239094785,7.346671039685143,4.329288291243031,1.1151197113807807,1.8366677599212857,4.788455231223352,1.705477205641194,-8.52738602820597,19.481797310593638,78.38635618235487,33.65037717284356,36.79895047556576,11.260522575707883,11.260522575707883,1.5677271236470975,18.20662512299115,167.4096425057396,168.14430960970813,2400.0000000000005,40.0,183.86356182354874,447.6779271892424,189.89832732043294,167.77697605772386,75.10434904541975,223.0,9.764309764309765,61.65919282511211,3.508771929824561,11.942959001782532,7.9143389199255125,0.3273542600896861,37.77777777777778,62.92134831460674,73.73737373737373,65.27611044417768,24.85355648535565,0.7586206896551724,270.20000000000005,125.37829658452226,50.6668123886132,0.0,0.0,8.18787878787879
328795,1424,69990,"ALEXANDER, Q.","ALEXANDER, QUINTIN IMMANUEL",25,15.655333333333333,148.0,92.0,24.0,116.0,14.0,9.0,19.0,3.0,5.0,59.0,40.0,181.0,63.0,42.0,0.0,7.0,22.0,17.0,-31.0,146.0,752.0,353.0,382.0,0.0,0.0,100.78333333333332,100.78333333333332,3.666666666666667,124.16,1820.92,1828.1200000000001,23483.0,391.3833333333333,1979.0,5024.95,1947.0,1824.52,714.4472286559271,18:20,False,REGATAS (C),REGATAS (C) vs OLIMPICO (LB) (012/05/2025 21:00),REGATAS (C),OLIMPICO (LB),OLIMPICO (LB),12/05/2025,15.12583571093983,9.40254652301665,2.452838223395648,11.855384746412298,1.4308222969807947,0.919814333773368,1.9418302601882211,0.306604777924456,0.5110079632074267,6.029893965847634,4.088063705659414,18.498488268108847,6.438700336413577,4.292466890942384,0.0,0.7154111484903973,2.248435038112677,1.7374270749052507,-3.1682493718860454,14.92143252565686,76.85559766639697,36.07716220244433,39.0410083890474,10.300217178384361,10.300217178384361,0.37473917301877957,12.689349742366819,186.1009240727335,186.83677553975218,2400.0,40.0,202.25695183749949,513.5578929438317,198.98650087297196,186.46884980624282,73.01764462693119,112.0,13.013698630136986,56.25,6.79886685552408,24.083769633507853,15.782312925170066,0.19642857142857142,0.0,60.0,56.41025641025641,57.293279653143394,19.414893617021274,0.7368421052631579,130.30000000000004,119.20103092783505,41.78693730590086,0.0,0.0,5.2120000000000015
328755,1869,69992,"ALI , P.","ALI, PRINCE ADAMS",5,21.03666666666667,63.0,10.0,8.0,18.0,7.0,6.0,10.0,1.0,2.0,14.0,22.0,57.0,16.0,19.0,5.0,10.0,16.0,5.0,-19.0,70.0,224.0,99.0,76.0,0.0,0.0,24.883333333333333,24.883333333333333,7.3500000000000005,61.24,374.03999999999996,373.2,6311.0,105.18333333333334,414.0,1000.0166666666667,406.0,373.62,196.3276219627531,20:60,True,QUIMSA,OBERA vs QUIMSA (016/02/2025 21:30),OBERA,QUIMSA,OBERA,16/02/2025,23.958168277610522,3.8028838535889715,3.0423070828711776,6.845190936460148,2.66201869751228,2.281730312153383,3.8028838535889715,0.3802883853588972,0.7605767707177944,5.32403739502456,8.366344477895737,21.67643796545714,6.084614165742355,7.225479321819046,1.9014419267944858,3.8028838535889715,6.084614165742355,1.9014419267944858,-7.225479321819046,26.620186975122802,85.18459832039296,37.648550150530816,28.901917287276184,9.462842655680557,9.462842655680557,2.795119632387894,23.28886071937886,142.2430676596419,141.92362541594042,2400.0,40.0,157.43939153858344,380.2947234986532,154.39708445571225,142.08334653779116,74.66111435756733,50.0,14.285714285714285,47.0,8.080808080808081,13.157894736842104,10.285714285714285,0.32,33.33333333333333,45.714285714285715,76.19047619047619,53.17353139770425,31.25,0.7,50.6,102.87393860222076,57.101531486792524,0.0,0.0,10.120000000000001
177531,1882,69822,"ALIENDE, G.","ALIENDE, GUILLERMO ALFONZO",35,24.17904761904762,295.0,78.0,11.0,89.0,101.0,29.0,54.0,1.0,3.0,68.0,60.0,272.0,57.0,70.0,47.0,97.0,40.0,11.0,-119.0,349.0,1778.0,832.0,813.0,0.0,0.0,193.86666666666665,193.86666666666665,34.58333333333333,336.44,2658.84,2681.4,50776.0,846.2666666666667,2820.0,7000.083333333333,2893.0,2670.12,1609.8765235182807,25:03,True,OLIMPICO (LB),OLIMPICO (LB) vs LA UNION FSA. (017/11/2024 22:00),OLIMPICO (LB),LA UNION FSA.,LA UNION FSA.,17/11/2024,13.943595399401293,3.6867811564518673,0.5199306759098786,4.206711832361746,4.77390893335434,1.370726327398771,2.552386954466677,0.04726642508271624,0.14179927524814873,3.2141169056247048,2.8359855049629745,12.856467622498819,2.694186229714826,3.308649755790137,2.2215219788876635,4.584843233023475,1.8906570033086498,0.5199306759098786,-5.624704584843233,16.49598235386797,84.03970379706948,39.325665668819916,38.4276035922483,9.163384276035922,9.163384276035922,1.6346305341106033,15.902316054829054,125.67386166692927,126.74019221679535,2400.0,40.0,133.2913187332598,330.8689144477706,136.74176776429812,126.2070269418623,76.0931080913005,271.0,15.472779369627506,47.047970479704794,1.3221153846153846,9.59409594095941,5.410334346504559,0.14760147601476015,32.63888888888889,44.881889763779526,78.43137254901961,50.265812431842974,19.628796400449943,1.8703703703703705,259.59999999999997,87.68279633812864,65.32616929696246,0.0,0.0,7.417142857142856
323785,1932,69789,"ALLENDE, T.","ALLENDE, TOMAS DANIEL",37,23.703603603603604,305.0,124.0,25.0,149.0,40.0,40.0,41.0,11.0,16.0,75.0,96.0,357.0,94.0,56.0,15.0,56.0,72.0,40.0,-274.0,313.0,1729.0,836.0,777.0,0.0,0.0,205.33333333333331,210.33333333333331,34.55,286.28,2806.16,2807.84,52622.0,877.0333333333333,2724.0,7625.083333333333,3216.0,2807.0,1611.3771056436588,25:56,True,ARGENTINO (J),ARGENTINO (J) vs BOCA (005/12/2024 21:00),ARGENTINO (J),BOCA,BOCA,05/12/2024,13.910531716772454,5.65542928813044,1.1402075177682338,6.795636805898674,1.8243320284291742,1.8243320284291742,1.8699403291399035,0.5016913078180228,0.7297328113716697,3.4206225533047014,4.378396868230018,16.28216335373038,4.2871802668085595,2.5540648398008434,0.6841245106609404,2.5540648398008434,3.2837976511725135,1.8243320284291742,-12.496674394739845,14.275398122458288,78.85675192885105,38.12853939416974,35.43764965223671,9.364904412603094,9.59294591615674,1.575766789555699,13.056744327467598,127.98418912242028,128.06081106761434,2400.0,40.0,124.23701113602677,347.7670936110372,146.6762950857056,128.0225000950173,73.49217159258069,221.0,13.099041533546327,52.71493212669683,2.9904306220095696,15.958815958815958,9.237445753254804,0.3257918552036199,21.12676056338028,62.66666666666667,64.28571428571429,56.42296877312417,18.10294968189705,0.975609756097561,282.09999999999997,106.53905267570212,65.7700909797846,0.0,0.0,7.6243243243243235
226037,1913,70011,"ALONSO, F.","ALONSO, FRANCISCO BARTOLOME",0,,0.0,0.0,0.0,0.0,0.0,0.0,0.0,0.0,0.0,0.0,0.0,0.0,0.0,0.0,0.0,0.0,0.0,0.0,0.0,0.0,0.0,0.0,0.0,0.0,0.0,0.0,0.0,0.0,0.0,368.76,371.24,0.0,0.0,418.0,1000.0,424.0,370.0,0.0,00:00,False,UNION (SF),UNION (SF) vs SAN LORENZO (008/10/2024 21:30),UNION (SF),SAN LORENZO,SAN LORENZO,08/10/2024,0.0,0.0,0.0,0.0,0.0,0.0,0.0,0.0,0.0,0.0,0.0,0.0,0.0,0.0,0.0,0.0,0.0,0.0,0.0,0.0,0.0,0.0,0.0,0.0,0.0,0.0,0.0,14750.4,14849.6,0.0,0.0,16720.0,40000.0,16960.0,14800.0,0.0,0.0,,,,,,,,,,,,,0.0,,,0.0,0.0,
173215,1541,69636,"ALONSO, G.","ALONSO, GONZALO NICOLAS",8,16.727083333333333,43.0,14.0,5.0,19.0,9.0,7.0,9.0,0.0,2.0,15.0,5.0,20.0,5.0,9.0,10.0,25.0,3.0,3.0,-63.0,61.0,286.0,145.0,136.0,0.0,0.0,21.499999999999996,21.499999999999996,5.683333333333332,55.64,653.56,648.56,8029.0,133.81666666666666,663.0,1624.9333333333334,716.0,651.06,267.98713189056485,08:46,False,LA UNION FSA.,OLIMPICO (LB) vs LA UNION FSA. (017/11/2024 22:00),OLIMPICO (LB),LA UNION FSA.,OLIMPICO (LB),17/11/2024,12.8534064017935,4.184829991281605,1.49458213974343,5.6794121310250345,2.690247851538174,2.0924149956408025,2.690247851538174,0.0,0.597832855897372,4.48374641923029,1.49458213974343,5.97832855897372,1.49458213974343,2.690247851538174,2.98916427948686,7.4729106987171505,0.896749283846058,0.896749283846058,-18.831734960767218,18.23390210486985,85.4900983933242,43.342882052559474,40.6526342010213,6.426703200896748,6.426703200896748,1.6988416988416986,16.63171005106489,195.35982065014323,193.8652385103998,2400.0,40.0,198.18159172997883,485.71926765475155,214.0241624112592,194.61252958027148,80.10575620094104,49.0,14.754098360655737,40.816326530612244,3.4482758620689653,10.294117647058822,6.761565836298933,0.061224489795918366,28.57142857142857,35.714285714285715,50.0,41.63439194422928,21.328671328671327,1.0,33.1,77.28253055355859,45.268003305801656,0.0,0.0,4.1375
324343,88,69164,"ALORDA, F.","ALORDA, FRANCO",38,15.959649122807019,293.0,97.0,49.0,146.0,16.0,16.0,43.0,18.0,18.0,94.0,90.0,252.0,117.0,108.0,0.0,3.0,59.0,61.0,-185.0,322.0,1295.0,620.0,623.0,0.0,0.0,148.51666666666665,148.51666666666665,10.816666666666666,274.8,3015.08,2959.28,36388.0,606.4666666666667,2945.0,7624.816666666667,3034.0,2987.18,1188.1522417922333,16:36,False,SAN LORENZO,OBRAS vs SAN LORENZO (027/11/2024 19:00),OBRAS,SAN LORENZO,OBRAS,27/11/2024,19.325052215015937,6.397713531933604,3.2318346707705836,9.629548202704187,1.055292953721007,1.055292953721007,2.8360998131252058,1.1872045729361327,1.1872045729361327,6.199846103110915,5.936022864680663,16.62086402110586,7.716829724084863,7.123227437616796,0.0,0.1978674288226888,3.891392766846213,4.023304386061339,-12.201824777399143,21.237770693635266,85.41277344179399,40.89260195668902,41.0904693855117,9.795536990216554,9.795536990216554,0.713422007255139,18.124656480158293,198.86204243157084,195.18170825546886,2400.0,40.0,194.23985929427283,502.9009563592393,200.10992634934593,197.0218753435198,78.36554304444762,228.0,13.354037267080745,51.31578947368421,7.903225806451612,15.569823434991974,11.74577634754626,0.25877192982456143,0.0,52.0,49.166666666666664,52.172364672364665,24.864864864864867,0.37209302325581395,222.8,106.62299854439593,40.401991163308246,0.0,0.0,5.863157894736842
274664,2376,69996,"AMAN, G.","AMAN, GONZALO",2,1.0499999999999998,0.0,0.0,0.0,0.0,0.0,0.0,0.0,0.0,0.0,0.0,0.0,0.0,0.0,0.0,0.0,0.0,0.0,0.0,-3.0,0.0,5.0,3.0,1.0,0.0,0.0,1.6999999999999997,1.6999999999999997,0.4666666666666666,0.0,744.28,745.36,126.0,2.0999999999999996,797.0,2024.9833333333333,798.0,744.82,3.7771349337334335,00:00,False,PEÑAROL (MDP),PLATENSE vs PEÑAROL (MDP) (011/10/2024 22:05),PLATENSE,PEÑAROL (MDP),PLATENSE,11/10/2024,0.0,0.0,0.0,0.0,0.0,0.0,0.0,0.0,0.0,0.0,0.0,0.0,0.0,0.0,0.0,0.0,0.0,0.0,-57.14285714285715,0.0,95.23809523809526,57.14285714285715,19.04761904761905,32.38095238095238,32.38095238095238,8.88888888888889,0.0,14176.761904761906,14197.333333333336,2400.0000000000005,40.0,15180.952380952383,38571.11111111112,15200.000000000002,14187.047619047624,71.94542730920827,0.0,,,0.0,0.0,0.0,,,,,,0.0,,0.0,,0.5433290922127114,0.0,0.0,0.0
220210,1869,69992,"AMPRIMO, R.","AMPRIMO, ROMEO",3,2.2555555555555555,2.0,1.0,0.0,1.0,2.0,0.0,1.0,0.0,0.0,3.0,0.0,-1.0,1.0,0.0,0.0,2.0,0.0,0.0,-11.0,4.0,16.0,6.0,7.0,0.0,0.0,5.1,5.1,0.4666666666666667,4.0,616.24,600.56,406.0,6.766666666666667,702.0,1600.0166666666667,621.0,608.4,13.489099999999999,03:23,False,QUIMSA,QUIMSA vs LA UNION FSA. (015/11/2024 22:00),QUIMSA,LA UNION FSA.,LA UNION FSA.,15/11/2024,11.822660098522169,5.9113300492610845,0.0,5.9113300492610845,11.822660098522169,0.0,5.9113300492610845,0.0,0.0,17.733990147783253,0.0,-5.9113300492610845,5.9113300492610845,0.0,0.0,11.822660098522169,0.0,0.0,-65.02463054187191,23.645320197044338,94.58128078817735,35.467980295566505,41.37931034482759,30.147783251231527,30.147783251231527,2.7586206896551726,23.645320197044338,3642.7980295566504,3550.108374384236,2400.0,40.0,4149.753694581281,9458.226600985221,3670.9359605911327,3596.4532019704434,79.73852216748769,3.0,25.0,33.333333333333336,0.0,14.285714285714285,7.6923076923076925,0.0,0.0,100.0,,33.33333333333333,25.0,2.0,0.6000000000000005,50.0,2.2634363526924832,0.0,0.0,0.20000000000000018
327250,19,70600,"ANDERSON, A.","ANDERSON, ALPHONSO JORDAN",11,18.53030303030303,98.0,34.0,6.0,40.0,14.0,6.0,18.0,1.0,4.0,23.0,13.0,71.0,17.0,22.0,17.0,30.0,13.0,4.0,1.0,112.0,415.0,182.0,195.0,0.0,0.0,50.03333333333333,50.03333333333333,0.65,105.48,804.36,811.4,12230.0,203.83333333333334,894.0,2199.883333333333,838.0,807.88,372.8425942085189,21:14,False,BOCA,BOCA vs ZARATE BASKET (012/10/2024 11:30),BOCA,ZARATE BASKET,ZARATE BASKET,12/10/2024,19.231398201144724,6.672117743254292,1.177432542927228,7.84955028618152,2.747342600163532,1.177432542927228,3.5322976287816843,0.19623875715453803,0.7849550286181521,4.513491414554374,2.5511038430089945,13.932951757972198,3.336058871627146,4.317252657399836,3.336058871627146,5.8871627146361405,2.5511038430089945,0.7849550286181521,0.19623875715453803,21.978740801308255,81.43908421913326,35.715453802125914,38.26655764513491,9.81847914963205,9.81847914963205,0.12755519215044972,20.69926410466067,157.8466067048242,159.22812755519215,2400.0,40.0,175.43744889615698,431.70237121831553,164.44807849550287,158.53736713000816,73.1661673017535,86.0,16.071428571428573,49.41860465116279,3.296703296703297,17.435897435897434,10.610079575596817,0.1511627906976744,36.17021276595745,43.58974358974359,76.47058823529412,52.417629439452284,26.987951807228917,0.7777777777777778,74.30000000000003,92.90860826697003,47.87227547178986,0.0,0.0,6.754545454545457
325394,2376,69996,"ANDUJAR, L.","ANDUJAR, LUCAS",38,29.951754385964914,266.0,139.0,50.0,189.0,155.0,76.0,65.0,5.0,2.0,121.0,79.0,455.0,42.0,37.0,52.0,75.0,26.0,15.0,85.0,289.0,2281.0,1039.0,980.0,0.0,0.0,265.95,270.9166666666667,58.15,239.04,2798.76,2800.6,68290.0,1138.1666666666667,3085.0,7624.916666666667,2990.0,2799.6800000000003,2089.7558289787894,15:30,False,PEÑAROL (MDP),PLATENSE vs PEÑAROL (MDP) (011/10/2024 22:05),PLATENSE,PEÑAROL (MDP),PLATENSE,11/10/2024,9.348367257285107,4.885049055498609,1.7572118904671254,6.6422609459657345,5.447356860448088,2.6709620735100303,2.284375457607263,0.17572118904671252,0.07028847561868502,4.252452774930443,2.7763947869380576,15.990628203250841,1.4760579879923852,1.3003367989456727,1.8275003660858105,2.6358178357006876,0.9137501830429052,0.5271635671401377,2.987260213794113,10.156684726899986,80.16400644311027,36.51486308390687,34.44135305315566,9.34661004539464,9.52115975984771,2.0436374286132666,8.400878605945232,98.36028701127545,98.42495240884462,2399.9999999999995,40.0,108.41997364182163,267.9718846097525,105.08127104993409,98.39261971006005,73.44287581709027,206.0,22.491349480968857,58.25242718446602,4.8123195380173245,14.183673469387756,9.36106983655275,0.1262135922330097,40.94488188976378,53.16455696202531,63.41463414634146,59.364399214426,12.669881630863655,2.3846153846153846,349.5,111.27844712182062,79.71682458209523,0.0,0.0,9.197368421052632
272592,2314,69185,"APREA, J.","APREA, JULIAN PABLO",34,22.498039215686273,243.0,105.0,39.0,144.0,33.0,15.0,30.0,4.0,3.0,42.0,60.0,292.0,97.0,114.0,2.0,5.0,43.0,13.0,-165.0,275.0,1592.0,765.0,708.0,0.0,0.0,153.35,158.33333333333331,37.55,234.64,2742.28,2752.48,45896.0,764.9333333333333,2723.0,7210.866666666667,3077.0,2747.38,1460.5295283542973,26:43,True,ZARATE BASKET,BOCA vs ZARATE BASKET (012/10/2024 11:30),BOCA,ZARATE BASKET,BOCA,12/10/2024,12.70698971587938,5.490674568589856,2.039393411190518,7.530067979780374,1.725640578699669,0.7843820812271223,1.5687641624542445,0.20916855499389927,0.15687641624542445,2.1962698274359425,3.137528324908489,15.269304514554648,5.072337458602058,5.9613038173261295,0.10458427749694964,0.2614606937423741,2.2485619661844174,0.6797978037301726,-8.628202893498344,14.380338155830575,83.2490848875719,40.00348614258323,37.02283423392017,8.018999477078614,8.279588635175179,1.9635698100052292,12.269827435942132,143.39968624716755,143.93306606240196,2400.0000000000005,40.0,142.39149381209694,377.07164023008545,160.90291092905701,143.66637615478476,76.37421274294739,218.0,10.909090909090908,45.87155963302752,5.098039215686274,14.83050847457627,9.775967413441954,0.19724770642201836,28.57142857142857,45.97156398104265,76.78571428571429,50.07418397626113,17.27386934673367,1.1,225.3,103.56290487555404,59.53904574340945,0.0,0.0,6.626470588235295
324885,2025,69418,"ARAGON, J.","ARAGON, JUAN LUCAS",10,4.618333333333333,5.0,5.0,1.0,6.0,2.0,2.0,3.0,0.0,0.0,3.0,0.0,4.0,1.0,2.0,1.0,3.0,0.0,0.0,-1.0,10.0,105.0,44.0,39.0,0.0,0.0,28.849999999999998,28.849999999999998,2.166666666666667,9.0,1238.72,1253.4,2771.0,46.18333333333333,1304.0,3200.0,1450.0,1246.06,89.07138894239183,00:00,False,INDEPENDIENTE (O),INDEPENDIENTE (O) vs QUIMSA (030/11/2024 20:30),INDEPENDIENTE (O),QUIMSA,QUIMSA,30/11/2024,4.330566582461206,4.330566582461206,0.8661133164922412,5.196679898953446,1.7322266329844824,1.7322266329844824,2.598339949476723,0.0,0.0,2.598339949476723,0.0,3.464453265968965,0.8661133164922412,1.7322266329844824,0.8661133164922412,2.598339949476723,0.0,0.0,-0.8661133164922412,8.661133164922411,90.94189823168533,38.108985925658615,33.778419343197406,24.987369180801156,24.987369180801156,1.8765788523998561,7.7950198484301705,1072.871887405269,1085.5864308913751,2400.0000000000005,40.0,1129.4117647058824,2771.5626127751716,1255.8643089137495,1079.229159148322,77.14591608146533,7.0,30.0,35.714285714285715,2.272727272727273,12.82051282051282,7.228915662650602,0.0,25.0,33.33333333333333,,35.714285714285715,9.523809523809524,0.6666666666666666,4.300000000000002,55.55555555555556,8.31846869968015,0.0,0.0,0.43000000000000016
326911,1474,68570,"ARAUJO, T.","ARAUJO SIRE, THOMAS",2,5.425,2.0,1.0,0.0,1.0,0.0,1.0,0.0,0.0,0.0,2.0,1.0,-2.0,0.0,2.0,0.0,3.0,2.0,0.0,1.0,6.0,19.0,9.0,10.0,0.0,0.0,9.1,9.1,0.0,5.88,782.6,775.0,651.0,10.85,902.0,2200.0,851.0,778.8,18.9188880837292,00:00,False,GIMNASIA (CR),SAN MARTIN (C) vs GIMNASIA (CR) (004/12/2024 21:30),SAN MARTIN (C),GIMNASIA (CR),SAN MARTIN (C),04/12/2024,7.373271889400922,3.686635944700461,0.0,3.686635944700461,0.0,3.686635944700461,0.0,0.0,0.0,7.373271889400922,3.686635944700461,-7.373271889400922,0.0,7.373271889400922,0.0,11.059907834101384,7.373271889400922,0.0,3.686635944700461,22.11981566820277,70.04608294930875,33.17972350230415,36.86635944700461,33.54838709677419,33.54838709677419,0.0,21.67741935483871,2885.161290322581,2857.1428571428573,2400.0,40.0,3325.3456221198157,8110.599078341014,3137.327188940092,2871.1520737327187,69.74705284324129,5.0,0.0,0.0,0.0,10.0,5.263157894736842,0.4,0.0,0.0,100.0,17.006802721088434,31.57894736842105,,1.0,34.01360544217687,2.65450545481209,0.0,0.0,0.5
78377,1498,70040,"ARAUJO, M.","ARAUJO, MAXIMO",10,8.095,17.0,6.0,0.0,6.0,5.0,0.0,5.0,0.0,0.0,6.0,2.0,5.0,4.0,7.0,2.0,6.0,3.0,1.0,-3.0,26.0,156.0,67.0,89.0,0.0,0.0,41.3,41.3,1.3833333333333333,25.759999999999998,1295.96,1295.52,4857.0,80.95,1406.0,3650.0,1417.0,1295.74,142.98364259461607,00:00,False,ATENAS (C),ATENAS (C) vs ARGENTINO (J) (001/12/2024 20:30),ATENAS (C),ARGENTINO (J),ARGENTINO (J),01/12/2024,8.400247066090179,2.964793082149475,0.0,2.964793082149475,2.470660901791229,0.0,2.470660901791229,0.0,0.0,2.964793082149475,0.9882643607164916,2.470660901791229,1.9765287214329832,3.4589252625077203,0.9882643607164916,2.964793082149475,1.4823965410747375,0.4941321803582458,-1.4823965410747375,12.84743668931439,77.08462013588635,33.10685608400247,43.97776405188388,20.40765904879555,20.40765904879555,0.68354951616224,12.728844966028412,640.3755404570722,640.1581222977145,2400.0,40.0,694.7498455836935,1803.5824583075973,700.1852995676343,640.2668313773934,70.65281907084179,19.0,19.230769230769234,36.8421052631579,0.0,6.741573033707865,3.8461538461538463,0.15789473684210525,25.0,36.36363636363637,75.0,40.94412331406551,16.666666666666664,1.0,8.800000000000002,65.99378881987577,12.067588373244776,0.0,0.0,0.8800000000000002
96264,1932,69789,"ARIAS, J.","ARIAS, JUAN PABLO",9,2.598148148148148,8.0,2.0,0.0,2.0,2.0,2.0,1.0,0.0,0.0,4.0,3.0,4.0,3.0,5.0,0.0,3.0,2.0,0.0,3.0,13.0,49.0,23.0,25.0,0.0,0.0,20.883333333333333,20.883333333333333,1.2333333333333334,12.879999999999999,1318.12,1319.72,1403.0,23.383333333333333,1215.0,3600.05,1538.0,1318.92,43.32418303280077,01:43,False,ARGENTINO (J),INSTITUTO vs ARGENTINO (J) (029/11/2024 21:00),INSTITUTO,ARGENTINO (J),INSTITUTO,29/11/2024,13.684960798289382,3.4212401995723454,0.0,3.4212401995723454,3.4212401995723454,3.4212401995723454,1.7106200997861727,0.0,0.0,6.842480399144691,5.131860299358517,6.842480399144691,5.131860299358517,8.553100498930862,0.0,5.131860299358517,3.4212401995723454,0.0,5.131860299358517,22.238061297220245,83.82038488952246,39.34426229508197,42.765502494654314,35.72344975053457,35.72344975053457,2.1097647897362797,22.032786885245898,2254.8025659301497,2257.5395580898075,2400.0,40.0,2078.4034212402,6158.317890235211,2630.9337134711336,2256.171062009979,74.11121830272405,11.0,7.6923076923076925,27.272727272727273,0.0,8.0,4.166666666666666,0.18181818181818182,0.0,37.5,100.0,33.67003367003367,26.53061224489796,2.0,6.100000000000001,62.111801242236034,3.8304515136885398,0.0,0.0,0.6777777777777779
209515,1498,70040,"ARN BUSTAMANTE, L.","ARN BUSTAMANTE, LUCAS MARTIN",36,27.00462962962963,364.0,105.0,15.0,120.0,66.0,22.0,38.0,3.0,7.0,80.0,93.0,302.0,69.0,74.0,56.0,133.0,58.0,34.0,-91.0,412.0,1961.0,897.0,870.0,0.0,0.0,195.54999999999998,200.28333333333333,55.61666666666666,395.48,2761.4,2774.96,58330.0,972.1666666666666,2997.0,7649.933333333333,3058.0,2768.18,1764.8922229358664,38:14,True,ATENAS (C),ATENAS (C) vs ARGENTINO (J) (001/12/2024 20:30),ATENAS (C),ARGENTINO (J),ARGENTINO (J),01/12/2024,14.976855820332592,4.320246871249786,0.6171781244642551,4.937424995714041,2.7155837476427225,0.9051945825475742,1.5635179153094465,0.12343562489285102,0.28801645808331905,3.2916166638093607,3.826504371678382,12.425852905880337,2.8390193725355735,3.0447454140236587,2.3041316646665524,5.4723127035830625,2.3864220812617862,1.3989370821189784,-3.744213955083148,16.951825818618207,80.68575347162695,36.90725184296246,35.796331218926795,8.045945482599006,8.24069946854106,2.2883593348191322,16.272106977541576,113.6183781930396,114.17630721755529,2400.0,40.0,123.31218926795816,314.75810046288365,125.82204697411282,113.89734270529745,72.61685813554054,332.0,9.223300970873787,46.08433734939759,1.6722408026755853,12.068965517241379,6.791171477079796,0.1746987951807229,29.629629629629626,48.25174825174825,63.04347826086957,48.86168384879725,21.009688934217234,1.736842105263158,293.1000000000001,92.04005259431577,70.43193541383512,0.0,0.0,8.14166666666667
275526,2305,69510,"ASCANIO, J.","ASCANIO SOLORZANO, JOSE GREGORIO",24,28.392361111111114,295.0,84.0,34.0,118.0,24.0,28.0,18.0,11.0,6.0,62.0,65.0,321.0,58.0,50.0,41.0,68.0,56.0,16.0,85.0,266.0,1442.0,652.0,693.0,0.0,0.0,123.95,123.95,32.133333333333326,232.68,1800.8,1821.04,40885.0,681.4166666666667,1974.0,4799.916666666667,1843.0,1810.92,1284.0838177180874,32:26,True,OBERA,OBERA vs RIACHUELO (LR) (001/12/2024 21:00),OBERA,RIACHUELO (LR),RIACHUELO (LR),01/12/2024,17.316864375687903,4.9309037544331655,1.9958419958419957,6.9267457502751615,1.4088296441237615,1.6436345848110554,1.0566222330928212,0.6457135868900574,0.3522074110309404,3.639476580653051,3.815580286168521,18.84309649015531,3.4046716399657573,2.9350617585911696,2.4067506420447593,3.9916839916839915,3.287269169622111,0.9392197627491744,4.989604989604989,15.614528555705025,84.64718111776934,38.27320533202886,40.679955974073614,7.276018099547511,7.276018099547511,1.8862663568545914,13.658603399779869,105.70918429741958,106.89729729729729,2399.9999999999995,40.0,115.87623822917939,281.7610370551547,108.18637642167053,106.30324079735844,75.37730616420225,217.0,6.7669172932330826,55.06912442396313,5.214723926380368,12.121212121212121,8.773234200743495,0.25806451612903225,37.61467889908257,53.70370370370371,77.77777777777779,59.31317355637768,18.446601941747574,1.3333333333333333,282.2,126.78356541172427,72.16618391425881,0.0,0.0,11.758333333333333
274147,1913,70011,"ASTULFI, S.","ASTULFI BOGLIC, SEGUNDO",2,1.8833333333333333,0.0,0.0,0.0,0.0,0.0,0.0,0.0,0.0,0.0,1.0,0.0,-1.0,0.0,0.0,0.0,0.0,0.0,0.0,6.0,0.0,8.0,3.0,4.0,0.0,0.0,3.25,3.25,0.7333333333333333,0.0,1117.44,1134.4,226.0,3.7666666666666666,1179.0,3000.016666666667,1264.0,1125.92,7.235523540521025,02:52,False,UNION (SF),REGATAS (C) vs UNION (SF) (001/11/2024 21:30),REGATAS (C),UNION (SF),REGATAS (C),01/11/2024,0.0,0.0,0.0,0.0,0.0,0.0,0.0,0.0,0.0,10.619469026548673,0.0,-10.619469026548673,0.0,0.0,0.0,0.0,0.0,0.0,63.716814159292035,0.0,84.95575221238938,31.858407079646017,42.47787610619469,34.51327433628319,34.51327433628319,7.787610619469026,0.0,11866.619469026551,12046.725663716816,2400.0,40.0,12520.353982300885,31858.584070796463,13423.008849557522,11956.672566371682,76.83741812942682,0.0,,,0.0,0.0,0.0,,,,,,0.0,,-0.4,,0.7214838325061869,0.0,0.0,-0.2
165056,1474,68570,"AYALA, V.","AYALA, VALENTINO",3,3.5277777777777772,0.0,0.0,0.0,0.0,0.0,0.0,0.0,0.0,0.0,1.0,0.0,-6.0,0.0,1.0,0.0,4.0,0.0,0.0,-2.0,5.0,19.0,10.0,10.0,0.0,0.0,10.0,10.0,0.0,5.0,2715.08,2700.44,635.0,10.583333333333332,3050.0,7400.066666666667,2906.0,2707.76,19.57531205871733,00:00,False,GIMNASIA (CR),SAN MARTIN (C) vs GIMNASIA (CR) (004/12/2024 21:30),SAN MARTIN (C),GIMNASIA (CR),SAN MARTIN (C),04/12/2024,0.0,0.0,0.0,0.0,0.0,0.0,0.0,0.0,0.0,3.7795275590551185,0.0,-22.67716535433071,0.0,3.7795275590551185,0.0,15.118110236220474,0.0,0.0,-7.559055118110237,18.897637795275593,71.81102362204724,37.795275590551185,37.795275590551185,37.795275590551185,37.795275590551185,0.0,18.897637795275593,10261.71968503937,10206.387401574804,2400.0000000000005,40.0,11527.55905511811,27968.75590551181,10983.307086614175,10234.053543307089,73.98543140302614,5.0,0.0,0.0,0.0,0.0,0.0,0.0,0.0,0.0,,0.0,26.31578947368421,,-1.9,0.0,0.7758667511511591,0.0,0.0,-0.6333333333333333
189265,2305,69510,"AZPILICUETA, A.","AZPILICUETA PASQUALINI, ALEJO",30,8.58,83.0,32.0,10.0,42.0,6.0,3.0,10.0,3.0,1.0,40.0,14.0,55.0,11.0,9.0,13.0,29.0,22.0,7.0,-6.0,85.0,529.0,235.0,247.0,0.0,0.0,105.74999999999999,105.74999999999999,9.066666666666666,74.76,2541.72,2551.6,15444.0,257.4,2775.0,6799.833333333333,2626.0,2546.66,482.34491219889236,05:04,False,OBERA,OBERA vs RIACHUELO (LR) (001/12/2024 21:00),OBERA,RIACHUELO (LR),RIACHUELO (LR),01/12/2024,12.8982128982129,4.9728049728049735,1.5540015540015542,6.526806526806528,0.9324009324009325,0.46620046620046623,1.5540015540015542,0.46620046620046623,0.15540015540015542,6.216006216006217,2.1756021756021755,8.547008547008549,1.7094017094017095,1.3986013986013988,2.0202020202020203,4.506604506604507,3.418803418803419,1.0878010878010878,-0.9324009324009325,13.209013209013209,82.20668220668222,36.519036519036526,38.38383838383839,16.433566433566433,16.433566433566433,1.408961408961409,11.617715617715621,394.98368298368297,396.5190365190365,2400.0000000000005,40.0,431.2354312354313,1056.6951566951568,408.0808080808081,395.7513597513598,74.9564743121822,62.0,11.76470588235294,49.193548387096776,4.25531914893617,12.955465587044534,8.71369294605809,0.3548387096774194,30.952380952380953,55.00000000000001,75.86206896551724,55.510968432316744,16.068052930056712,0.6,61.5,111.02193686463349,19.530444332412763,0.0,0.0,2.05
224669,2025,69418,"BALLARENA, S.","BALLARENA, SANTIAGO",1,0.7166666666666667,0.0,0.0,0.0,0.0,0.0,0.0,0.0,0.0,0.0,0.0,0.0,0.0,0.0,0.0,0.0,0.0,0.0,0.0,3.0,0.0,2.0,0.0,1.0,0.0,0.0,0.7,0.7,0.0,0.0,75.8,77.32,43.0,0.7166666666666667,93.0,200.0,100.0,76.56,1.3717000000000001,00:43,False,INDEPENDIENTE (O),INDEPENDIENTE (O) vs OBRAS (021/12/2024 20:30),INDEPENDIENTE (O),OBRAS,OBRAS,21/12/2024,0.0,0.0,0.0,0.0,0.0,0.0,0.0,0.0,0.0,0.0,0.0,0.0,0.0,0.0,0.0,0.0,0.0,0.0,120.0,0.0,80.0,0.0,40.0,28.0,28.0,0.0,0.0,3032.0,3092.7999999999997,1720.0,28.666666666666668,3720.0,8000.0,4000.0,3062.4,54.86800000000001,0.0,,,,0.0,0.0,,,,,,0.0,,0.0,,2.340443102509259,0.0,0.0,0.0
326054,1426,69281,"BANEGAS, J.","BANEGAS, JORGE EMMANUEL",20,20.134999999999998,155.0,40.0,5.0,45.0,21.0,6.0,21.0,1.0,4.0,36.0,30.0,96.0,20.0,22.0,30.0,70.0,25.0,9.0,0.0,176.0,810.0,400.0,353.0,0.0,0.0,147.18333333333334,147.38333333333335,21.966666666666665,172.96,1473.88,1464.08,24162.0,402.7,1486.0,4024.9166666666665,1463.0,1468.98,733.4012464484443,15:16,True,SAN MARTIN (C),SAN MARTIN (C) vs GIMNASIA (CR) (004/12/2024 21:30),SAN MARTIN (C),GIMNASIA (CR),GIMNASIA (CR),04/12/2024,15.396076483734792,3.973181028060591,0.4966476285075739,4.469828656568165,2.0859200397318105,0.5959771542090887,2.0859200397318105,0.09932952570151478,0.3973181028060591,3.575862925254532,2.9798857710454434,9.53563446734542,1.9865905140302955,2.1852495654333253,2.9798857710454434,6.953066799106034,2.4832381425378696,0.893965731313633,0.0,17.481996523466602,80.45691581822696,39.73181028060591,35.06332257263472,14.619650691167951,14.639516596308255,2.1819385812432746,17.180034765333996,146.3998013409486,145.42637198907374,2400.0,40.0,147.60367519245096,399.7930634881219,145.31909610131612,145.91308666501118,72.84839795862372,142.0,11.931818181818182,45.774647887323944,1.25,11.3314447592068,5.9760956175298805,0.176056338028169,30.0,47.61904761904761,73.52941176470588,49.3756371049949,21.728395061728396,1.0,110.29999999999998,89.61609620721553,49.72319607465437,0.0,0.0,5.514999999999999
326704,80,70071,"BANYARD, N.","BANYARD, NICHOLAS RYAN",8,21.15625,107.0,37.0,7.0,44.0,2.0,3.0,15.0,8.0,2.0,23.0,37.0,111.0,30.0,25.0,2.0,5.0,41.0,20.0,-27.0,105.0,332.0,142.0,139.0,0.0,0.0,49.88333333333334,53.2,17.166666666666664,96.84,583.8,571.44,10155.0,169.25,644.0,1625.0,657.0,577.62,301.47181549571667,25:10,True,PLATENSE,PLATENSE vs PEÑAROL (MDP) (011/10/2024 22:05),PLATENSE,PEÑAROL (MDP),PEÑAROL (MDP),11/10/2024,25.288035450516986,8.744460856720828,1.654357459379616,10.398818316100442,0.47267355982274745,0.7090103397341212,3.5450516986706053,1.8906942392909898,0.47267355982274745,5.435745937961595,8.744460856720828,26.233382570162483,7.090103397341211,5.908419497784343,0.47267355982274745,1.1816838995568686,9.689807976366323,4.726735598227474,-6.381093057607091,24.815361890694238,78.46381093057607,33.55982274741506,32.85081240768095,11.789266371245692,12.573116691285083,4.057114721811915,22.88685376661743,137.97341211225995,135.0522895125554,2400.0,40.0,152.20088626292468,384.0472673559822,155.27326440177254,136.5128508124077,71.24887810829345,62.0,14.285714285714285,53.225806451612904,4.929577464788732,26.618705035971225,15.658362989323843,0.6612903225806451,28.57142857142857,54.54545454545454,67.21311475409836,60.22062134173795,31.626506024096386,0.13333333333333333,82.2,110.49153242461793,59.371409328613744,0.0,0.0,10.275
213133,1903,69941,"BARCO, J.","BARCO, JEREMIAS",13,4.478205128205128,20.0,13.0,2.0,15.0,2.0,1.0,1.0,0.0,1.0,3.0,0.0,22.0,4.0,0.0,4.0,11.0,0.0,0.0,30.0,20.0,125.0,58.0,58.0,0.0,0.0,25.983333333333334,25.983333333333334,2.1999999999999997,19.0,1764.72,1765.88,3493.0,58.21666666666667,1973.0,4800.166666666667,1814.0,1765.3,109.33397334061672,06:55,False,RIACHUELO (LR),RIACHUELO (LR) vs OLIMPICO (LB) (009/11/2024 20:30),RIACHUELO (LR),OLIMPICO (LB),OLIMPICO (LB),09/11/2024,13.741769252791297,8.932150014314344,1.3741769252791296,10.306326939593474,1.3741769252791296,0.6870884626395648,0.6870884626395648,0.0,0.6870884626395648,2.0612653879186946,0.0,15.115946178070425,2.748353850558259,0.0,2.748353850558259,7.557973089035213,0.0,0.0,20.612653879186947,13.741769252791297,85.88605782994561,39.85113083309476,39.85113083309476,17.85284855425136,17.85284855425136,1.5115946178070425,13.054680790151732,1212.5187517892928,1213.315774405955,2400.0,40.0,1355.6255367878614,3298.1391354136845,1246.3784712281706,1212.9172630976238,75.12211165687951,19.0,5.0,52.63157894736842,3.4482758620689653,22.413793103448278,12.931034482758621,0.0,26.666666666666668,100.0,,52.63157894736842,16.0,2.0,19.8,105.26315789473684,6.364369977886686,0.0,0.0,1.5230769230769232
17182,76,69063,"BARRAL, P.","BARRAL, PEDRO",37,26.68243243243243,404.0,108.0,11.0,119.0,178.0,26.0,70.0,2.0,8.0,77.0,104.0,500.0,109.0,76.0,37.0,79.0,75.0,23.0,143.0,411.0,2011.0,838.0,962.0,0.0,0.0,194.2,209.2,58.06666666666666,403.12,2748.76,2776.96,59235.0,987.25,3052.0,7500.166666666667,2938.0,2762.86,1818.8253891204354,26:08,True,OBRAS,OBRAS vs SAN LORENZO (027/11/2024 19:00),OBRAS,SAN LORENZO,SAN LORENZO,27/11/2024,16.368700936946063,4.37579133957964,0.4456824512534819,4.821473790833123,7.211952393010889,1.0534312484173207,2.8361610534312485,0.08103317295517852,0.3241326918207141,3.1197771587743732,4.213724993669283,20.258293238794632,4.41630792605723,3.0792605722967843,1.4991136996708025,3.2008103317295515,3.0387439858191945,0.931881488984553,5.793871866295265,16.652317042289187,81.478855406432,33.952899468219805,38.97695619144087,7.868321093947834,8.476069891111674,2.35266312146535,16.333046340845783,111.37037224613827,112.51293998480628,2400.0,40.0,123.65662192960244,303.88115134633244,119.03773107115725,111.94165611547227,73.69259616593305,301.0,17.0316301703163,54.651162790697676,1.3126491646778042,11.226611226611228,6.611111111111111,0.24916943521594684,31.896551724137932,58.91891891891892,76.53061224489795,58.700453330233636,20.437593237195426,2.5428571428571427,395.7999999999999,100.21829728120659,70.0061755846524,0.0,0.0,10.697297297297295
219346,80,70071,"BARRALES, S.","BARRALES, SANTIAGO",38,25.214912280701753,254.0,115.0,32.0,147.0,37.0,33.0,25.0,0.0,3.0,98.0,27.0,250.0,47.0,45.0,47.0,72.0,19.0,5.0,-98.0,246.0,1901.0,864.0,810.0,0.0,0.0,204.61666666666665,209.93333333333334,44.416666666666664,214.56,2807.84,2771.52,57490.0,958.1666666666666,3018.0,7650.033333333333,3125.0,2789.68,1743.3779815553785,29:33,True,PLATENSE,PLATENSE vs PEÑAROL (MDP) (011/10/2024 22:05),PLATENSE,PEÑAROL (MDP),PEÑAROL (MDP),11/10/2024,10.603583231866411,4.800834927813533,1.3358845016524614,6.136719429465995,1.5446164550356585,1.3776308923291007,1.0436597669159855,0.0,0.12523917202991824,4.0911462863106625,1.1271525482692644,10.436597669159855,1.9620803618020526,1.8785875804487737,1.9620803618020526,3.005740128718038,0.7931814228561489,0.2087319533831971,-4.0911462863106625,10.269612106453296,79.35988867629153,36.06888154461646,33.81457644807793,8.542007305618368,8.763958949382502,1.854235519220734,8.957105583579754,117.21718559749522,115.70095668811967,2400.0,40.0,125.99060706209777,319.3612802226474,130.4574708644982,116.45907114280745,72.77973831506189,211.0,10.16260162601626,55.687203791469194,3.7037037037037033,14.19753086419753,8.781362007168457,0.09004739336492891,39.49579831932773,51.08695652173913,79.16666666666666,57.32081603177469,12.940557601262492,1.48,240.3,118.38180462341536,70.00856967245281,0.0,0.0,6.3236842105263165
270337,2305,69510,"BARREIRO, A.","BARREIRO, AGUSTIN",38,32.65482456140351,483.0,296.0,77.0,373.0,62.0,38.0,44.0,9.0,7.0,88.0,111.0,711.0,130.0,93.0,47.0,107.0,82.0,26.0,125.0,465.0,2590.0,1140.0,1200.0,0.0,0.0,270.1,270.1,69.71666666666665,391.52,2851.32,2848.88,74453.0,1240.8833333333334,3137.0,7599.616666666667,2956.0,2850.1,2324.327209734479,27:51,True,OBERA,OBERA vs RIACHUELO (LR) (001/12/2024 21:00),OBERA,RIACHUELO (LR),RIACHUELO (LR),01/12/2024,15.56955394678522,9.54158999637355,2.482102803110687,12.023692799484238,1.9985762830241895,1.2249338508857937,1.4183444589203926,0.29011591205189846,0.22564570937369882,2.8366889178407853,3.5780962486400814,22.91915705209998,4.190563174082978,2.9978644245362847,1.5150497629376922,3.449155843283682,2.6432783098061865,0.8381126348165956,4.029387667387479,14.989322122681422,83.48891246826855,36.74801552657381,38.6821216069198,8.706700871690865,8.706700871690865,2.247323815024243,12.620686876284367,91.91258915020214,91.83393550293474,2399.9999999999995,40.0,101.12151290075617,244.9744133883121,95.28695955837911,91.87326232656844,74.92492315101808,377.0,9.46236559139785,53.183023872679044,6.754385964912281,24.666666666666668,15.940170940170939,0.21750663129973474,30.519480519480517,58.29596412556054,75.92592592592592,56.88777913879205,17.953667953667953,1.4090909090909092,510.69999999999993,123.36534532080098,84.5827068146139,0.0,0.0,13.439473684210524
324887,2025,69418,"BARRIONUEVO, F.","BARRIONUEVO, FELIPE",38,14.044736842105264,131.0,46.0,10.0,56.0,49.0,19.0,37.0,1.0,5.0,59.0,33.0,107.0,23.0,23.0,24.0,47.0,13.0,11.0,-71.0,164.0,1121.0,493.0,517.0,0.0,0.0,135.28333333333333,135.28333333333333,12.033333333333331,155.56,2922.2,2941.84,32022.0,533.7,3237.0,7599.916666666667,3348.0,2932.02,1023.7034803490379,11:45,False,INDEPENDIENTE (O),INDEPENDIENTE (O) vs QUIMSA (030/11/2024 20:30),INDEPENDIENTE (O),QUIMSA,QUIMSA,30/11/2024,9.818249953157203,3.4476297545437506,0.7494847292486415,4.197114483792392,3.672475173318343,1.4240209855724189,2.7730934982199735,0.07494847292486415,0.37474236462432076,4.421959902566985,2.4732996065205173,8.019486602960464,1.7238148772718753,1.7238148772718753,1.7987633501967395,3.5225782274686153,0.974330148023234,0.8244332021735057,-5.321341577665355,12.291549559677721,84.01723814877272,36.949597151958024,38.74836050215477,10.139279245518704,10.139279245518704,0.9018799575291985,11.658984448191866,219.014427581038,220.48641558928236,2399.9999999999995,40.0,242.60820685778526,569.6021485228905,250.92748735244516,219.75042158516018,76.72501258002907,117.0,22.5609756097561,50.427350427350426,2.028397565922921,8.897485493230175,5.544554455445545,0.1111111111111111,33.80281690140845,50.0,54.166666666666664,51.348385073690814,14.62979482604817,1.3243243243243243,105.70000000000002,84.21187966058112,39.868568642869434,0.0,0.0,2.7815789473684216
150727,76,69063,"BARRIOS, L.","BARRIOS, LAUTARO",2,1.6583333333333332,0.0,0.0,0.0,0.0,0.0,0.0,0.0,0.0,0.0,0.0,0.0,-1.0,0.0,0.0,0.0,1.0,0.0,0.0,3.0,1.0,6.0,3.0,2.0,0.0,0.0,2.6500000000000004,2.6500000000000004,0.15,1.0,673.6800000000001,691.48,199.0,3.3166666666666664,757.0,1825.0666666666666,711.0,682.58,6.168558318314561,00:00,False,OBRAS,OBRAS vs SAN LORENZO (027/11/2024 19:00),OBRAS,SAN LORENZO,SAN LORENZO,27/11/2024,0.0,0.0,0.0,0.0,0.0,0.0,0.0,0.0,0.0,0.0,0.0,-12.06030150753769,0.0,0.0,0.0,12.06030150753769,0.0,0.0,36.18090452261307,12.06030150753769,72.36180904522614,36.18090452261307,24.12060301507538,31.95979899497488,31.95979899497488,1.8090452261306533,12.06030150753769,8124.783919597992,8339.457286432162,2400.0000000000005,40.0,9129.64824120603,22010.854271356784,8574.874371859298,8232.120603015077,74.39467318570325,1.0,0.0,0.0,0.0,0.0,0.0,0.0,0.0,,,0.0,16.666666666666664,,-0.29999999999999993,0.0,0.9414992925551899,0.0,0.0,-0.14999999999999997
231473,1790,69616,"BARROS, A.","BARROS, AGUSTIN",7,1.8404761904761904,3.0,1.0,0.0,1.0,0.0,0.0,0.0,0.0,0.0,0.0,0.0,3.0,0.0,0.0,1.0,1.0,0.0,0.0,0.0,2.0,22.0,6.0,15.0,0.0,0.0,11.316666666666666,11.316666666666666,2.35,2.0,907.44,905.84,773.0,12.883333333333333,1018.0,2425.0,873.0,906.64,24.66801215025582,00:00,False,INSTITUTO,INSTITUTO vs QUIMSA (002/12/2024 22:10),INSTITUTO,QUIMSA,QUIMSA,02/12/2024,9.314359637774904,3.104786545924968,0.0,3.104786545924968,0.0,0.0,0.0,0.0,0.0,0.0,0.0,9.314359637774904,0.0,0.0,3.104786545924968,3.104786545924968,0.0,0.0,0.0,6.209573091849936,68.30530401034929,18.62871927554981,46.57179818887451,35.13583441138422,35.13583441138422,7.296248382923674,6.209573091849936,2817.407503234153,2812.4398447606727,2400.0,40.0,3160.6727037516175,7529.107373868047,2710.478654592497,2814.923673997413,76.5889122388279,2.0,0.0,75.0,0.0,6.666666666666667,4.761904761904762,0.0,50.0,,,75.0,9.090909090909092,,2.6999999999999997,150.0,2.6198654284099487,0.0,0.0,0.3857142857142857
272028,1869,69992,"BASABE, E.","BASABE, EMILIANO GUILLERMO",37,20.783333333333335,220.0,94.0,28.0,122.0,45.0,36.0,26.0,1.0,8.0,86.0,45.0,231.0,53.0,39.0,27.0,68.0,33.0,11.0,187.0,232.0,1624.0,714.0,736.0,0.0,0.0,122.95,127.95,28.766666666666662,204.36,2847.24,2821.08,46139.0,768.9833333333333,3229.0,7450.05,2903.0,2834.16,1459.0239979339742,18:26,True,QUIMSA,INSTITUTO vs QUIMSA (002/12/2024 22:10),INSTITUTO,QUIMSA,INSTITUTO,02/12/2024,11.443681050737988,4.889572812588049,1.4564684973666528,6.3460413099547015,2.3407529421964064,1.872602353757125,1.352435033269035,0.052016732048809036,0.4161338563904723,4.473438956197577,2.3407529421964064,12.015865103274887,2.756886798586879,2.028652549903552,1.404451765317844,3.537137779319014,1.7165521576106981,0.5721840525368994,9.72712889312729,12.067881835323695,84.47517284726587,37.13994668284965,38.28431478792345,6.395457205401071,6.655540865645115,1.496347991937406,10.630139361494615,148.10412015865103,146.74336244825417,2400.0,40.0,167.96202778560433,387.52725460022975,151.0045731376926,147.4237413034526,75.89366035331363,187.0,11.206896551724139,50.0,3.9215686274509802,12.771739130434783,8.413793103448276,0.17647058823529413,28.421052631578945,57.608695652173914,75.0,53.304904051172706,14.285714285714285,1.7307692307692308,215.09999999999994,107.65316108827558,52.731483882070656,0.0,0.0,5.813513513513512
223223,1869,69992,"BASTARDO, R.","BASTARDO JOSE, RAYMON SCARLIN",5,2.9833333333333334,4.0,1.0,1.0,2.0,0.0,2.0,0.0,0.0,0.0,2.0,3.0,4.0,1.0,3.0,0.0,0.0,2.0,2.0,-10.0,6.0,27.0,15.0,14.0,0.0,0.0,8.15,8.15,2.283333333333333,4.76,850.04,843.04,895.0,14.916666666666668,1037.0,2225.016666666667,854.0,846.54,28.879560076878107,00:00,False,QUIMSA,QUIMSA vs INSTITUTO (007/05/2025 22:00),QUIMSA,INSTITUTO,INSTITUTO,07/05/2025,10.726256983240223,2.6815642458100557,2.6815642458100557,5.363128491620111,0.0,5.363128491620111,0.0,0.0,0.0,5.363128491620111,8.044692737430166,10.726256983240223,2.6815642458100557,8.044692737430166,0.0,0.0,5.363128491620111,5.363128491620111,-26.815642458100555,16.089385474860332,72.4022346368715,40.22346368715083,37.541899441340775,21.854748603351958,21.854748603351958,6.12290502793296,12.764245810055865,2279.4368715083797,2260.665921787709,2399.9999999999995,40.0,2780.782122905028,5966.525139664805,2290.0558659217877,2270.0513966480444,77.44239573687983,4.0,0.0,25.0,6.666666666666667,7.142857142857142,6.896551724137931,0.5,,25.0,50.0,34.72222222222222,22.22222222222222,,4.2,84.03361344537815,3.4416040187491093,0.0,0.0,0.8400000000000001
264886,88,69164,"BASUALDO, I.","BASUALDO, IVAN NICOLAS",38,26.012719298245614,377.0,286.0,93.0,379.0,107.0,60.0,99.0,16.0,12.0,117.0,98.0,645.0,173.0,125.0,1.0,2.0,28.0,37.0,42.0,430.0,2139.0,948.0,980.0,0.0,0.0,245.51666666666668,250.51666666666668,45.43333333333333,335.6,3015.08,2959.28,59309.0,988.4833333333333,2945.0,7624.816666666667,3034.0,2987.18,1938.5774581175908,23:24,True,SAN LORENZO,OBRAS vs SAN LORENZO (027/11/2024 19:00),OBRAS,SAN LORENZO,OBRAS,27/11/2024,15.255694751218197,11.57328567333794,3.763341145525974,15.336626818863916,4.329865619046013,2.427962029371596,4.006137348463134,0.647456541165759,0.4855924058743193,4.734525957274612,3.965671314640274,26.100591815744657,7.000623851354769,5.058254227857492,0.04046603382285994,0.08093206764571988,1.1330489470400782,1.4972432514458176,1.6995734205601174,17.400394543829773,86.5568463470974,38.36180006407122,39.65671314640274,9.935085737409162,10.137415906523461,1.8385068033519363,13.580400950951796,122.00832925862854,119.75032457131294,2400.0,40.0,119.17246960832252,308.5460891264395,122.77394661855706,120.87932691497073,78.44654098842027,301.0,23.02325581395349,57.9734219269103,9.81012658227848,29.183673469387756,19.657676348547717,0.09302325581395349,33.33333333333333,58.053691275167786,43.07692307692308,57.19053398058252,20.1028517999065,1.0808080808080809,423.10000000000014,112.33611442193086,65.9194895883985,0.0,0.0,11.134210526315792
326506,1903,69941,"BECTON, R.","BECTON, REGINALD GEQUAN",35,20.17238095238095,373.0,179.0,81.0,260.0,34.0,13.0,38.0,32.0,7.0,93.0,167.0,568.0,134.0,91.0,1.0,6.0,102.0,76.0,127.0,347.0,1446.0,620.0,670.0,0.0,0.0,98.24999999999999,98.24999999999999,33.88333333333333,267.32,2584.92,2594.88,42362.0,706.0333333333333,2871.0,6999.916666666667,2733.0,2589.9,1303.31487112301,19:29,True,RIACHUELO (LR),UNION (SF) vs RIACHUELO (LR) (003/12/2024 21:00),UNION (SF),RIACHUELO (LR),UNION (SF),03/12/2024,21.132146735281623,10.141164250979653,4.5890184599405135,14.730182710920165,1.9262546621972523,0.7365091355460083,2.15287285774987,1.8129455644209433,0.39658184221708137,5.268873046598367,9.4613096643218,32.179783768471744,7.591709551012701,5.155563948822057,0.05665454888815448,0.33992729332892685,5.778763986591757,4.30574571549974,7.195127708795619,19.659128464189607,81.92247769227137,35.125820310655776,37.9585477550635,5.566309428261177,5.566309428261177,1.9196449648269676,15.144894008781456,146.4474765119683,147.0117558188943,2400.0,40.0,162.65520985789152,396.57712100467404,154.8368821113262,146.7296161654313,73.83871608269733,232.0,10.951008645533141,58.4051724137931,13.064516129032258,26.71641791044776,20.155038759689923,0.4396551724137931,14.285714285714285,59.55555555555555,57.30337078651685,60.099252384635214,23.997233748271093,0.8947368421052632,367.40000000000003,139.53314379769566,53.10367741152074,0.0,0.0,10.497142857142858
93423,2376,69996,"BEDNAREK, I.","BEDNAREK, IGNACIO NICOLAS",32,16.829166666666666,147.0,80.0,35.0,115.0,13.0,10.0,8.0,12.0,3.0,72.0,29.0,194.0,54.0,41.0,0.0,1.0,39.0,7.0,-173.0,124.0,1088.0,542.0,454.0,0.0,0.0,110.81666666666666,110.81666666666666,11.033333333333331,89.36,2716.84,2740.36,32312.0,538.5333333333333,2821.0,7425.016666666666,3087.0,2728.6,984.6478557890118,35:29,True,PEÑAROL (MDP),PLATENSE vs PEÑAROL (MDP) (011/10/2024 22:05),PLATENSE,PEÑAROL (MDP),PLATENSE,11/10/2024,10.918544194107454,5.942064867541471,2.5996533795493937,8.541718247090865,0.965585540975489,0.7427581084426839,0.5942064867541471,0.8913097301312206,0.22282743253280515,5.347858380787324,2.153998514483783,14.409507303788068,4.010893785590493,3.0453082446150037,0.0,0.07427581084426839,2.8967566229264667,0.5199306759098787,-12.849715276058431,9.210200544689279,80.812082198564,40.25748947759347,33.721218123297845,8.230997771725674,8.230997771725674,0.8195097796484276,6.637286457043823,201.79549393414214,203.54246100519933,2400.0,40.0,209.5320623916811,551.4991334488735,229.2894280762565,202.66897746967072,73.1355178847991,96.0,6.451612903225806,56.25,6.4575645756457565,17.62114537444934,11.546184738955825,0.40625,0.0,56.84210526315789,84.78260869565217,63.231245698554716,11.397058823529411,1.625,154.60000000000002,164.503133393017,40.82685126166037,0.0,0.0,4.831250000000001
326952,1913,70011,"BELL, R.","BELL, RANDY TYREE",15,20.42777777777778,141.0,39.0,1.0,40.0,25.0,17.0,22.0,0.0,4.0,33.0,41.0,114.0,32.0,44.0,16.0,36.0,29.0,11.0,-27.0,167.0,611.0,280.0,301.0,0.0,0.0,59.41666666666666,59.41666666666666,7.583333333333334,166.6,1115.92,1133.44,18385.0,306.4166666666667,1143.0,2999.9166666666665,1231.0,1124.68,573.6052208572944,15:20,True,UNION (SF),UNION (SF) vs RIACHUELO (LR) (003/12/2024 21:00),UNION (SF),RIACHUELO (LR),RIACHUELO (LR),03/12/2024,18.406309491433234,5.091106880609192,0.13054120206690234,5.2216480826760945,3.263530051672559,2.21920043513734,2.871906445471852,0.0,0.5221648082676094,4.307859668207778,5.352189284742996,14.881697035626868,4.177318466140875,5.743812890943704,2.0886592330704374,4.699483274408484,3.7856948599401683,1.435953222735926,-3.5246124558063636,21.800380745172696,79.76067446287735,36.55153657873266,39.29290182213761,7.756323089475114,7.756323089475114,0.989937449007343,21.74816426434593,145.6735382104977,147.9606200707098,2399.9999999999995,40.0,149.2085939624694,391.6127277672015,160.6962197443568,146.81707914060377,74.87911504256222,128.0,13.17365269461078,43.75,0.35714285714285715,12.956810631229235,6.884681583476763,0.2265625,30.76923076923077,42.10526315789473,72.5,48.42032967032967,27.33224222585925,1.1363636363636365,109.9,84.63385354141657,55.826390878495374,0.0,0.0,7.326666666666667
219470,1426,69281,"BENAY, L.","BENAY, LORENZO MARIANO",5,2.8433333333333333,0.0,3.0,1.0,4.0,0.0,0.0,1.0,0.0,0.0,3.0,0.0,-2.0,0.0,1.0,0.0,1.0,0.0,0.0,-9.0,3.0,31.0,18.0,18.0,0.0,0.0,4.2,4.2,0.09999999999999999,3.0,2278.08,2245.88,853.0,14.216666666666667,2293.0,6274.916666666667,2297.0,2261.98,25.473791831397396,00:00,False,SAN MARTIN (C),SAN MARTIN (C) vs GIMNASIA (CR) (004/12/2024 21:30),SAN MARTIN (C),GIMNASIA (CR),GIMNASIA (CR),04/12/2024,0.0,8.440797186400937,2.8135990621336457,11.254396248534583,0.0,0.0,2.8135990621336457,0.0,0.0,8.440797186400937,0.0,-5.6271981242672915,0.0,2.8135990621336457,0.0,2.8135990621336457,0.0,0.0,-25.322391559202813,8.440797186400937,87.22157092614303,50.64478311840563,50.64478311840563,11.817116060961313,11.817116060961313,0.2813599062133646,8.440797186400937,6409.603751465415,6319.005861664713,2400.0,40.0,6451.58264947245,17655.099648300118,6462.837045720985,6364.304806565065,71.67303680580744,2.0,33.33333333333333,0.0,5.555555555555555,16.666666666666664,11.11111111111111,0.0,0.0,0.0,,0.0,9.67741935483871,0.0,-1.2000000000000002,0.0,1.1436656354537422,0.0,0.0,-0.24000000000000005
77832,1424,69990,"BENDER, V.","BENDER, VIKTOR DANIEL",1,1.5666666666666667,0.0,0.0,0.0,0.0,0.0,0.0,0.0,0.0,0.0,0.0,0.0,-1.0,0.0,0.0,0.0,1.0,0.0,0.0,-5.0,1.0,3.0,1.0,1.0,0.0,0.0,1.45,1.45,0.7333333333333333,1.0,298.32,306.15999999999997,94.0,1.5666666666666667,321.0,800.0333333333333,334.0,302.24,2.993116666666667,01:34,False,REGATAS (C),REGATAS (C) vs UNION (SF) (001/11/2024 21:30),REGATAS (C),UNION (SF),UNION (SF),01/11/2024,0.0,0.0,0.0,0.0,0.0,0.0,0.0,0.0,0.0,0.0,0.0,-25.53191489361702,0.0,0.0,0.0,25.53191489361702,0.0,0.0,-127.65957446808511,25.53191489361702,76.59574468085107,25.53191489361702,25.53191489361702,37.02127659574468,37.02127659574468,18.723404255319146,25.53191489361702,7616.680851063829,7816.851063829787,2400.0,40.0,8195.744680851065,20426.382978723406,8527.659574468085,7716.765957446809,76.42,1.0,0.0,0.0,0.0,0.0,0.0,0.0,0.0,,,0.0,33.33333333333333,,-0.29999999999999993,0.0,1.0945592928038632,0.0,0.0,-0.29999999999999993
326727,1498,70040,"BERNABEI, L.","BERNABEI, LISANDRO",1,0.38333333333333336,0.0,0.0,0.0,0.0,0.0,0.0,0.0,0.0,0.0,0.0,0.0,0.0,0.0,0.0,0.0,0.0,0.0,0.0,-2.0,0.0,0.0,0.0,0.0,0.0,0.0,0.08333333333333333,0.08333333333333333,0.06666666666666667,0.0,1198.2,1212.52,23.0,0.38333333333333336,1293.0,3400.0333333333333,1342.0,1205.36,0.6411250000000002,00:00,False,ATENAS (C),ATENAS (C) vs INSTITUTO (021/10/2024 22:10),ATENAS (C),INSTITUTO,INSTITUTO,21/10/2024,0.0,0.0,0.0,0.0,0.0,0.0,0.0,0.0,0.0,0.0,0.0,0.0,0.0,0.0,0.0,0.0,0.0,0.0,-80.0,0.0,0.0,0.0,0.0,3.333333333333333,3.333333333333333,2.6666666666666665,0.0,47928.0,48500.8,920.0,15.333333333333334,51720.0,136001.33333333334,53680.0,48214.399999999994,25.645000000000007,0.0,,,,,,,,,,,,,0.0,,0.05922117253118268,0.0,0.0,0.0
150972,46,69144,"BETTIGA, L.","BETTIGA, LEONEL VALENTIN",33,29.838383838383837,353.0,190.0,32.0,222.0,77.0,41.0,39.0,11.0,13.0,81.0,89.0,464.0,58.0,70.0,61.0,107.0,54.0,19.0,17.0,367.0,2046.0,949.0,903.0,0.0,0.0,224.45,229.45000000000002,61.15,335.12,2560.84,2542.2,59080.0,984.6666666666666,2709.0,6625.083333333333,2733.0,2551.52,1897.0634626099638,28:25,True,FERRO,FERRO vs BOCA (003/12/2024 21:05),FERRO,BOCA,BOCA,03/12/2024,14.339878131347326,7.718348002708193,1.2999322951929586,9.018280297901152,3.1279620853080567,1.6655382532159786,1.5842924847664186,0.4468517264725796,0.5280974949221394,3.2904536222071767,3.6154366960054163,18.8490182802979,2.3561272850372377,2.843601895734597,2.4779959377115777,4.346648612051456,2.193635748138118,0.7718348002708193,0.6905890318212593,14.908598510494247,83.1144211238998,38.55111712931618,36.682464454976305,9.117806364251862,9.320920785375762,2.4840893703452944,13.613540961408262,104.02870683818551,103.27149627623561,2400.0,40.0,110.04739336492891,269.1299932295193,111.02234258632363,103.65010155721058,77.06418940866475,296.0,10.626702997275205,50.50675675675676,3.371970495258166,21.040974529346624,11.987041036717063,0.18243243243243243,36.30952380952381,45.3125,73.97260273972603,53.7912958673656,17.93743890518084,1.9743589743589745,367.19999999999993,105.33540224397231,79.63964805399627,0.0,0.0,11.127272727272725
175700,1913,70011,"BOMBINO, P.","BOMBINO PARADA, PEDRO ANTONIO",37,21.56981981981982,440.0,134.0,49.0,183.0,30.0,38.0,49.0,27.0,5.0,81.0,108.0,580.0,170.0,69.0,0.0,2.0,100.0,40.0,16.0,349.0,1620.0,674.0,717.0,0.0,0.0,176.58333333333331,181.58333333333331,42.18333333333333,302.6,2854.36,2867.76,47885.0,798.0833333333334,3112.0,7624.816666666667,3234.0,2861.06,1496.9222105527065,20:57,False,UNION (SF),UNION (SF) vs RIACHUELO (LR) (003/12/2024 21:00),UNION (SF),RIACHUELO (LR),RIACHUELO (LR),03/12/2024,22.052834916988616,6.71609063381017,2.4558838884828234,9.171974522292993,1.5036023807037693,1.9045630155581077,2.4558838884828234,1.3532421426333925,0.25060039678396157,4.059726427900177,5.41296857053357,29.06964602693954,8.520413490654693,3.45828547561867,0.0,0.10024015871358462,5.0120079356792315,2.0048031742716925,0.8019212697086769,17.491907695520517,81.19452855800354,33.78093348647802,35.93609689882009,8.850370679753576,9.100971076537537,2.114232014200689,15.166336013365356,143.06074971285372,143.73235877623475,2400.0,40.0,155.97368695833768,382.156416414326,162.08833663986636,143.3965542445442,75.02585998384662,241.0,14.040114613180515,70.53941908713693,7.270029673590504,18.688981868898185,13.156002875629044,0.4149377593360996,0.0,71.1297071129707,71.42857142857143,72.7032385988103,21.54320987654321,0.6122448979591837,422.7,145.4064771976206,59.14086854632064,0.0,0.0,11.424324324324324
326666,80,70071,"BOND, T.","BOND JR, TIMOTHY LAMONT",18,26.168518518518518,231.0,66.0,12.0,78.0,31.0,24.0,34.0,12.0,6.0,53.0,60.0,213.0,56.0,67.0,22.0,52.0,53.0,11.0,-4.0,256.0,932.0,422.0,405.0,0.0,0.0,124.43333333333334,134.11666666666667,49.3,247.16,1324.16,1300.24,28262.0,471.0333333333333,1420.0,3650.016666666667,1466.0,1312.2,841.6462069281415,27:40,True,PLATENSE,PLATENSE vs PEÑAROL (MDP) (011/10/2024 22:05),PLATENSE,PEÑAROL (MDP),PEÑAROL (MDP),11/10/2024,19.616446111386313,5.604698888967519,1.019036161630458,6.623735050597976,2.6325100842120164,2.038072323260916,2.887269124619631,1.019036161630458,0.509518080815229,4.500743047201189,5.09518080815229,18.08789186894063,4.755502087608804,5.68961856910339,1.8682329629891727,4.415823367065317,4.500743047201189,0.9341164814945864,-0.33967872054348597,21.739438114783102,79.14514188663223,35.83610501733777,34.392470455027954,10.566838864906941,11.389144434222633,4.186540230698465,20.988748142382,112.4472436487156,110.41596489986554,2400.0000000000005,40.0,120.58594579293752,309.9582478239332,124.49225107918761,111.43160427429058,71.47232667990728,197.0,13.28125,45.17766497461929,2.843601895734597,16.296296296296298,9.4316807738815,0.26903553299492383,29.72972972972973,45.52845528455284,82.8125,51.29685556937289,27.467811158798284,0.9117647058823529,194.60000000000002,93.46172519825214,71.66375392082034,0.0,0.0,10.811111111111112
345674,1790,69616,"BONIZIOLI, I.","BONIZIOLI HONORATO, ITALO",4,5.725,4.0,3.0,0.0,3.0,0.0,0.0,1.0,0.0,1.0,2.0,0.0,2.0,2.0,1.0,0.0,0.0,0.0,0.0,-4.0,4.0,41.0,16.0,24.0,0.0,0.0,7.083333333333334,7.083333333333334,0.0,4.0,380.64,387.52,1374.0,22.9,459.0,1000.0,417.0,384.08000000000004,44.01067976303528,04:48,False,INSTITUTO,SAN LORENZO vs INSTITUTO (007/04/2025 21:00),SAN LORENZO,INSTITUTO,SAN LORENZO,07/04/2025,6.986899563318778,5.240174672489083,0.0,5.240174672489083,0.0,0.0,1.7467248908296944,0.0,1.7467248908296944,3.493449781659389,0.0,3.493449781659389,3.493449781659389,1.7467248908296944,0.0,0.0,0.0,0.0,-6.986899563318778,6.986899563318778,71.61572052401748,27.94759825327511,41.92139737991266,12.372634643377003,12.372634643377003,0.0,6.986899563318778,664.8733624454148,676.8908296943232,2400.0000000000005,40.0,801.7467248908298,1746.7248908296942,728.3842794759826,670.882096069869,76.87454980442844,3.0,25.0,66.66666666666667,0.0,12.5,7.5,0.0,,66.66666666666666,,66.66666666666666,9.75609756097561,0.0,2.2,100.0,12.44186788069512,0.0,0.0,0.55
144733,1913,70011,"BORSATTI, M.","BORSATTI, MATIAS DANIEL",35,8.06952380952381,41.0,39.0,12.0,51.0,17.0,10.0,15.0,0.0,2.0,48.0,11.0,33.0,13.0,10.0,4.0,18.0,3.0,4.0,-34.0,63.0,561.0,231.0,254.0,0.0,0.0,59.633333333333326,59.633333333333326,0.8166666666666667,52.08,2700.88,2712.12,16946.0,282.43333333333334,2932.0,7224.8,3049.0,2706.5,526.2190219106722,11:08,False,UNION (SF),UNION (SF) vs RIACHUELO (LR) (003/12/2024 21:00),UNION (SF),RIACHUELO (LR),RIACHUELO (LR),03/12/2024,5.806680042487903,5.523427357488493,1.6995161099964593,7.222943467484953,2.407647822494984,1.4162634249970494,2.1243951374955743,0.0,0.28325268499940986,6.798064439985837,1.5578897674967542,4.673669302490263,1.8411424524961642,1.4162634249970494,0.5665053699988197,2.5492741649946886,0.4248790274991148,0.5665053699988197,-4.815295644989968,8.922459577481412,79.45237814233448,32.71568511743184,35.97309099492505,8.445650891065737,8.445650891065737,0.1156615130414257,7.375899917384633,382.51575593060306,384.10763602029976,2400.0,40.0,415.24843620913487,1023.2219992918682,431.81871828160035,383.3116959754514,74.5264754269806,45.0,23.809523809523807,42.22222222222222,5.194805194805195,15.354330708661418,10.515463917525773,0.06666666666666667,18.181818181818183,56.52173913043478,42.857142857142854,42.63727121464226,11.229946524064172,1.1333333333333333,33.7,78.72503840245776,21.903311377128794,0.0,0.0,0.962857142857143
325389,1426,69281,"BOTTA, T.","BOTTA, TOMAS",38,19.742105263157896,284.0,65.0,12.0,77.0,85.0,29.0,48.0,0.0,12.0,78.0,53.0,221.0,52.0,62.0,50.0,100.0,30.0,7.0,-10.0,328.0,1502.0,732.0,659.0,0.0,0.0,226.01666666666668,231.01666666666668,34.099999999999994,316.28000000000003,2794.68,2763.56,45012.0,750.2,2824.0,7674.916666666667,2779.0,2779.12,1357.085649393195,22:13,False,SAN MARTIN (C),SAN MARTIN (C) vs GIMNASIA (CR) (004/12/2024 21:30),SAN MARTIN (C),GIMNASIA (CR),GIMNASIA (CR),04/12/2024,15.142628632364701,3.46574246867502,0.6398293788323113,4.105571847507331,4.532124766728872,1.5462543321780857,2.559317515329245,0.0,0.6398293788323113,4.158890962410024,2.8259130898427083,11.783524393495066,2.772593974940016,3.305785123966942,2.6659557451346307,5.3319114902692615,1.5995734470807785,0.3732338043188483,-0.5331911490269261,17.488669688083178,80.08531058384432,39.02959210877099,35.13729672087443,12.051008619923575,12.31760419443704,1.8181818181818177,16.86376966142362,149.00986403625697,147.35057318048518,2399.9999999999995,40.0,150.57318048520392,409.2197636185906,148.17382031458277,148.1802186083711,72.35860567279099,264.0,14.634146341463413,48.10606060606061,1.639344262295082,9.863429438543248,5.535585909417685,0.11363636363636363,33.33333333333333,45.614035087719294,81.08108108108108,50.66362209219353,21.837549933422103,1.7708333333333333,239.20000000000005,89.79385354748956,48.830910234560285,0.0,0.0,6.294736842105264
326991,1541,69636,"BOWIE, J.","BOWIE JR, JULIUS R",31,25.023655913978494,320.0,91.0,18.0,109.0,23.0,22.0,24.0,0.0,3.0,70.0,38.0,270.0,40.0,29.0,73.0,110.0,21.0,6.0,-33.0,285.0,1621.0,712.0,727.0,0.0,0.0,202.49999999999997,212.46666666666664,61.85,269.88,2387.88,2405.2,46544.0,775.7333333333333,2588.0,6274.816666666667,2674.0,2396.54,1479.830653664576,14:39,False,LA UNION FSA.,LA UNION FSA. vs ZARATE BASKET (003/12/2024 21:30),LA UNION FSA.,ZARATE BASKET,ZARATE BASKET,03/12/2024,16.500515641113786,4.692334135441732,0.9281540048126503,5.620488140254382,1.1859745617050532,1.1344104503265726,1.2375386730835338,0.0,0.15469233413544173,3.6094877964936405,1.959436232382262,13.922310072189756,2.0625644551392233,1.4953592299759366,3.7641801306290823,5.672052251632863,1.082846338948092,0.30938466827088346,-1.701615675489859,14.695771742866965,83.58542454451701,36.71364730147817,37.487108972155376,10.441732554142316,10.955654864214505,3.1892402887590237,13.916122378824339,123.12891027844621,124.02200068752148,2400.0,40.0,133.44792024750774,323.55534547954625,137.88243382605708,123.57545548298384,76.30615264684991,252.0,8.421052631578947,59.32539682539682,2.528089887640449,12.517193947730398,7.574704656011119,0.08333333333333333,39.89071038251366,57.971014492753625,77.77777777777779,60.63362134303472,17.581739666872302,0.9583333333333334,268.00000000000006,118.5712168371128,68.89849396464516,0.0,0.0,8.645161290322582
150723,2305,69510,"BROCAL, A.","BROCAL, AGUSTIN ANDRES",38,31.025000000000002,551.0,86.0,29.0,115.0,129.0,46.0,103.0,2.0,7.0,89.0,154.0,512.0,86.0,88.0,90.0,169.0,109.0,29.0,151.0,593.0,2472.0,1071.0,1132.0,0.0,0.0,272.09999999999997,272.09999999999997,65.6,567.72,2851.32,2848.88,70737.0,1178.95,3137.0,7599.616666666667,2956.0,2850.1,2211.16257085765,33:28,True,OBERA,OBERA vs RIACHUELO (LR) (001/12/2024 21:00),OBERA,RIACHUELO (LR),RIACHUELO (LR),01/12/2024,18.694601128122482,2.9178506297977016,0.9839263751643411,3.9017770049620424,4.376775944696552,1.560710801984817,3.4946350566181774,0.06785699139064422,0.23749946986725476,3.019636116883668,5.224988337079605,17.37138979600492,2.9178506297977016,2.9857076211883453,3.0535646125789895,5.733915772509436,3.69820603079011,0.9839263751643411,5.123202849993637,20.11959794732601,83.87124135883624,36.33741888968998,38.40705712710462,9.231943678697144,9.231943678697144,2.22570931761313,19.261885576148266,96.74099834598584,96.65821281648925,2400.0,40.0,106.43369099622545,257.8435613610981,100.29263327537215,96.69960558123753,75.02141976700113,433.0,17.36930860033727,51.03926096997691,2.707749766573296,7.597173144876325,5.220154334997731,0.2517321016166282,34.74903474903475,49.42528735632184,78.98550724637681,55.800858786356635,23.988673139158575,1.2524271844660195,454.70000000000005,97.05488621151271,80.46462420050814,0.0,0.0,11.965789473684211
177250,1869,69992,"BRUSSINO, J.","BRUSSINO, JUAN IGNACIO",36,24.495833333333334,364.0,88.0,11.0,99.0,188.0,32.0,61.0,1.0,12.0,74.0,77.0,421.0,42.0,67.0,77.0,113.0,49.0,13.0,209.0,386.0,1877.0,808.0,827.0,0.0,0.0,180.48333333333332,190.48333333333332,45.01666666666666,376.28,2765.92,2744.92,52911.0,881.85,3161.0,7250.033333333333,2831.0,2755.42,1674.5315372990174,29:51,True,QUIMSA,INSTITUTO vs QUIMSA (002/12/2024 22:10),INSTITUTO,QUIMSA,INSTITUTO,02/12/2024,16.510744457674207,3.991608550206951,0.49895106877586887,4.49055961898282,8.527527357260304,1.4514940182570732,2.7669104723025457,0.04535918807053354,0.5443102568464024,3.3565799172194817,3.4926574814310825,19.09621817769462,1.9050858989624087,3.0390656007257473,3.4926574814310825,5.12558825197029,2.2226002154561435,0.589669444916936,9.48007030674151,17.508646595225944,85.13919600839145,36.6502239609911,37.512048534331235,8.186577460263461,8.640169340968797,2.041919449641851,17.067755287180358,125.45988546805012,124.50734251856892,2400.0,40.0,143.3803934909565,328.8556254843038,128.41186142768044,124.98361399330952,75.95539093038578,299.0,15.803108808290157,52.675585284280935,1.3613861386138615,10.640870616686819,6.055045871559633,0.16387959866220736,40.526315789473685,38.53211009174312,79.03225806451613,55.78031138899105,20.56473095364944,3.081967213114754,376.90000000000003,96.73647283937494,62.44014377291803,0.0,0.0,10.469444444444445
276607,1498,70040,"BUEMO, C.","BUEMO, CARLOS EMANUEL",38,20.36315789473684,304.0,82.0,11.0,93.0,41.0,33.0,52.0,3.0,4.0,83.0,67.0,260.0,54.0,40.0,46.0,88.0,58.0,14.0,-48.0,311.0,1545.0,686.0,703.0,0.0,0.0,211.64999999999998,216.65,28.2,300.68,2761.4,2774.96,46428.0,773.8,2997.0,7649.933333333333,3058.0,2768.18,1394.836428591178,16:09,False,ATENAS (C),ATENAS (C) vs ARGENTINO (J) (001/12/2024 20:30),ATENAS (C),ARGENTINO (J),ARGENTINO (J),01/12/2024,15.71465494959938,4.238821400878781,0.5686223830447145,4.807443783923494,2.1194107004393903,1.7058671491341433,2.6880330834841044,0.15507883173946757,0.20677177565262342,4.290514344791936,3.4634272421814427,13.440165417420522,2.7914189713104163,2.067717756526234,2.3778754200051693,4.548979064357716,2.99819074696304,0.723701214784182,-2.481261307831481,16.07650555699147,79.8655983458258,35.46135952442492,36.340139570948566,10.940811579219435,11.199276298785216,1.4577410183509951,15.543034375807704,142.7448953217886,143.44585164125098,2400.0,40.0,154.9237529077281,395.4475747393814,158.07702248643062,143.09537348151977,72.10320127119039,228.0,16.720257234726688,53.94736842105263,1.6034985422740524,11.66429587482219,6.695464362850973,0.2543859649122807,34.32835820895522,57.446808510638306,80.55555555555556,58.53357979051139,20.129449838187703,0.7884615384615384,240.90000000000003,101.10416389517094,55.6640388431063,0.0,0.0,6.339473684210527
326699,1498,70040,"BUENDIA, C.","BUENDIA, CARLOS MANUEL",38,25.54078947368421,365.0,71.0,20.0,91.0,111.0,25.0,77.0,0.0,6.0,107.0,107.0,336.0,63.0,65.0,61.0,94.0,56.0,14.0,-3.0,391.0,1946.0,853.0,883.0,0.0,0.0,276.55,286.55,65.95,370.8,2761.4,2774.96,58233.0,970.55,2997.0,7649.933333333333,3058.0,2768.18,1760.0507571147712,30:16,False,ATENAS (C),ATENAS (C) vs ARGENTINO (J) (001/12/2024 20:30),ATENAS (C),ARGENTINO (J),ARGENTINO (J),01/12/2024,15.04301684611818,2.9261758796558652,0.8242748956777085,3.750450775333574,4.574725671011283,1.0303436195971356,3.1734583483591776,0.0,0.24728246870331258,4.40987069187574,4.40987069187574,13.847818247385504,2.596465921384782,2.6788934109525533,2.5140384318170113,3.87409200968523,2.307969707897584,0.576992426974396,-0.12364123435165629,16.114574210499203,80.20194734944104,35.15532430065427,36.391736644170834,11.397661119983516,11.80979856782237,2.718046468497244,15.282056565864718,113.80763484622122,114.36649322549071,2400.0,40.0,123.51759311730463,315.2824000137379,126.03163154912164,114.08706403585596,72.53828271041249,283.0,19.69309462915601,54.59363957597173,2.3446658851113718,8.040770101925254,5.241935483870968,0.1978798586572438,39.35483870967742,49.21875,80.0,58.1580624601657,20.092497430626928,1.4415584415584415,292.7,98.43581445523193,70.23872599085266,0.0,0.0,7.7026315789473685
217917,1869,69992,"BUYATTI, M.","BUYATTI, MATEO",1,2.3833333333333333,2.0,1.0,0.0,1.0,0.0,0.0,0.0,0.0,0.0,0.0,0.0,3.0,1.0,0.0,0.0,0.0,0.0,0.0,-1.0,1.0,5.0,2.0,2.0,0.0,0.0,2.1166666666666667,2.1166666666666667,0.4666666666666667,1.0,154.36,154.07999999999998,143.0,2.3833333333333333,173.0,400.01666666666665,148.0,154.22,4.891791666666666,02:23,False,QUIMSA,QUIMSA vs LA UNION FSA. (015/11/2024 22:00),QUIMSA,LA UNION FSA.,LA UNION FSA.,15/11/2024,33.56643356643357,16.783216783216783,0.0,16.783216783216783,0.0,0.0,0.0,0.0,0.0,0.0,0.0,50.34965034965035,16.783216783216783,0.0,0.0,0.0,0.0,0.0,-16.783216783216783,16.783216783216783,83.91608391608392,33.56643356643357,33.56643356643357,35.52447552447553,35.52447552447553,7.8321678321678325,16.783216783216783,2590.657342657343,2585.958041958042,2400.0,40.0,2903.4965034965035,6713.566433566433,2483.916083916084,2588.3076923076924,82.1,1.0,0.0,100.0,0.0,50.0,25.0,0.0,,100.0,,100.0,20.0,,2.0,200.0,3.0440278996535093,0.0,0.0,2.0
130609,2305,69510,"CABALLERO, H.","CABALLERO, HUGO HERNAN",0,,0.0,0.0,0.0,0.0,0.0,0.0,0.0,0.0,0.0,0.0,0.0,0.0,0.0,0.0,0.0,0.0,0.0,0.0,0.0,0.0,0.0,0.0,0.0,0.0,0.0,0.0,0.0,0.0,0.0,535.48,540.48,0.0,0.0,582.0,1400.0166666666667,573.0,537.98,0.0,00:00,False,OBERA,OBERA vs RIACHUELO (LR) (001/12/2024 21:00),OBERA,RIACHUELO (LR),RIACHUELO (LR),01/12/2024,0.0,0.0,0.0,0.0,0.0,0.0,0.0,0.0,0.0,0.0,0.0,0.0,0.0,0.0,0.0,0.0,0.0,0.0,0.0,0.0,0.0,0.0,0.0,0.0,0.0,0.0,0.0,21419.2,21619.2,0.0,0.0,23280.0,56000.666666666664,22920.0,21519.2,0.0,0.0,,,,,,,,,,,,,0.0,,,0.0,0.0,
326065,1913,70011,"CABOT, M.","CABOT DOMINGUEZ, MARCOS",36,24.25601851851852,262.0,82.0,13.0,95.0,83.0,20.0,37.0,1.0,3.0,89.0,66.0,260.0,34.0,35.0,49.0,95.0,47.0,8.0,-57.0,273.0,1727.0,741.0,786.0,0.0,0.0,237.76666666666668,242.76666666666668,51.25,261.2,2783.88,2796.72,52393.0,873.2166666666667,3044.0,7424.816666666667,3171.0,2790.3,1637.707328028189,22:21,False,UNION (SF),UNION (SF) vs RIACHUELO (LR) (003/12/2024 21:00),UNION (SF),RIACHUELO (LR),RIACHUELO (LR),03/12/2024,12.001603267612085,3.756226976886225,0.5954993987746454,4.351726375660871,3.8020346229458135,0.9161529211917623,1.69488290420476,0.04580764605958811,0.13742293817876433,4.076880499303342,3.0233046399328156,11.909987975492909,1.5574599660259958,1.6032676120855838,2.2445746569198173,4.351726375660871,2.1529593648006413,0.3664611684767049,-2.611035825396522,12.505487374267554,79.10980474490867,33.94346573015479,36.004809802836256,10.891531311434735,11.120569541732674,2.3476418605538907,11.964957150764414,127.52298971236615,128.11115988777124,2400.0,40.0,139.4384746053862,340.1133739239975,145.2560456549539,127.81707480006872,75.01951763150905,213.0,13.553113553113553,50.46948356807512,1.7543859649122806,10.432569974554708,6.221349050425671,0.22065727699530516,34.02777777777778,49.275362318840585,85.45454545454545,55.22765598650927,15.807759119861032,2.2432432432432434,234.79999999999995,100.30627871362941,66.7011060036041,0.0,0.0,6.522222222222221
218103,2025,69418,"CABRERA, M.","CABRERA, MARTIN ANDRES",38,25.44736842105263,496.0,79.0,17.0,96.0,147.0,23.0,99.0,0.0,14.0,106.0,210.0,555.0,88.0,58.0,55.0,104.0,155.0,36.0,-27.0,487.0,2098.0,924.0,895.0,0.0,0.0,213.85,213.85,51.99999999999999,471.04,2922.2,2941.84,58020.0,967.0,3237.0,7599.916666666667,3348.0,2932.02,1867.4708012930612,33:04,True,INDEPENDIENTE (O),INDEPENDIENTE (O) vs QUIMSA (030/11/2024 20:30),INDEPENDIENTE (O),QUIMSA,QUIMSA,30/11/2024,20.517063081695966,3.2678386763185108,0.7032057911065149,3.971044467425026,6.080661840744571,0.9513960703205792,4.095139607032058,0.0,0.5791106514994829,4.384694932781799,8.686659772492245,22.95760082730093,3.640124095139607,2.399172699069286,2.2750775594622543,4.301964839710445,6.411582213029989,1.4891416752843847,-1.1168562564632885,20.144777662874873,86.78386763185108,38.221302998965875,37.021716649431234,8.845915201654602,8.845915201654602,2.150982419855222,19.484591520165463,120.87693898655635,121.68934850051707,2400.0,40.0,133.89865563598758,314.3709065839366,138.49017580144778,121.28314374353671,77.24801659950616,305.0,20.32854209445585,55.90163934426229,1.83982683982684,8.8268156424581,5.277625068719076,0.5081967213114754,34.59119496855346,60.273972602739725,81.15183246073299,63.74665844129138,23.21258341277407,1.4848484848484849,410.20000000000005,105.29891304347825,72.7294468164956,0.0,0.0,10.794736842105264
270275,2025,69418,"CAFFARO, E.","CAFFARO, ESTEBAN",11,3.416666666666666,12.0,2.0,2.0,4.0,0.0,1.0,2.0,0.0,0.0,1.0,3.0,11.0,3.0,2.0,1.0,3.0,3.0,1.0,-16.0,13.0,83.0,34.0,32.0,0.0,0.0,19.866666666666667,19.866666666666667,0.7333333333333333,10.76,1461.12,1477.1200000000001,2255.0,37.58333333333333,1643.0,3799.95,1678.0,1469.12,72.00176429083866,00:00,False,INDEPENDIENTE (O),INDEPENDIENTE (O) vs QUIMSA (030/11/2024 20:30),INDEPENDIENTE (O),QUIMSA,QUIMSA,30/11/2024,12.771618625277164,2.1286031042128606,2.1286031042128606,4.257206208425721,0.0,1.0643015521064303,2.1286031042128606,0.0,0.0,1.0643015521064303,3.192904656319291,11.707317073170733,3.192904656319291,2.1286031042128606,1.0643015521064303,3.192904656319291,3.192904656319291,1.0643015521064303,-17.028824833702885,13.835920177383594,88.33702882483371,36.186252771618626,34.05764966740577,21.144124168514416,21.144124168514416,0.7804878048780488,11.45188470066519,1555.0722838137474,1572.1011086474505,2400.0000000000005,40.0,1748.6474501108648,4044.2926829268295,1785.8980044345901,1563.5866962305988,76.63158948914094,9.0,15.384615384615385,50.0,5.88235294117647,6.25,6.0606060606060606,0.3333333333333333,25.0,60.0,75.0,55.762081784386616,15.66265060240964,0.0,9.5,111.52416356877323,5.5980069178799825,0.0,0.0,0.8636363636363636
158999,1913,70011,"CAGLIERO, M.","CAGLIERO, MATIAS",1,0.95,0.0,0.0,0.0,0.0,0.0,0.0,0.0,0.0,0.0,0.0,0.0,0.0,0.0,0.0,0.0,0.0,0.0,0.0,0.0,0.0,2.0,1.0,0.0,0.0,0.0,0.3333333333333333,0.3333333333333333,0.3333333333333333,0.0,142.39999999999998,144.48000000000002,57.0,0.95,178.0,399.9666666666667,169.0,143.44,1.6935161263438618,00:00,False,UNION (SF),RIACHUELO (LR) vs UNION (SF) (009/03/2025 21:00),RIACHUELO (LR),UNION (SF),RIACHUELO (LR),09/03/2025,0.0,0.0,0.0,0.0,0.0,0.0,0.0,0.0,0.0,0.0,0.0,0.0,0.0,0.0,0.0,0.0,0.0,0.0,0.0,0.0,80.0,40.0,0.0,13.333333333333332,13.333333333333332,13.333333333333332,0.0,5695.999999999999,5779.200000000001,2280.0,38.0,7120.0,15998.666666666668,6760.0,5737.6,67.74064505375448,0.0,,,0.0,,0.0,,,,,,0.0,,0.0,,1.391099898318576,0.0,0.0,0.0
225035,76,69063,"CALFANI, M.","CALFANI PERSINCULA, MATHIAS KENY",31,13.100000000000001,163.0,67.0,40.0,107.0,19.0,14.0,21.0,24.0,2.0,74.0,73.0,218.0,45.0,35.0,9.0,20.0,46.0,30.0,57.0,164.0,806.0,373.0,361.0,0.0,0.0,111.43333333333331,111.43333333333331,13.966666666666665,123.56,2309.2,2329.44,24366.0,406.1,2606.0,6275.2,2492.0,2319.32,749.9591433395665,12:04,False,OBRAS,GIMNASIA (CR) vs OBRAS (011/10/2024 21:00),GIMNASIA (CR),OBRAS,GIMNASIA (CR),11/10/2024,16.055158827874905,6.5993597636050225,3.9399162767791185,10.539276040384141,1.8714602314700812,1.3789706968726914,2.068456045309037,2.363949766067471,0.1969958138389559,7.288845112041368,7.190347205121891,21.472543708446192,4.432405811376508,3.4474267421817286,0.8864811622753016,1.9699581383895592,4.530903718295986,2.9549372075843388,5.614380694410244,16.153656734794385,79.38931297709924,36.73971928096528,35.55774439793154,10.975950094393825,10.975950094393825,1.3756874333087086,12.170401378970697,227.45136665845848,229.44496429450874,2400.0,40.0,256.68554543215953,618.094065501108,245.45678404333904,228.44816547648364,73.86940589407205,109.0,12.804878048780488,53.669724770642205,10.723860589812332,18.559556786703602,14.577656675749317,0.42201834862385323,31.03448275862069,56.25,60.526315789473685,57.217073855658526,20.34739454094293,0.9047619047619048,159.9,131.9197151181612,34.743419872128285,0.0,0.0,5.158064516129032
115064,1869,69992,"CAMPOS, F.","CAMPOS, FACUNDO NAHUEL",0,,0.0,0.0,0.0,0.0,0.0,0.0,0.0,0.0,0.0,0.0,0.0,0.0,0.0,0.0,0.0,0.0,0.0,0.0,0.0,0.0,0.0,0.0,0.0,0.0,0.0,0.0,0.0,0.0,0.0,228.8,229.96,0.0,0.0,247.0,600.0166666666667,228.0,229.38,0.0,00:00,False,QUIMSA,INDEPENDIENTE (O) vs QUIMSA (030/11/2024 20:30),INDEPENDIENTE (O),QUIMSA,INDEPENDIENTE (O),30/11/2024,0.0,0.0,0.0,0.0,0.0,0.0,0.0,0.0,0.0,0.0,0.0,0.0,0.0,0.0,0.0,0.0,0.0,0.0,0.0,0.0,0.0,0.0,0.0,0.0,0.0,0.0,0.0,9152.0,9198.4,0.0,0.0,9880.0,24000.666666666664,9120.0,9175.2,0.0,0.0,,,,,,,,,,,,,0.0,,,0.0,0.0,
219583,1932,69789,"CAPELLI, F.","CAPELLI, FRANCO",0,,0.0,0.0,0.0,0.0,0.0,0.0,0.0,0.0,0.0,0.0,0.0,0.0,0.0,0.0,0.0,0.0,0.0,0.0,0.0,0.0,0.0,0.0,0.0,0.0,0.0,0.0,0.0,0.0,0.0,76.36,81.16,0.0,0.0,72.0,200.01666666666668,87.0,78.75999999999999,0.0,00:00,False,ARGENTINO (J),SAN LORENZO vs ARGENTINO (J) (012/01/2025 12:10),SAN LORENZO,ARGENTINO (J),SAN LORENZO,12/01/2025,0.0,0.0,0.0,0.0,0.0,0.0,0.0,0.0,0.0,0.0,0.0,0.0,0.0,0.0,0.0,0.0,0.0,0.0,0.0,0.0,0.0,0.0,0.0,0.0,0.0,0.0,0.0,3054.4,3246.3999999999996,0.0,0.0,2880.0,8000.666666666667,3480.0,3150.3999999999996,0.0,0.0,,,,,,,,,,,,,0.0,,,0.0,0.0,
96269,1932,69789,"CAPELLI, S.","CAPELLI, SANTIAGO",24,5.965972222222223,28.0,17.0,3.0,20.0,10.0,5.0,7.0,0.0,3.0,13.0,3.0,19.0,7.0,10.0,4.0,12.0,2.0,2.0,-16.0,42.0,295.0,141.0,140.0,0.0,0.0,87.9,87.9,3.016666666666667,39.76,2729.8,2726.68,8591.0,143.18333333333334,2652.0,7425.066666666667,3129.0,2728.2400000000002,266.39705389150373,00:00,False,ARGENTINO (J),ARGENTINO (J) vs BOCA (005/12/2024 21:00),ARGENTINO (J),BOCA,BOCA,05/12/2024,7.822139448259806,4.749156093586311,0.8380863694564078,5.587242463042719,2.7936212315213593,1.3968106157606797,1.9555348620649515,0.0,0.8380863694564078,3.631707600977767,0.8380863694564078,5.307880339890582,1.9555348620649515,2.7936212315213593,1.1174484926085437,3.352345477825631,0.5587242463042719,0.5587242463042719,-4.469793970434175,11.73320917238971,82.41182632988011,39.39005936445117,39.110697241299036,24.555930625072754,24.555930625072754,0.8427424048422769,11.107438016528926,762.6027237807007,761.7311139564661,2400.0,40.0,740.8683505994645,2074.282388546153,874.1240833430334,762.1669188685835,74.42124657660446,33.0,16.666666666666664,39.39393939393939,2.127659574468085,12.142857142857142,7.11743772241993,0.06060606060606061,25.0,41.17647058823529,50.0,40.27617951668585,14.237288135593221,1.4285714285714286,24.300000000000008,70.42253521126761,11.198761064955113,0.0,0.0,1.0125000000000004
214713,1932,69789,"CAPORALETTI, M.","CAPORALETTI, MARTINO",11,2.287878787878788,0.0,6.0,0.0,6.0,2.0,0.0,2.0,0.0,0.0,4.0,1.0,-1.0,0.0,0.0,0.0,4.0,0.0,0.0,-4.0,6.0,52.0,23.0,27.0,0.0,0.0,19.1,19.1,0.9333333333333332,6.0,2057.84,2057.4,1510.0,25.166666666666668,2030.0,5625.1,2364.0,2057.62,46.172817640993486,00:00,False,ARGENTINO (J),ARGENTINO (J) vs BOCA (005/12/2024 21:00),ARGENTINO (J),BOCA,BOCA,05/12/2024,0.0,9.536423841059602,0.0,9.536423841059602,3.178807947019867,0.0,3.178807947019867,0.0,0.0,6.357615894039734,1.5894039735099335,-1.5894039735099335,0.0,0.0,0.0,6.357615894039734,0.0,0.0,-6.357615894039734,9.536423841059602,82.64900662251655,36.556291390728475,42.91390728476821,30.357615894039736,30.357615894039736,1.4834437086092713,9.536423841059602,3270.739072847682,3270.0397350993376,2400.0,40.0,3226.4900662251653,8940.556291390729,3757.3509933774835,3270.3894039735096,73.38725982674461,4.0,33.33333333333333,0.0,0.0,22.22222222222222,12.0,0.0,0.0,,,0.0,11.538461538461538,1.0,-1.6,0.0,2.5781222658323264,0.0,0.0,-0.14545454545454548
219848,2314,69185,"CAPPONI, F.","CAPPONI, FEBO LORENZO",35,15.79952380952381,230.0,38.0,9.0,47.0,17.0,10.0,20.0,0.0,3.0,43.0,46.0,152.0,28.0,42.0,45.0,82.0,39.0,8.0,-183.0,236.0,1116.0,503.0,490.0,0.0,0.0,131.33333333333331,131.33333333333331,13.2,228.68,2742.28,2752.48,33179.0,552.9833333333333,2723.0,7210.866666666667,3077.0,2747.38,1054.6925774310646,19:08,False,ZARATE BASKET,BOCA vs ZARATE BASKET (012/10/2024 11:30),BOCA,ZARATE BASKET,BOCA,12/10/2024,16.637029446336538,2.748726604177341,0.6510141957262123,3.3997407999035536,1.2296934808161788,0.7233491063624582,1.4466982127249164,0.0,0.21700473190873745,3.11040115735857,3.3274058892673075,10.994906416709364,2.025377497814883,3.038066246722324,3.2550709786310614,5.931462672172156,2.821061514813587,0.5786792850899666,-13.237288646432985,17.071038910154012,80.72576027005033,36.38446005003165,35.44410621176045,9.49998493022695,9.49998493022695,0.9548208203984447,16.541547364296694,198.36257873956419,199.10039482805388,2400.0,40.0,196.96796166249737,521.5973959432171,222.57452002772837,198.73148678380903,76.29109333718783,197.0,8.47457627118644,48.47715736040609,1.7892644135188867,7.755102040816326,4.733131923464249,0.19796954314720813,35.43307086614173,40.0,82.97872340425532,52.82984196986402,21.14695340501792,0.85,170.10000000000008,100.57722581773658,42.99494696533762,0.0,0.0,4.860000000000002
274133,1426,69281,"CARABALI, B.","CARABALI POROZO, BRYAN JOSE",10,20.988333333333333,90.0,41.0,19.0,60.0,5.0,0.0,11.0,22.0,1.0,35.0,29.0,134.0,33.0,14.0,0.0,1.0,24.0,10.0,35.0,74.0,417.0,205.0,197.0,0.0,0.0,45.31666666666666,47.449999999999996,16.016666666666662,54.96,734.92,736.92,12593.0,209.88333333333333,699.0,2024.9833333333333,740.0,735.9200000000001,381.8664655117492,19:60,False,SAN MARTIN (C),SAN MARTIN (C) vs GIMNASIA (CR) (004/12/2024 21:30),SAN MARTIN (C),GIMNASIA (CR),GIMNASIA (CR),04/12/2024,17.152386246327325,7.813864845549114,3.621059318669102,11.434924164218216,0.9529103470181848,0.0,2.0964027634400066,4.192805526880013,0.19058206940363695,6.670372429127294,5.526880012705472,25.537997300087348,6.28920829032002,2.668148971650917,0.0,0.19058206940363695,4.573969665687287,1.9058206940363696,6.670372429127294,14.103073135869135,79.47272294131662,39.069324227745575,37.54466767251648,8.636544111808146,9.043119193202573,3.052489478281584,10.474390534423888,140.06257444612086,140.44373858492813,2400.0,40.0,133.2168665131422,385.9255141745415,141.03073135869136,140.25315651552452,72.77690123308173,48.0,14.864864864864865,68.75,9.268292682926829,20.812182741116754,14.925373134328357,0.5,0.0,70.2127659574468,70.58823529411765,71.47395171537484,17.74580335731415,0.45454545454545453,91.1,163.75545851528383,52.17744769690428,0.0,0.0,9.11
328690,2025,69418,"CARDENAS, J.","CARDENAS ZAMORA, JORDAN ISRAEL",24,10.704166666666666,127.0,58.0,35.0,93.0,3.0,8.0,29.0,3.0,4.0,47.0,47.0,145.0,44.0,31.0,0.0,2.0,39.0,23.0,5.0,135.0,553.0,245.0,259.0,0.0,0.0,80.5,80.5,5.2,98.28,1837.8799999999999,1846.6,15414.0,256.9,2033.0,4799.9,2105.0,1842.24,491.12230605725006,05:53,False,INDEPENDIENTE (O),INDEPENDIENTE (O) vs OBERA (015/05/2025 21:00),INDEPENDIENTE (O),OBERA,OBERA,15/05/2025,19.774231218372908,9.03075126508369,5.4495912806539515,14.480342545737644,0.467107824056053,1.2456208641494746,4.515375632541845,0.467107824056053,0.6228104320747373,7.318022576878164,7.318022576878164,22.576878162709228,6.85091475282211,4.826780848579214,0.0,0.31140521603736865,6.072401712728689,3.581159984429739,0.7785130400934216,21.019852082522384,86.10354223433242,38.147138964577664,40.32697547683924,12.534059945504088,12.534059945504088,0.8096535616971585,15.302452316076296,286.16270922537956,287.52043596730243,2400.0000000000005,40.0,316.54340210198524,747.3569482288829,327.7539898793305,286.841572596341,76.46902390926432,77.0,21.48148148148148,57.142857142857146,14.285714285714285,22.393822393822393,18.452380952380953,0.5064935064935064,0.0,58.666666666666664,62.903225806451616,60.893747602608364,24.412296564195298,0.10344827586206896,100.99999999999997,129.22262922262922,30.46153447597153,0.0,0.0,4.208333333333332
23310,88,69164,"CARDO, C.","CARDO, CRISTIAN",10,21.669999999999998,83.0,34.0,13.0,47.0,6.0,8.0,5.0,3.0,3.0,27.0,10.0,87.0,20.0,12.0,12.0,17.0,7.0,6.0,8.0,71.0,490.0,231.0,193.0,0.0,0.0,66.88333333333334,69.3,4.0,58.72,814.92,792.08,13002.0,216.7,787.0,2025.0333333333333,826.0,803.5,426.01686852944795,30:14,True,SAN LORENZO,SAN LORENZO vs FERRO (020/05/2025 20:00),SAN LORENZO,FERRO,FERRO,20/05/2025,15.320719889247808,6.275957544993078,2.3996308260267654,8.675588371019844,1.1075219197046609,1.476695892939548,0.9229349330872174,0.5537609598523304,0.5537609598523304,4.983848638670974,1.8458698661744348,16.05906783571758,3.6917397323488697,2.2150438394093217,2.2150438394093217,3.137978772496539,1.2921089063221045,1.1075219197046609,1.476695892939548,13.105676049838486,90.4476234425473,42.63959390862944,35.62528841716659,12.345792954930012,12.791878172588833,0.738347946469774,10.838947854176283,150.42362713428705,146.20766035994464,2400.0,40.0,145.26995846792803,373.79480079987695,152.4688509460083,148.31564374711581,78.6371700100504,61.0,7.042253521126761,62.295081967213115,5.627705627705628,17.616580310880828,11.084905660377359,0.11475409836065574,41.37931034482759,62.5,53.84615384615385,62.200239808153476,14.489795918367346,1.2,80.10000000000002,141.34877384196184,54.5158539075768,0.0,0.0,8.010000000000002
324956,1903,69941,"CARRERAS, X.","CARRERAS PEGUERO, XAVIER MANUEL",35,21.92666666666667,335.0,158.0,19.0,177.0,26.0,40.0,38.0,10.0,9.0,98.0,78.0,369.0,65.0,45.0,50.0,83.0,55.0,24.0,88.0,315.0,1553.0,713.0,760.0,0.0,0.0,257.1333333333333,257.1333333333333,42.28333333333333,296.76,2588.92,2586.24,46046.0,767.4333333333334,2871.0,6999.983333333334,2714.0,2587.58,1416.657626781023,19:49,False,RIACHUELO (LR),UNION (SF) vs RIACHUELO (LR) (003/12/2024 21:00),UNION (SF),RIACHUELO (LR),UNION (SF),03/12/2024,17.460800069495722,8.235243017851714,0.9903140337922945,9.225557051644008,1.3551665725578768,2.0848716500890414,1.980628067584589,0.5212179125222604,0.46909612127003425,5.107935542718151,4.06549971767363,19.232940972071408,3.387916431394692,2.345480606350171,2.606089562611302,4.32610867393476,2.8666985188724317,1.2509229900534247,4.58671763019589,16.4183642444512,80.94514181470701,37.162837162837164,39.61256135169178,13.402249923989054,13.402249923989054,2.2038830734482904,15.467662772010598,134.93914780871302,134.79946140815704,2399.9999999999995,40.0,149.64166268514094,364.85167006906136,141.45854145854145,134.86930460843502,73.8387330989544,243.0,12.063492063492063,57.61316872427984,2.664796633941094,20.789473684210527,12.016293279022404,0.22633744855967078,37.59398496240601,59.09090909090909,69.62025316455697,60.30385944700461,20.28332260141661,0.6842105263157895,301.2,112.88583367030598,57.42318701680949,0.0,0.0,8.605714285714285
325114,1424,69990,"CARTER, M.","CARTER, MYLES JUSTIN",4,15.633333333333333,25.0,18.0,5.0,23.0,2.0,4.0,3.0,3.0,0.0,18.0,5.0,27.0,12.0,10.0,0.0,1.0,1.0,3.0,1.0,28.0,126.0,57.0,57.0,0.0,0.0,8.966666666666665,8.966666666666665,1.9333333333333336,22.759999999999998,292.6,304.56,3752.0,62.53333333333333,311.0,800.0333333333333,368.0,298.58,118.489680172749,19:19,True,REGATAS (C),REGATAS (C) vs INSTITUTO (011/10/2024 21:30),REGATAS (C),INSTITUTO,INSTITUTO,11/10/2024,15.991471215351813,11.513859275053305,3.1982942430703627,14.712153518123667,1.279317697228145,2.55863539445629,1.9189765458422174,1.9189765458422174,0.0,11.513859275053305,3.1982942430703627,17.270788912579956,7.67590618336887,6.396588486140725,0.0,0.6396588486140725,0.6396588486140725,1.9189765458422174,0.6396588486140725,17.910447761194032,80.59701492537314,36.46055437100213,36.46055437100213,5.7356076759061825,5.7356076759061825,1.2366737739872071,14.558635394456289,187.16417910447763,194.81449893390192,2400.0,40.0,198.93390191897655,511.7484008528785,235.39445628997868,190.98933901918974,75.79297239195031,23.0,10.714285714285714,52.17391304347826,8.771929824561402,31.57894736842105,20.175438596491226,0.043478260869565216,0.0,54.54545454545454,25.0,50.48465266558966,22.22222222222222,0.6666666666666666,23.100000000000005,109.84182776801407,48.930669750047215,0.0,0.0,5.775000000000001
322874,2376,69996,"CAUMO, J.","CAUMO, JOAQUIN",0,,0.0,0.0,0.0,0.0,0.0,0.0,0.0,0.0,0.0,0.0,0.0,0.0,0.0,0.0,0.0,0.0,0.0,0.0,0.0,0.0,0.0,0.0,0.0,0.0,0.0,0.0,0.0,0.0,0.0,229.64,236.2,0.0,0.0,239.0,625.0333333333333,227.0,232.92000000000002,0.0,00:00,False,PEÑAROL (MDP),PLATENSE vs PEÑAROL (MDP) (011/10/2024 22:05),PLATENSE,PEÑAROL (MDP),PLATENSE,11/10/2024,0.0,0.0,0.0,0.0,0.0,0.0,0.0,0.0,0.0,0.0,0.0,0.0,0.0,0.0,0.0,0.0,0.0,0.0,0.0,0.0,0.0,0.0,0.0,0.0,0.0,0.0,0.0,9185.599999999999,9448.0,0.0,0.0,9560.0,25001.333333333332,9080.0,9316.800000000001,0.0,0.0,,,,,,,,,,,,,0.0,,,0.0,0.0,
326067,2314,69185,"CECI, M.","CECI, MATEO",14,2.6964285714285716,6.0,2.0,1.0,3.0,0.0,0.0,0.0,0.0,0.0,1.0,0.0,4.0,0.0,0.0,2.0,4.0,0.0,0.0,-18.0,6.0,71.0,38.0,33.0,0.0,0.0,18.650000000000002,18.650000000000002,1.8333333333333333,5.0,2288.08,2289.88,2265.0,37.75,2262.0,6012.083333333333,2575.0,2288.98,70.30105403160847,00:41,False,ZARATE BASKET,BOCA vs ZARATE BASKET (012/10/2024 11:30),BOCA,ZARATE BASKET,BOCA,12/10/2024,6.357615894039736,2.119205298013245,1.0596026490066226,3.178807947019868,0.0,0.0,0.0,0.0,0.0,1.0596026490066226,0.0,4.23841059602649,0.0,0.0,2.119205298013245,4.23841059602649,0.0,0.0,-19.072847682119203,6.357615894039736,75.2317880794702,40.264900662251655,34.966887417218544,19.761589403973513,19.761589403973513,1.9426048565121412,5.298013245033113,2424.4556291390727,2426.362913907285,2400.0,40.0,2396.82119205298,6370.419426048565,2728.4768211920527,2425.409271523179,74.49118307985005,6.0,0.0,50.0,2.631578947368421,6.0606060606060606,4.225352112676056,0.0,33.33333333333333,,,50.0,8.450704225352112,,5.1000000000000005,120.0,3.455056398345702,0.0,0.0,0.3642857142857143
43836,88,69164,"CERINO, I.","CERINO, IAN",2,3.7666666666666666,3.0,1.0,1.0,2.0,0.0,0.0,1.0,0.0,0.0,1.0,1.0,1.0,1.0,2.0,0.0,0.0,1.0,1.0,0.0,5.0,16.0,9.0,6.0,0.0,0.0,6.966666666666667,6.966666666666667,0.0,3.88,639.04,620.52,452.0,7.533333333333333,636.0,1600.0166666666667,621.0,629.78,15.160707930282694,02:44,False,SAN LORENZO,SAN LORENZO vs INDEPENDIENTE (O) (005/05/2025 20:30),SAN LORENZO,INDEPENDIENTE (O),INDEPENDIENTE (O),05/05/2025,15.929203539823009,5.3097345132743365,5.3097345132743365,10.619469026548673,0.0,0.0,5.3097345132743365,0.0,0.0,5.3097345132743365,5.3097345132743365,5.3097345132743365,5.3097345132743365,10.619469026548673,0.0,0.0,5.3097345132743365,5.3097345132743365,0.0,26.548672566371682,84.95575221238938,47.78761061946903,31.858407079646017,36.991150442477874,36.991150442477874,0.0,20.601769911504423,3393.132743362832,3294.796460176991,2400.0,40.0,3376.9911504424776,8495.663716814159,3297.3451327433627,3343.9646017699115,80.49933414309395,3.0,20.0,33.333333333333336,11.11111111111111,16.666666666666664,13.333333333333334,0.3333333333333333,,33.33333333333333,50.0,38.659793814432994,31.25,0.0,1.3000000000000003,77.31958762886599,2.374254415466174,0.0,0.0,0.6500000000000001
219864,1474,68570,"CHACON, M.","CHACON TIRADO, MARCOS",38,16.41798245614035,260.0,50.0,13.0,63.0,37.0,30.0,17.0,3.0,7.0,90.0,45.0,208.0,60.0,48.0,33.0,63.0,41.0,5.0,198.0,239.0,1257.0,543.0,538.0,0.0,0.0,178.4,178.4,26.133333333333333,228.24,2783.56,2770.04,37433.0,623.8833333333333,3141.0,7600.05,2985.0,2776.8,1140.3470783823568,03:22,False,GIMNASIA (CR),SAN MARTIN (C) vs GIMNASIA (CR) (004/12/2024 21:30),SAN MARTIN (C),GIMNASIA (CR),SAN MARTIN (C),04/12/2024,16.669783346245293,3.205727566585633,0.8334891673122646,4.039216733897898,2.3722383992733684,1.9234365399513798,1.0899473726391153,0.19234365399513798,0.4488018593219886,5.770309619854139,2.8851548099270694,13.335826676996234,3.8468730799027595,3.0774984639222076,2.115780193946518,4.039216733897898,2.6286966046002194,0.32057275665856333,12.694681163679107,15.323377768279325,80.5919910239628,34.81420137311997,34.493628616461415,11.43803595757754,11.43803595757754,1.6755269414687577,14.633505195950098,178.46670050490212,177.59987177089732,2400.0,40.0,201.38380573290945,487.27379584858284,191.3819357251623,178.03328613789972,73.11284129291418,204.0,7.112970711297072,53.6764705882353,2.394106813996317,9.293680297397769,5.827937095282146,0.20098039215686275,34.375,55.55555555555556,89.13043478260869,57.97359971459151,19.013524264120925,2.176470588235294,225.90000000000003,113.91517700665965,44.1463459458203,0.0,0.0,5.944736842105264
182439,1913,70011,"CHAMORRO, F.","CHAMORRO, FACUNDO",37,11.066216216216215,98.0,42.0,14.0,56.0,32.0,19.0,23.0,4.0,6.0,81.0,37.0,85.0,25.0,21.0,6.0,27.0,30.0,3.0,19.0,117.0,833.0,357.0,356.0,0.0,0.0,116.63333333333333,116.63333333333333,1.6666666666666665,104.52,2854.36,2867.76,24567.0,409.45,3112.0,7624.816666666667,3234.0,2861.06,769.1093997243,08:46,False,UNION (SF),UNION (SF) vs RIACHUELO (LR) (003/12/2024 21:00),UNION (SF),RIACHUELO (LR),RIACHUELO (LR),03/12/2024,9.573818537061912,4.103065087312248,1.367688362437416,5.470753449749664,3.1261448284283793,1.8561484918793503,2.246916595432898,0.3907681035535474,0.5861521553303212,7.9130540969593355,3.6146049578703137,8.303822200512883,2.4423006472096715,2.051532543656124,0.5861521553303212,2.6376846989864458,2.930760776651606,0.2930760776651606,1.8561484918793503,11.429967028941263,81.37745756502626,34.87605324215411,34.77836121626572,11.394146619448852,11.394146619448852,0.16282004314731144,10.210770545854196,278.8482110147759,280.15728416168037,2400.0,40.0,304.0175845646599,744.8837871942037,315.9360117230431,279.5027475882281,75.135855388868,79.0,19.65811965811966,43.037974683544306,3.9215686274509802,11.797752808988763,7.854137447405329,0.379746835443038,18.181818181818183,54.347826086956516,90.9090909090909,52.39520958083833,14.045618247298918,1.391304347826087,84.29999999999998,93.76195943360123,30.386213516091626,0.0,0.0,2.278378378378378
274342,2376,69996,"CHAPERO, M.","CHAPERO, MARTIN",3,3.6666666666666665,4.0,1.0,0.0,1.0,0.0,0.0,1.0,1.0,0.0,0.0,0.0,5.0,2.0,0.0,0.0,0.0,0.0,0.0,-3.0,3.0,23.0,9.0,10.0,0.0,0.0,10.2,10.2,0.45,3.0,1036.92,1048.3600000000001,660.0,11.0,1120.0,2824.9666666666667,1082.0,1042.64,20.205583616170244,00:00,False,PEÑAROL (MDP),PLATENSE vs PEÑAROL (MDP) (011/10/2024 22:05),PLATENSE,PEÑAROL (MDP),PLATENSE,11/10/2024,14.545454545454547,3.6363636363636367,0.0,3.6363636363636367,0.0,0.0,3.6363636363636367,3.6363636363636367,0.0,0.0,0.0,18.18181818181818,7.272727272727273,0.0,0.0,0.0,0.0,0.0,-10.909090909090908,10.909090909090908,83.63636363636363,32.72727272727273,36.36363636363636,37.09090909090909,37.09090909090909,1.6363636363636362,10.909090909090908,3770.6181818181817,3812.218181818182,2400.0,40.0,4072.7272727272725,10272.60606060606,3934.5454545454545,3791.4181818181823,73.47484951334634,2.0,33.33333333333333,100.0,0.0,10.0,5.263157894736842,0.0,,100.0,,100.0,13.043478260869565,0.0,3.3999999999999995,133.33333333333331,2.011143068576274,0.0,0.0,1.133333333333333
316400,76,69063,"CHAPERO, T.","CHAPERO, TOMAS",36,21.672222222222224,284.0,83.0,38.0,121.0,26.0,12.0,41.0,28.0,6.0,84.0,93.0,345.0,114.0,52.0,2.0,4.0,50.0,32.0,42.0,248.0,1579.0,639.0,793.0,0.0,0.0,157.21666666666664,176.9333333333333,57.199999999999996,211.08,2676.6,2706.16,46812.0,780.2,2956.0,7300.15,2882.0,2691.38,1440.0841546007841,20:46,True,OBRAS,OBRAS vs SAN LORENZO (027/11/2024 19:00),OBRAS,SAN LORENZO,SAN LORENZO,27/11/2024,14.560369136118943,4.25531914893617,1.9482184055370415,6.203537554473212,1.3329915406306077,0.6152268649064342,2.10202512176365,1.4355293514483463,0.3076134324532171,4.30658805434504,4.7680082030248645,17.687772366059985,5.844655216611125,2.6659830812612153,0.10253781081773904,0.20507562163547807,2.563445270443476,1.6406049730838246,2.15329402717252,12.714688541399642,80.95360164060496,32.76083055626762,40.65624198923353,8.0603264120311,9.071178330342645,2.932581389387336,10.821840553704178,137.22635221738014,138.74186106126632,2400.0,40.0,151.5508843886183,374.2706998205588,147.75698538836195,137.98410663932324,73.83153830303942,172.0,16.532258064516128,68.02325581395348,5.94679186228482,10.466582597730138,8.449720670391061,0.29069767441860467,33.33333333333333,68.67469879518072,60.97560975609756,68.24298346789696,15.706143128562381,0.6341463414634146,246.3,134.54614364222095,57.298717879587805,0.0,0.0,6.841666666666667
220521,2376,69996,"CHIARAVIGLIO, N.","CHIARAVIGLIO, NICOLAS",28,7.106547619047619,47.0,23.0,5.0,28.0,4.0,13.0,8.0,0.0,0.0,25.0,9.0,43.0,8.0,6.0,8.0,17.0,7.0,2.0,-13.0,50.0,401.0,186.0,183.0,0.0,0.0,64.8,69.80000000000001,12.200000000000003,48.96,2798.76,2800.6,11939.0,198.98333333333335,3085.0,7624.916666666667,2990.0,2799.6800000000003,367.5581813567463,08:47,False,PEÑAROL (MDP),PLATENSE vs PEÑAROL (MDP) (011/10/2024 22:05),PLATENSE,PEÑAROL (MDP),PLATENSE,11/10/2024,9.448027472987686,4.623502805930145,1.005109305636988,5.628612111567133,0.8040874445095904,2.6132841946561687,1.6081748890191807,0.0,0.0,5.02554652818494,1.8091967501465782,8.643940028478097,1.6081748890191807,1.2061311667643855,1.6081748890191807,3.4173716391657587,1.4071530278917832,0.4020437222547952,-2.6132841946561687,10.05109305636988,80.60976631208644,37.390066169695956,36.78700058631376,13.026216601055363,14.031325906692354,2.4524667057542513,9.842030320797386,562.6119440489153,562.9818242733896,2399.9999999999995,40.0,620.1524415780216,1532.774939274646,601.0553647709188,562.7968841611525,73.88722968893467,39.0,16.0,51.282051282051285,2.6881720430107525,12.568306010928962,7.588075880758807,0.1794871794871795,32.0,57.14285714285714,77.77777777777779,54.70204841713221,12.468827930174564,0.5,42.7,95.99673202614379,14.02105004834375,0.0,0.0,1.5250000000000001
232903,19,70600,"CIFUENTES, F.","CIFUENTES ROTTA, FIDEL",6,3.466666666666667,10.0,6.0,0.0,6.0,0.0,1.0,1.0,3.0,1.0,0.0,2.0,19.0,3.0,1.0,0.0,0.0,4.0,0.0,-1.0,7.0,47.0,16.0,21.0,0.0,0.0,13.2,13.2,0.0,6.76,1480.48,1498.32,1248.0,20.8,1678.0,3999.95,1565.0,1489.4,39.37644584115176,05:17,False,BOCA,BOCA vs ZARATE BASKET (012/10/2024 11:30),BOCA,ZARATE BASKET,ZARATE BASKET,12/10/2024,19.23076923076923,11.538461538461537,0.0,11.538461538461537,0.0,1.923076923076923,1.923076923076923,5.769230769230768,1.923076923076923,0.0,3.846153846153846,36.53846153846154,5.769230769230768,1.923076923076923,0.0,0.0,7.692307692307692,0.0,-1.923076923076923,13.46153846153846,90.38461538461539,30.769230769230766,40.38461538461539,25.384615384615383,25.384615384615383,0.0,12.999999999999998,2847.076923076923,2881.3846153846152,2400.0,40.0,3226.9230769230767,7692.211538461538,3009.6153846153848,2864.230769230769,75.72393430990722,4.0,14.285714285714285,75.0,0.0,28.57142857142857,16.216216216216218,1.0,,75.0,100.0,86.80555555555556,14.893617021276595,0.0,12.700000000000001,147.92899408284023,2.7780735150611426,0.0,0.0,2.1166666666666667
321294,1474,68570,"CISNEROS, A.","CISNEROS SIERRA, ANYELO JOSE",38,20.316228070175438,339.0,106.0,47.0,153.0,31.0,37.0,23.0,15.0,3.0,72.0,39.0,374.0,107.0,68.0,33.0,67.0,26.0,7.0,75.0,311.0,1591.0,727.0,642.0,0.0,0.0,247.61666666666667,247.61666666666667,32.266666666666666,265.52,2783.56,2770.04,46321.0,772.0166666666667,3141.0,7600.05,2985.0,2776.8,1419.5072962801175,08:02,False,GIMNASIA (CR),SAN MARTIN (C) vs GIMNASIA (CR) (004/12/2024 21:30),SAN MARTIN (C),GIMNASIA (CR),SAN MARTIN (C),04/12/2024,17.56438764275383,5.492109410418601,2.435180587638436,7.927289998057036,1.6061829407827983,1.9170570583536626,1.1916841173549795,0.7771852939271605,0.1554370587854321,3.7304894108503706,2.020681764210617,19.377819995250533,5.543921763347078,3.523239999136461,1.709807646639753,3.4714276462079834,1.3471211761404114,0.36268647049934155,3.8859264696358027,16.11364176075646,82.43345350920748,37.667580579003044,33.26353058008247,12.829602124306472,12.829602124306472,1.6718119211588698,13.757215949569307,144.22279311759246,143.52229010599945,2400.0,40.0,162.7426005483474,393.77647287407444,154.65987349150492,143.87254161179595,73.54801301941413,275.0,7.395498392282958,56.90909090909091,6.464924346629987,16.510903426791277,11.176040905770636,0.09454545454545454,33.0,61.142857142857146,78.78787878787878,58.54517822602929,19.547454431175364,1.3478260869565217,335.79999999999995,127.67399819222658,54.953497371250556,0.0,0.0,8.836842105263157
314781,76,69063,"CLARKE, C.","CLARKE, CHRISTOPHER ASHTON",37,32.876576576576575,601.0,306.0,64.0,370.0,114.0,48.0,100.0,10.0,14.0,74.0,179.0,901.0,170.0,104.0,40.0,89.0,141.0,40.0,41.0,584.0,2442.0,1041.0,1139.0,0.0,0.0,261.1666666666667,275.1166666666667,65.61666666666666,518.64,2748.56,2765.76,72986.0,1216.4333333333334,3040.0,7475.183333333333,2938.0,2757.16,2246.6478303613258,33:43,True,OBRAS,OBRAS vs SAN LORENZO (027/11/2024 19:00),OBRAS,SAN LORENZO,SAN LORENZO,27/11/2024,19.762694215328967,10.062203710300606,2.1045131943112376,12.166716904611842,3.748664127366892,1.578384895733428,3.288301866111309,0.3288301866111309,0.46036226125558327,2.4333433809223686,5.8860603403392435,29.627599813662894,5.590113172389225,3.419833940755761,1.3153207464445236,2.926588660839065,4.636505631216946,1.3153207464445236,1.3482037651056367,19.203682898090044,80.30033157043816,34.23122242621873,37.453758255007806,8.587948373660701,9.046666483983229,2.157674074480037,17.054448798399694,90.380949771189,90.94653769216015,2400.0,40.0,99.9643767297838,245.80659304524153,96.61030882635025,90.66374373167456,73.8765625307207,403.0,17.123287671232877,57.07196029776675,6.147934678194044,26.865671641791046,16.972477064220186,0.34987593052109184,31.007751937984494,62.04379562043796,77.90055248618785,62.26172716724682,23.914823914823916,1.14,605.9,115.87999383001697,86.82945575338707,0.0,0.0,16.375675675675677
225429,1869,69992,"COGLIATI, P.","COGLIATI, PATRICIO ANDRES",3,3.233333333333333,2.0,1.0,0.0,1.0,0.0,0.0,0.0,0.0,0.0,0.0,1.0,3.0,0.0,0.0,0.0,1.0,2.0,0.0,-5.0,2.0,21.0,8.0,6.0,0.0,0.0,6.816666666666666,6.816666666666666,0.7166666666666667,1.88,1146.44,1121.8400000000001,582.0,9.7,1237.0,3025.0499999999997,1172.0,1134.1399999999999,19.308909890018327,00:00,False,QUIMSA,ATENAS (C) vs QUIMSA (028/11/2024 22:10),ATENAS (C),QUIMSA,ATENAS (C),28/11/2024,8.247422680412372,4.123711340206186,0.0,4.123711340206186,0.0,0.0,0.0,0.0,0.0,0.0,4.123711340206186,12.371134020618557,0.0,0.0,0.0,4.123711340206186,8.247422680412372,0.0,-20.61855670103093,8.247422680412372,86.5979381443299,32.98969072164949,24.742268041237114,28.109965635738835,28.109965635738835,2.9553264604811,7.752577319587629,4727.58762886598,4626.144329896908,2400.0000000000005,40.0,5101.030927835052,12474.432989690722,4832.98969072165,4676.865979381443,79.62437068048796,1.0,0.0,0.0,0.0,16.666666666666664,7.142857142857142,2.0,0.0,,100.0,53.191489361702125,9.523809523809524,,2.0,106.38297872340425,1.7595560918209525,0.0,0.0,0.6666666666666666
325854,88,69164,"COLLOMB, D.","COLLOMB, DIEGO",27,21.99506172839506,231.0,57.0,20.0,77.0,61.0,22.0,44.0,11.0,3.0,76.0,75.0,238.0,35.0,45.0,40.0,65.0,41.0,6.0,9.0,249.0,1307.0,601.0,582.0,0.0,0.0,165.54999999999998,165.54999999999998,9.666666666666666,229.68,2235.92,2198.48,35632.0,593.8666666666667,2222.0,5624.866666666667,2247.0,2217.2,1170.4468494336118,28:59,True,SAN LORENZO,SAN LORENZO vs FERRO (020/05/2025 20:00),SAN LORENZO,FERRO,FERRO,20/05/2025,15.559048046699594,3.8392456219128874,1.347103726986978,5.186349348899865,4.108666367310283,1.4818140996856757,2.9636281993713514,0.7409070498428378,0.20206555904804668,5.118994162550516,5.051638976201167,16.03053435114504,2.3574315222272118,3.0309833857207003,2.694207453973956,4.378087112707679,2.761562640323305,0.40413111809609337,0.60619667714414,16.771441400987875,88.03322855859902,40.480466995958686,39.20071845532106,11.15065110013471,11.15065110013471,0.6511001347103726,15.470139200718457,150.6008082622362,148.07903008531656,2400.0,40.0,149.66322406825324,378.86394252357434,151.34710372698697,149.33991917377637,78.83566565560923,185.0,17.670682730923694,51.351351351351354,3.3277870216306153,9.793814432989691,6.508875739644971,0.22162162162162163,38.095238095238095,43.75,87.2340425531915,56.155192532088684,19.05126243305279,1.3863636363636365,202.19999999999996,100.57471264367817,53.50273578253709,0.0,0.0,7.488888888888887
326140,2305,69510,"CONRRADI, F.","CONRRADI, FRANCISCO",38,22.343421052631577,300.0,134.0,15.0,149.0,77.0,61.0,68.0,12.0,7.0,79.0,86.0,331.0,81.0,79.0,34.0,98.0,36.0,23.0,31.0,386.0,1784.0,818.0,823.0,0.0,0.0,279.8166666666667,279.8166666666667,60.216666666666654,370.96,2851.32,2848.88,50943.0,849.05,3137.0,7599.616666666667,2956.0,2850.1,1596.1751213686362,16:39,False,OBERA,OBERA vs RIACHUELO (LR) (001/12/2024 21:00),OBERA,RIACHUELO (LR),RIACHUELO (LR),01/12/2024,14.133443260114246,6.312937989517696,0.7066721630057122,7.019610152523409,3.62758377009599,2.8738001295565634,3.2035804722925625,0.5653377304045699,0.3297803427359991,3.721806725163418,4.051587067899417,15.593899063659384,3.816029680230846,3.721806725163418,1.6017902361462812,4.6169247983039865,1.6960131912137095,1.0835639832754256,1.4604558035451387,18.185030328013664,84.04687592014605,38.53718862257818,38.77274601024675,13.182576605225451,13.182576605225451,2.83689613882182,17.4764737059066,134.32989812142984,134.21494611624757,2400.0,40.0,147.78870502326131,358.0291698565063,139.26152758965904,134.2724221188387,75.19816837023197,292.0,17.616580310880828,45.205479452054796,1.8337408312958436,16.281895504252734,9.079829372333943,0.1232876712328767,25.757575757575758,50.625,61.016949152542374,47.17574537677696,21.63677130044843,1.1323529411764706,277.59999999999997,80.87125296527928,58.085114587169905,0.0,0.0,7.305263157894736
327539,19,70600,"COOPER, T.","COOPER, THOMAS",36,18.09722222222222,233.0,90.0,19.0,109.0,45.0,18.0,35.0,2.0,9.0,56.0,72.0,253.0,52.0,66.0,24.0,45.0,57.0,15.0,-19.0,255.0,1302.0,551.0,624.0,0.0,0.0,217.3,217.3,15.416666666666666,234.68,2675.76,2696.8,39090.0,651.5,2928.0,7249.983333333334,2754.0,2686.2799999999997,1207.3472877823042,16:21,False,BOCA,ARGENTINO (J) vs BOCA (005/12/2024 21:00),ARGENTINO (J),BOCA,ARGENTINO (J),05/12/2024,14.305448963929395,5.525709900230238,1.1665387567152723,6.692248656945511,2.762854950115119,1.1051419800460476,2.1488871834228704,0.12279355333844973,0.5525709900230238,3.4382194934765926,4.42056792018419,15.533384497313891,3.1926323867996933,4.052187260168841,1.4735226400613968,2.762854950115119,3.4996162701458173,0.920951650038373,-1.1665387567152723,15.65617805065234,79.93860322333077,33.8296239447429,38.311588641596316,13.341519570222564,13.341519570222564,0.9465336403172167,14.408595548733691,164.2830391404451,165.5748273215656,2400.0,40.0,179.7697620874904,445.12560757226913,169.08672294704527,164.92893323100535,74.1272317901645,187.0,13.725490196078432,47.05882352941177,3.4482758620689653,14.423076923076922,9.276595744680852,0.3048128342245989,34.78260869565217,44.06779661016949,79.16666666666666,53.27419059813426,19.5852534562212,1.2857142857142858,204.69999999999996,99.28413158343275,46.078703401923555,0.0,0.0,5.68611111111111
177985,1790,69616,"COPELLO, N.","COPELLO, NICOLAS",37,23.463963963963963,392.0,90.0,16.0,106.0,76.0,31.0,45.0,1.0,5.0,75.0,64.0,348.0,60.0,48.0,74.0,138.0,50.0,11.0,233.0,389.0,1799.0,813.0,800.0,0.0,0.0,198.6333333333333,203.6333333333333,43.95,375.84000000000003,2776.36,2782.68,52090.0,868.1666666666666,3053.0,7424.766666666666,2790.0,2779.52,1625.9687037300303,31:46,True,INSTITUTO,INSTITUTO vs QUIMSA (002/12/2024 22:10),INSTITUTO,QUIMSA,QUIMSA,02/12/2024,18.061048185832213,4.146669226339029,0.7371856402380496,4.883854866577078,3.5016317911307353,1.428297177961221,2.0733346131695143,0.0460741025148781,0.23037051257439048,3.4555576886158574,2.948742560952198,16.033787675177578,2.764446150892686,2.2115569207141488,3.409483586100979,6.358226147053178,2.303705125743905,0.5068151276636591,10.735265885966596,17.92282587828758,82.88731042426569,37.458245344595895,36.85928201190248,9.151852562871952,9.382223075446342,2.0249568055288925,17.316490689191784,127.91829525820695,128.209483586101,2400.0,40.0,140.66423497792283,342.0894605490497,128.5467460165099,128.06388942215398,74.91504874164087,320.0,11.568123393316196,53.4375,1.968019680196802,11.25,6.571605703657781,0.15625,34.90566037735849,55.55555555555556,81.9672131147541,56.51020643524392,21.62312395775431,1.6888888888888889,339.7,104.29970200085141,58.71882277687041,0.0,0.0,9.18108108108108
83757,1474,68570,"COPESKY, J.","COPESKY, JOSE IGNACIO",5,3.1133333333333333,10.0,0.0,1.0,1.0,1.0,0.0,0.0,0.0,0.0,2.0,1.0,10.0,2.0,0.0,2.0,1.0,0.0,0.0,-13.0,5.0,30.0,16.0,11.0,0.0,0.0,14.299999999999999,14.299999999999999,0.0,5.0,2716.28,2697.24,934.0,15.566666666666666,3053.0,7400.05,2901.0,2706.76,28.26719029857065,00:00,False,GIMNASIA (CR),SAN MARTIN (C) vs GIMNASIA (CR) (004/12/2024 21:30),SAN MARTIN (C),GIMNASIA (CR),SAN MARTIN (C),04/12/2024,25.69593147751606,0.0,2.569593147751606,2.569593147751606,2.569593147751606,0.0,0.0,0.0,0.0,5.139186295503212,2.569593147751606,25.69593147751606,5.139186295503212,0.0,5.139186295503212,2.569593147751606,0.0,0.0,-33.404710920770874,12.84796573875803,77.08779443254818,41.113490364025694,28.265524625267666,36.74518201284796,36.74518201284796,0.0,12.84796573875803,6979.734475374733,6930.809421841541,2400.0,40.0,7844.967880085653,19015.117773019272,7454.389721627409,6955.271948608138,72.63517849739782,5.0,0.0,100.0,6.25,0.0,3.7037037037037033,0.0,66.66666666666666,100.0,,100.0,16.666666666666664,,9.099999999999998,200.0,1.1192735577173316,0.0,0.0,1.8199999999999996
174340,1903,69941,"CORBALAN, J.","CORBALAN, JUAN PABLO",37,23.857207207207207,540.0,82.0,10.0,92.0,85.0,24.0,42.0,2.0,7.0,74.0,152.0,510.0,137.0,127.0,48.0,101.0,122.0,34.0,6.0,525.0,1768.0,809.0,872.0,0.0,0.0,217.26666666666665,217.26666666666665,35.483333333333334,513.64,2737.4,2739.88,52963.0,882.7166666666667,3032.0,7399.983333333334,2894.0,2738.64,1632.174085214425,20:50,False,RIACHUELO (LR),UNION (SF) vs RIACHUELO (LR) (003/12/2024 21:00),UNION (SF),RIACHUELO (LR),UNION (SF),03/12/2024,24.469912958102825,3.7158015973415406,0.4531465362611634,4.168948133602703,3.851745558219889,1.0875516870267923,1.9032154522968865,0.09062930725223269,0.31720257538281443,3.3532843683326097,6.887827351169684,23.110473349319335,6.2081075467779385,5.754961010516776,2.1751033740535846,4.576780016237751,5.528387742386194,1.5406982232879556,0.27188792175669807,23.79019315371108,80.1163076109737,36.65955478352812,39.51437796197345,9.845363744500876,9.845363744500876,1.6079149595000284,23.2754186885184,124.04433283613088,124.15671317712365,2400.0,40.0,137.39402979438475,335.3276815890339,131.1406075939807,124.10052300662726,73.96140332901497,413.0,8.0,50.60532687651332,1.2360939431396787,9.403669724770642,5.472932778108269,0.29539951573849876,32.21476510067114,51.89393939393939,78.2051282051282,56.05846690474213,29.694570135746606,2.0238095238095237,447.4,105.13199906549335,62.97891868197359,0.0,0.0,12.09189189189189
264887,88,69164,"CORDOBA, G.","CORDOBA, GASTON EZEQUIEL",35,28.857619047619046,353.0,160.0,24.0,184.0,34.0,40.0,36.0,11.0,6.0,89.0,64.0,393.0,59.0,38.0,61.0,109.0,52.0,15.0,-68.0,328.0,2151.0,985.0,1025.0,0.0,0.0,237.83333333333334,242.83333333333334,46.5,308.48,2782.16,2732.56,60601.0,1010.0166666666667,2708.0,7024.783333333334,2794.0,2757.36,1985.9600025552274,28:44,True,SAN LORENZO,OBRAS vs SAN LORENZO (027/11/2024 19:00),OBRAS,SAN LORENZO,OBRAS,27/11/2024,13.979967327271828,6.336529100179865,0.9504793650269798,7.287008465206845,1.3465124337882215,1.5841322750449662,1.4257190475404697,0.43563637563736574,0.23761984125674496,3.52469431197505,2.534611640071946,15.564099602316794,2.3365951056913254,1.504925661292718,2.4158017194435737,4.316760449497533,2.059371957558456,0.5940496031418623,-2.693024867576443,12.989884655368725,85.18671309054307,39.009257272982296,40.59338954802726,9.418986485371528,9.617003019752149,1.8415537697397732,12.21682810514678,110.18273625847758,108.21841223742183,2400.0,40.0,107.24575502054421,278.2046500882824,110.6516394118909,109.2005742479497,78.65058342490299,267.0,10.975609756097562,56.36704119850187,2.4365482233502536,15.609756097560975,9.154228855721392,0.1947565543071161,35.88235294117647,60.824742268041234,77.61194029850746,59.53184025903939,15.248721524872153,0.9444444444444444,331.6,114.43205394190872,72.98692893075541,0.0,0.0,9.474285714285715
277167,1790,69616,"CORSI, B.","CORSI, BAUTISTA",10,2.256666666666667,7.0,2.0,0.0,2.0,2.0,0.0,0.0,0.0,0.0,3.0,1.0,2.0,0.0,1.0,2.0,5.0,1.0,1.0,-25.0,9.0,43.0,19.0,20.0,0.0,0.0,20.43333333333333,20.43333333333333,1.4333333333333333,8.879999999999999,1306.76,1315.84,1354.0,22.566666666666666,1430.0,3399.8333333333335,1332.0,1311.3,44.907180780422436,00:00,False,INSTITUTO,INSTITUTO vs QUIMSA (002/12/2024 22:10),INSTITUTO,QUIMSA,QUIMSA,02/12/2024,12.407680945347119,3.5450516986706053,0.0,3.5450516986706053,3.5450516986706053,0.0,0.0,0.0,0.0,5.317577548005908,1.7725258493353027,3.5450516986706053,0.0,1.7725258493353027,3.5450516986706053,8.862629246676514,1.7725258493353027,1.7725258493353027,-44.31314623338257,15.952732644017726,76.21861152141803,33.67799113737075,35.450516986706056,36.21861152141801,36.21861152141801,2.5406203840472674,15.740029542097487,2316.2658788774006,2332.3604135893647,2400.0,40.0,2534.711964549483,6026.2924667651405,2361.004431314623,2324.313146233382,79.59913875407227,8.0,0.0,37.5,0.0,10.0,5.128205128205128,0.125,28.57142857142857,0.0,50.0,39.41441441441441,20.930232558139537,,4.999999999999999,78.82882882882883,3.4787330216626233,0.0,0.0,0.4999999999999999
173128,1903,69941,"CORSO, M.","CORSO SOTERAS, MATEO LEANDRO",8,2.833333333333333,0.0,2.0,0.0,2.0,3.0,0.0,0.0,0.0,0.0,4.0,1.0,1.0,0.0,1.0,0.0,0.0,0.0,0.0,-6.0,1.0,40.0,18.0,22.0,0.0,0.0,12.933333333333332,12.933333333333332,1.1166666666666667,1.0,1772.72,1778.56,1360.0,22.666666666666664,1933.0,4799.883333333333,1904.0,1775.64,42.411230743174,00:00,False,RIACHUELO (LR),UNION (SF) vs RIACHUELO (LR) (003/12/2024 21:00),UNION (SF),RIACHUELO (LR),UNION (SF),03/12/2024,0.0,3.5294117647058827,0.0,3.5294117647058827,5.294117647058823,0.0,0.0,0.0,0.0,7.058823529411765,1.7647058823529413,1.7647058823529413,0.0,1.7647058823529413,0.0,0.0,0.0,0.0,-10.588235294117647,1.7647058823529413,70.58823529411765,31.764705882352942,38.82352941176471,22.823529411764703,22.823529411764703,1.9705882352941178,1.7647058823529413,3128.3294117647065,3138.6352941176474,2400.0000000000005,40.0,3411.176470588236,8470.382352941177,3360.0000000000005,3133.482352941177,74.84334837030707,1.0,0.0,0.0,0.0,9.090909090909092,5.0,0.0,,0.0,,0.0,2.5,,0.7999999999999994,0.0,2.5611744126245806,0.0,0.0,0.09999999999999992
325983,1913,70011,"COSOLITO, M.","COSOLITO, MAURO NICOLAS",38,25.364912280701756,286.0,132.0,10.0,142.0,127.0,35.0,62.0,2.0,1.0,117.0,62.0,287.0,39.0,32.0,61.0,136.0,25.0,19.0,-118.0,349.0,1928.0,827.0,891.0,0.0,0.0,204.4333333333333,209.4333333333333,52.53333333333333,339.36,2854.36,2867.76,57832.0,963.8666666666667,3112.0,7624.816666666667,3234.0,2861.06,1809.7328569756355,17:06,True,UNION (SF),UNION (SF) vs RIACHUELO (LR) (003/12/2024 21:00),UNION (SF),RIACHUELO (LR),RIACHUELO (LR),03/12/2024,11.868861529948818,5.477936090745608,0.41499515838981876,5.892931249135427,5.270438511550698,1.4524830543643659,2.5729699820168768,0.08299903167796374,0.04149951583898187,4.855443353160879,2.5729699820168768,11.910361045787798,1.6184811177202931,1.3279845068474199,2.5314704661778946,5.643934154101535,1.0374878959745468,0.7884908009406556,-4.8969428689998615,14.483331027804676,80.01106653755706,34.32009959883801,36.976068612532856,8.483884354682527,8.691381933877437,2.180107898741181,14.08327569511689,118.45455803015632,119.01065154239868,2400.0,40.0,129.1464932909116,316.42620002766637,134.2094342232674,118.73260478627749,75.10303736238632,268.0,17.765042979942695,48.69402985074627,1.2091898428053205,14.814814814814813,8.265424912689173,0.09328358208955224,30.96446700507614,54.929577464788736,56.81818181818182,49.76336302895323,18.101659751037342,2.0483870967741935,261.09999999999997,84.27628477133428,71.49948891387957,0.0,0.0,6.871052631578946
328770,2305,69510,"COSTA, A.","COSTA, ALBANO NAHUEL",2,3.291666666666667,4.0,0.0,1.0,1.0,0.0,0.0,0.0,0.0,0.0,1.0,0.0,3.0,2.0,1.0,0.0,0.0,0.0,0.0,-4.0,3.0,14.0,8.0,10.0,0.0,0.0,5.783333333333333,5.783333333333333,1.0,2.0,984.44,992.48,395.0,6.583333333333334,1030.0,2599.9333333333334,1002.0,988.46,12.584765170708671,00:00,False,OBERA,INDEPENDIENTE (O) vs OBERA (015/05/2025 21:00),INDEPENDIENTE (O),OBERA,INDEPENDIENTE (O),15/05/2025,24.303797468354425,0.0,6.075949367088606,6.075949367088606,0.0,0.0,0.0,0.0,0.0,6.075949367088606,0.0,18.22784810126582,12.151898734177212,6.075949367088606,0.0,0.0,0.0,0.0,-24.303797468354425,18.22784810126582,85.0632911392405,48.60759493670885,60.75949367088607,35.13924050632911,35.13924050632911,6.075949367088606,12.151898734177212,5981.407594936709,6030.2582278481,2399.9999999999995,40.0,6258.227848101265,15797.063291139239,6088.101265822784,6005.832911392405,76.4643959739261,3.0,0.0,66.66666666666667,12.5,0.0,5.555555555555555,0.0,,66.66666666666666,,66.66666666666666,21.428571428571427,,3.400000000000001,200.0,1.2906301968604572,0.0,0.0,1.7000000000000004
338708,1913,70011,"CRAION, M.","CRAION JR, MICHAEL JOE",14,9.696428571428571,70.0,21.0,15.0,36.0,8.0,7.0,9.0,4.0,2.0,21.0,23.0,90.0,27.0,13.0,0.0,1.0,16.0,12.0,-17.0,62.0,271.0,118.0,119.0,0.0,0.0,43.46666666666666,43.46666666666666,0.8833333333333334,47.32,1139.16,1142.0,8145.0,135.75,1282.0,3024.9333333333334,1312.0,1140.58,258.584063586577,20:54,False,UNION (SF),UNION (SF) vs LA UNION FSA. (018/05/2025 21:00),UNION (SF),LA UNION FSA.,LA UNION FSA.,18/05/2025,20.626151012891345,6.1878453038674035,4.41988950276243,10.607734806629834,2.3572744014732967,2.0626151012891345,2.6519337016574585,1.1786372007366483,0.5893186003683242,6.1878453038674035,6.777163904235728,26.519337016574585,7.955801104972375,3.830570902394107,0.0,0.2946593001841621,4.714548802946593,3.5359116022099446,-5.009208103130756,18.268876611418047,79.85267034990792,34.76979742173113,35.064456721915285,12.807857581338242,12.807857581338242,0.2602823818293432,13.94327808471455,335.66408839779007,336.5009208103131,2400.0,40.0,377.75322283609574,891.3247391037446,386.59300184162066,336.0825046040515,76.19419921519763,41.0,14.516129032258066,65.85365853658537,12.711864406779661,17.647058823529413,15.18987341772152,0.3902439024390244,0.0,67.5,57.14285714285714,65.64141035258815,22.878228782287824,0.8888888888888888,67.69999999999999,147.92899408284023,26.07862925156492,0.0,0.0,4.8357142857142845
323167,19,70600,"CUELLO, M.","CUELLO, MARTIN NICOLAS",38,26.610526315789475,443.0,128.0,18.0,146.0,116.0,24.0,59.0,0.0,13.0,48.0,66.0,485.0,102.0,88.0,63.0,90.0,50.0,12.0,252.0,426.0,2070.0,877.0,997.0,0.0,0.0,241.83333333333334,251.83333333333334,69.44999999999999,411.28000000000003,2818.28,2839.36,60672.0,1011.2,3097.0,7649.966666666667,2884.0,2828.82,1869.8919273867652,27:33,True,BOCA,BOCA vs ZARATE BASKET (012/10/2024 11:30),BOCA,ZARATE BASKET,ZARATE BASKET,12/10/2024,17.52373417721519,5.063291139240506,0.7120253164556961,5.775316455696203,4.588607594936709,0.9493670886075949,2.3338607594936707,0.0,0.5142405063291139,1.8987341772151898,2.6107594936708862,19.18512658227848,4.034810126582278,3.481012658227848,2.492088607594937,3.560126582278481,1.9778481012658227,0.47468354430379744,9.968354430379748,16.85126582278481,81.88291139240506,34.69145569620253,39.438291139240505,9.566191983122362,9.961761603375528,2.747231012658227,16.268987341772153,111.48259493670886,112.31645569620254,2400.0,40.0,122.50791139240505,302.60944092827003,114.08227848101265,111.89952531645571,73.96724396308406,343.0,13.849765258215962,57.28862973760933,2.0524515393386547,12.83851554663992,7.790821771611527,0.1457725947521866,41.17647058823529,53.68421052631579,80.64516129032258,59.81959598141947,20.579710144927535,1.9661016949152543,413.3,107.7125072943007,67.39181674792079,0.0,0.0,10.876315789473685
328741,1932,69789,"DANIELS, D.","DANIELS, DEANDRE MARTISE",14,24.823809523809526,101.0,66.0,23.0,89.0,16.0,8.0,18.0,14.0,2.0,30.0,26.0,121.0,37.0,35.0,4.0,23.0,15.0,25.0,-68.0,136.0,702.0,325.0,317.0,0.0,0.0,74.05,74.05,10.749999999999998,111.60000000000001,1044.64,1034.52,20852.0,347.53333333333336,1015.0,2800.0,1153.0,1039.58,646.2436470670887,07:13,False,ARGENTINO (J),ARGENTINO (J) vs ZARATE BASKET (014/03/2025 21:00),ARGENTINO (J),ZARATE BASKET,ZARATE BASKET,14/03/2025,11.624784193362746,7.5963936313063485,2.647228083637061,10.243621714943409,1.8415499712257817,0.9207749856128908,2.0717437176290043,1.6113562248225588,0.2301937464032227,3.4529061960483403,2.992518703241895,13.926721657394975,4.2585843084596195,4.028390562056397,0.4603874928064454,2.647228083637061,1.7264530980241701,2.8774218300402836,-7.826587377709572,15.653174755419144,80.79800498753116,37.40648379052369,36.4857088049108,8.522923460579321,8.522923460579321,1.2372913869173217,12.844811049299826,120.23479762133128,119.07001726453096,2399.9999999999995,40.0,116.82332629963553,322.27124496451177,132.70669480145787,119.65240744293112,74.38062310382759,99.0,13.23529411764706,43.43434343434343,7.076923076923077,20.82018927444795,13.862928348909657,0.15151515151515152,14.814814814814813,51.388888888888886,37.5,43.310463121783876,19.37321937321937,0.8888888888888888,96.19999999999999,90.50179211469533,68.94774260615462,0.0,0.0,6.871428571428571
326697,1474,68570,"DANIELS, T.","DANIELS, TRAVIS DORREL",34,26.2671568627451,339.0,139.0,84.0,223.0,31.0,16.0,41.0,9.0,9.0,60.0,110.0,512.0,120.0,59.0,10.0,18.0,69.0,29.0,37.0,289.0,1812.0,802.0,760.0,0.0,0.0,168.76666666666665,168.76666666666665,60.099999999999994,207.12,2626.76,2622.04,53585.0,893.0833333333334,2955.0,7200.066666666667,2811.0,2624.4,1619.9112553387706,33:49,True,GIMNASIA (CR),SAN MARTIN (C) vs GIMNASIA (CR) (004/12/2024 21:30),SAN MARTIN (C),GIMNASIA (CR),SAN MARTIN (C),04/12/2024,15.183353550433889,6.225622842213305,3.7622468974526453,9.987869739665951,1.3884482597741905,0.7166184566576467,1.8363347951852196,0.4030978818699263,0.4030978818699263,2.687319212466175,4.926751889521321,22.931790613044694,5.37463842493235,2.642530558925072,0.4478865354110292,0.8061957637398526,3.0904170943361016,1.2988709526919848,1.657180181020808,12.943920873378742,81.15704021647849,35.920500139964545,34.03937669123822,7.558831762620136,7.558831762620136,2.691798077820285,9.276625921433236,117.6490435756275,117.4376411309135,2400.0,40.0,132.3504712139591,322.4812914061771,125.9009051040403,117.5433423532705,72.5536439827013,207.0,14.186851211072666,65.21739130434783,10.473815461346634,18.289473684210527,14.276568501920615,0.3333333333333333,35.714285714285715,67.0391061452514,70.40816326530613,67.76747161362546,15.949227373068434,0.7560975609756098,344.8,163.67323290845886,66.11383682733843,0.0,0.0,10.141176470588235
273711,1474,68570,"DATO, M.","DATO, MARTINIANO",38,18.624122807017546,273.0,51.0,29.0,80.0,60.0,39.0,29.0,1.0,6.0,83.0,54.0,280.0,70.0,38.0,36.0,55.0,25.0,16.0,174.0,246.0,1444.0,631.0,596.0,0.0,0.0,145.98333333333332,145.98333333333332,30.383333333333333,217.04,2783.56,2770.04,42463.0,707.7166666666667,3141.0,7600.05,2985.0,2776.8,1287.6989091888086,27:53,True,GIMNASIA (CR),SAN MARTIN (C) vs GIMNASIA (CR) (004/12/2024 21:30),SAN MARTIN (C),GIMNASIA (CR),SAN MARTIN (C),04/12/2024,15.429903680851565,2.882509478840402,1.6390740173798366,4.521583496220238,3.391187622165179,2.2042719544073663,1.6390740173798366,0.05651979370275298,0.3391187622165179,4.691142877328497,3.052068859948661,15.825542236770836,3.956385559192709,2.1477521607046133,2.034712573299107,3.108588653651414,1.4129948425688246,0.9043166992440477,9.834444104279019,13.903869250877234,81.6145821067753,35.66398982643713,33.685797046840776,8.250947884040222,8.250947884040222,1.717259732001978,12.267056025245505,157.3262369592351,156.5620893483739,2400.0,40.0,177.5286720203471,429.5532581306078,168.71158420271766,156.94416315380448,72.78047669861151,199.0,11.788617886178862,62.311557788944725,4.595879556259905,8.557046979865772,6.519967400162999,0.12562814070351758,39.56043956043956,64.81481481481481,60.97560975609756,62.891632878732025,17.03601108033241,2.0689655172413794,262.00000000000006,125.78326575746405,49.85078893677297,0.0,0.0,6.894736842105265
321289,1474,68570,"DE LOS SANTOS, N.","DE LOS SANTOS, NICOLAS",38,21.58201754385965,271.0,73.0,20.0,93.0,101.0,46.0,55.0,4.0,12.0,93.0,75.0,273.0,84.0,92.0,20.0,49.0,43.0,16.0,32.0,325.0,1679.0,750.0,681.0,0.0,0.0,140.91666666666666,140.91666666666666,49.26666666666666,306.08,2783.56,2770.04,49207.0,820.1166666666667,3141.0,7600.05,2985.0,2776.8,1494.0259797472684,30:59,True,GIMNASIA (CR),SAN MARTIN (C) vs GIMNASIA (CR) (004/12/2024 21:30),SAN MARTIN (C),GIMNASIA (CR),SAN MARTIN (C),04/12/2024,13.217631637775114,3.560469038957872,0.975470969577499,4.535940008535371,4.92612839636637,2.243583230028248,2.682545166338123,0.19509419391549984,0.5852825817464995,4.535940008535371,3.658016135915622,13.315178734732863,4.096978072225496,4.487166460056496,0.975470969577499,2.389903875464873,2.0972625845916233,0.7803767756619994,1.5607535513239987,15.85140325563436,81.89078789603104,36.58016135915622,33.21478651411384,6.873005873148129,6.873005873148129,2.402910155059239,14.928607718414046,135.76409860385718,135.10468022842278,2400.0,40.0,153.19771577214624,370.68140711687363,145.58904220944174,135.43438941614,72.86894855190205,245.0,16.923076923076923,46.53061224489796,2.666666666666667,10.719530102790015,6.498951781970649,0.17551020408163265,28.985507246376812,47.72727272727273,72.88135593220339,50.00738116327133,19.356759976176296,1.8363636363636364,254.3,88.53894406691062,57.83834501293047,0.0,0.0,6.692105263157895
326796,1882,69822,"DEFELIPPO, J.","DEFELIPPO, JOSE",38,27.30219298245614,477.0,168.0,65.0,233.0,144.0,60.0,100.0,4.0,13.0,123.0,126.0,584.0,107.0,95.0,59.0,106.0,86.0,23.0,-60.0,513.0,2198.0,1025.0,966.0,0.0,0.0,202.56666666666663,202.56666666666663,43.06666666666666,449.96,2879.16,2904.52,62249.0,1037.4833333333333,3067.0,7599.916666666667,3168.0,2891.84,1976.3147204043648,30:43,True,OLIMPICO (LB),OLIMPICO (LB) vs LA UNION FSA. (017/11/2024 22:00),OLIMPICO (LB),LA UNION FSA.,LA UNION FSA.,17/11/2024,18.390656878022135,6.47721248534113,2.506064354447461,8.98327683978859,5.551896416006683,2.3132901733361177,3.855483622226863,0.15421934488907452,0.5012128708894922,4.742244855339042,4.857909364005847,22.51602435380488,4.125367475782744,3.6627094411155197,2.2747353371138495,4.086812639560475,3.3157159151151023,0.8867612331121786,-2.3132901733361177,19.77863098202381,84.74353001654646,39.51870712782535,37.2439717907115,7.809924657424214,7.809924657424214,1.6604282799723689,17.348134106571994,111.00554225770694,111.98329290430368,2400.0,40.0,118.2476826936979,293.0135423862231,122.14172115214701,111.49441758100534,76.19649036884891,367.0,19.49317738791423,53.26975476839237,6.341463414634147,17.391304347826086,11.702661978905073,0.23433242506811988,35.75757575757576,52.97029702970298,78.89908256880734,57.475419317524576,23.339399454049136,1.44,467.9999999999998,106.00942305982754,74.86884046502055,0.0,0.0,12.315789473684205
326446,2314,69185,"DEL DO , F.","DEL DO, FACUNDO",1,2.8833333333333333,0.0,1.0,0.0,1.0,0.0,0.0,0.0,0.0,0.0,0.0,0.0,1.0,0.0,0.0,0.0,0.0,0.0,0.0,-2.0,0.0,4.0,3.0,4.0,0.0,0.0,2.633333333333333,2.633333333333333,0.6333333333333333,0.0,759.96,760.4,173.0,2.8833333333333333,758.0,2000.0666666666666,858.0,760.1800000000001,5.195333722189818,00:00,False,ZARATE BASKET,BOCA vs ZARATE BASKET (012/10/2024 11:30),BOCA,ZARATE BASKET,BOCA,12/10/2024,0.0,13.872832369942197,0.0,13.872832369942197,0.0,0.0,0.0,0.0,0.0,0.0,0.0,13.872832369942197,0.0,0.0,0.0,0.0,0.0,0.0,-27.745664739884393,0.0,55.49132947976879,41.618497109826585,55.49132947976879,36.531791907514446,36.531791907514446,8.786127167630058,0.0,10542.797687861274,10548.901734104047,2400.0,40.0,10515.606936416185,27746.58959537572,11902.890173410406,10545.849710982659,72.07399383384718,0.0,,,0.0,25.0,14.285714285714285,,,,,,0.0,,0.3,,0.7713791488414642,0.0,0.0,0.3
15243,19,70600,"DELIA, M.","DELIA, MARCOS NICOLAS",37,20.54594594594595,306.0,131.0,57.0,188.0,30.0,16.0,30.0,17.0,9.0,51.0,102.0,421.0,137.0,78.0,0.0,2.0,32.0,68.0,128.0,291.0,1536.0,687.0,731.0,0.0,0.0,133.6,137.86666666666665,43.81666666666666,234.0,2818.28,2839.36,45612.0,760.2,3097.0,7649.966666666667,2884.0,2828.82,1404.0963145209018,17:51,True,BOCA,BOCA vs ZARATE BASKET (012/10/2024 11:30),BOCA,ZARATE BASKET,ZARATE BASKET,12/10/2024,16.101026045777427,6.892922915022362,2.9992107340173635,9.892133649039726,1.5785319652722967,0.8418837148118916,1.5785319652722967,0.8945014469876347,0.47355958958168903,2.6835043409629042,5.3670086819258085,22.152065245987895,7.208629308076821,4.1041831097079715,0.0,0.10523546435148645,1.6837674296237832,3.5780057879505387,6.735069718495133,15.311760063141278,80.82083662194158,36.148382004735595,38.4635622204683,7.029729018679294,7.254231342629131,2.305533631500482,12.312549329123915,148.29150223625362,149.40068403051828,2399.9999999999995,40.0,162.95711654827676,402.5238972200298,151.74953959484344,148.84609313338595,73.88036382640892,217.0,10.309278350515463,63.133640552995395,8.296943231441048,17.920656634746923,13.258110014104371,0.14746543778801843,0.0,63.72093023255814,32.0,58.620689655172406,18.9453125,1.0,291.40000000000003,130.76923076923077,50.60431575682801,0.0,0.0,7.8756756756756765
328816,2314,69185,"DELIA, T.","DELIA, TOMAS FRANCISCO",4,10.791666666666666,11.0,3.0,2.0,5.0,1.0,1.0,1.0,0.0,0.0,2.0,5.0,19.0,2.0,0.0,0.0,0.0,7.0,1.0,1.0,7.0,83.0,28.0,35.0,0.0,0.0,17.3,17.3,0.6,4.52,817.44,849.0,2590.0,43.166666666666664,821.0,2198.766666666667,945.0,833.22,80.3349397244674,22:23,False,ZARATE BASKET,PLATENSE vs ZARATE BASKET (011/05/2025 20:00),PLATENSE,ZARATE BASKET,PLATENSE,11/05/2025,10.193050193050192,2.7799227799227797,1.8532818532818536,4.633204633204634,0.9266409266409268,0.9266409266409268,0.9266409266409268,0.0,0.0,1.8532818532818536,4.633204633204634,17.606177606177607,1.8532818532818536,0.0,0.0,0.0,6.486486486486487,0.9266409266409268,0.9266409266409268,6.486486486486487,76.91119691119692,25.945945945945947,32.432432432432435,16.030888030888033,16.030888030888033,0.555984555984556,4.188416988416988,757.4733590733592,786.7181467181467,2400.0,40.0,760.7722007722008,2037.4671814671817,875.6756756756758,772.095752895753,74.44164298792347,2.0,14.285714285714285,100.0,7.142857142857142,8.571428571428571,7.936507936507936,3.5,,100.0,87.5,99.6376811594203,8.433734939759036,1.0,12.2,243.36283185840708,10.938876145438982,0.0,0.0,3.05
211384,1932,69789,"DI PRINZIO, P.","DI PRINZIO, PIERO",3,1.3777777777777775,0.0,0.0,0.0,0.0,0.0,0.0,0.0,0.0,1.0,1.0,0.0,-5.0,0.0,2.0,0.0,1.0,0.0,0.0,-4.0,3.0,10.0,6.0,4.0,0.0,0.0,3.1999999999999997,3.1999999999999997,0.5333333333333333,3.0,676.2,678.64,248.0,4.133333333333333,698.0,1825.0333333333333,782.0,677.42,7.583036688454975,00:00,False,ARGENTINO (J),ARGENTINO (J) vs BOCA (005/12/2024 21:00),ARGENTINO (J),BOCA,BOCA,05/12/2024,0.0,0.0,0.0,0.0,0.0,0.0,0.0,0.0,9.677419354838712,9.677419354838712,0.0,-48.38709677419355,0.0,19.354838709677423,0.0,9.677419354838712,0.0,0.0,-38.70967741935485,29.032258064516135,96.7741935483871,58.06451612903227,38.70967741935485,30.967741935483872,30.967741935483872,5.161290322580646,29.032258064516135,6543.8709677419365,6567.483870967743,2400.0000000000005,40.0,6754.83870967742,17661.612903225807,7567.741935483872,6555.677419354839,73.38422601730622,3.0,0.0,0.0,0.0,0.0,0.0,0.0,0.0,0.0,,0.0,30.0,,-1.2999999999999994,0.0,1.2922165229191331,0.0,0.0,-0.4333333333333331
324886,2025,69418,"DIAZ, J.","DIAZ GIMENEZ, JORGE LUCIANO",12,4.279166666666667,20.0,7.0,2.0,9.0,5.0,3.0,3.0,0.0,0.0,4.0,2.0,27.0,5.0,1.0,3.0,3.0,1.0,1.0,24.0,16.0,118.0,46.0,47.0,0.0,0.0,25.549999999999997,25.549999999999997,0.8166666666666665,13.879999999999999,1330.44,1335.48,3081.0,51.35,1477.0,3400.0333333333333,1498.0,1332.96,101.31212359618652,01:49,False,INDEPENDIENTE (O),INDEPENDIENTE (O) vs ARGENTINO (J) (027/11/2024 21:00),INDEPENDIENTE (O),ARGENTINO (J),ARGENTINO (J),27/11/2024,15.579357351509248,5.452775073028238,1.5579357351509249,7.010710808179162,3.894839337877312,2.3369036027263874,2.3369036027263874,0.0,0.0,3.1158714703018497,1.5579357351509249,21.032132424537487,3.894839337877312,0.7789678675754624,2.3369036027263874,2.3369036027263874,0.7789678675754624,0.7789678675754624,18.6952288218111,12.463485881207399,91.91820837390458,35.83252190847127,36.61148977604674,19.902629016553064,19.902629016553064,0.6361570918532943,10.812074001947419,1036.3700097370984,1040.2960077896787,2400.0,40.0,1150.535540408958,2648.516715352158,1166.893865628043,1038.3330087633885,78.91888887726311,12.0,18.75,79.16666666666667,4.3478260869565215,14.893617021276595,9.67741935483871,0.08333333333333333,50.0,83.33333333333334,50.0,77.63975155279502,13.559322033898304,1.6666666666666667,21.400000000000002,144.09221902017293,8.541625966943796,0.0,0.0,1.7833333333333334
179887,1903,69941,"DIAZ, F.","DIAZ, FABRICIO HERNAN",6,4.827777777777778,7.0,6.0,4.0,10.0,3.0,1.0,0.0,0.0,2.0,4.0,3.0,17.0,3.0,0.0,0.0,0.0,1.0,1.0,16.0,4.0,64.0,29.0,23.0,0.0,0.0,13.666666666666664,13.666666666666664,1.4833333333333332,1.88,962.9200000000001,965.3199999999999,1738.0,28.96666666666667,1024.0,2599.9333333333334,1015.0,964.12,53.88913121051021,00:00,False,RIACHUELO (LR),UNION (SF) vs RIACHUELO (LR) (003/12/2024 21:00),UNION (SF),RIACHUELO (LR),UNION (SF),03/12/2024,9.666283084004602,8.285385500575373,5.523590333716916,13.80897583429229,4.1426927502876865,1.380897583429229,0.0,0.0,2.761795166858458,5.523590333716916,4.1426927502876865,23.475258918296895,4.1426927502876865,0.0,0.0,0.0,1.380897583429229,1.380897583429229,22.094361334867664,5.523590333716916,88.37744533947065,40.04602991944764,31.760644418872268,18.872266973532792,18.872266973532792,2.048331415420023,2.59608745684695,1329.6939010356732,1333.0080552359032,2399.9999999999995,40.0,1414.0391254315305,3590.2416570770997,1401.6110471806674,1331.3509781357882,74.41537106169419,3.0,0.0,100.0,13.793103448275861,26.08695652173913,19.230769230769234,0.3333333333333333,,100.0,50.0,90.20618556701031,6.25,,11.8,372.34042553191495,5.884447776486682,0.0,0.0,1.9666666666666668
325771,46,69144,"DIEZ, A.","DIEZ, ALEJANDRO GABRIEL",38,22.678508771929824,382.0,96.0,40.0,136.0,27.0,12.0,44.0,5.0,16.0,90.0,72.0,333.0,136.0,86.0,21.0,43.0,47.0,22.0,-54.0,362.0,1784.0,796.0,785.0,0.0,0.0,193.54999999999998,198.54999999999998,61.599999999999994,320.36,2947.88,2931.12,51707.0,861.7833333333333,3108.0,7650.066666666667,3131.0,2939.5,1659.9695594387736,28:11,True,FERRO,FERRO vs BOCA (003/12/2024 21:05),FERRO,BOCA,BOCA,03/12/2024,17.730674763571663,4.455876380374031,1.8566151584891792,6.31249153886321,1.2532152319801961,0.5569845475467539,2.0422766743380976,0.2320768948111474,0.7426460633956717,4.177384106600654,3.341907285280523,15.45632119442242,6.31249153886321,3.9917225907517357,0.9747229582068193,1.9958612953758679,2.1815228112247858,1.0211383371690488,-2.5064304639603923,16.802367184327075,82.80503606861741,36.94664165393468,36.436072485350145,8.983696598139517,9.215773492950664,2.8591873440733364,14.86963080433984,136.82696733517707,136.04904558377007,2400.0,40.0,144.25899781460924,355.08074341965306,145.32655153074052,136.43800645947357,77.0481161671158,286.0,12.154696132596685,58.56643356643357,5.025125628140704,12.229299363057326,8.60215053763441,0.16433566433566432,32.8125,61.261261261261254,68.11594202898551,60.37425717536983,20.291479820627803,0.6136363636363636,298.59999999999997,119.24085403920589,60.15057623616273,0.0,0.0,7.857894736842105
326145,2314,69185,"DIGGS, A.","DIGGS, AVERY GERELL",36,17.867592592592594,321.0,74.0,28.0,102.0,27.0,12.0,30.0,8.0,6.0,90.0,82.0,317.0,133.0,74.0,0.0,11.0,55.0,24.0,-180.0,281.0,1301.0,585.0,605.0,0.0,0.0,189.49999999999997,194.5,25.916666666666664,254.76,2742.28,2752.48,38594.0,643.2333333333333,2723.0,7210.866666666667,3077.0,2747.38,1224.8539780464394,13:17,False,ZARATE BASKET,BOCA vs ZARATE BASKET (012/10/2024 11:30),BOCA,ZARATE BASKET,BOCA,12/10/2024,19.96165207026999,4.601751567601181,1.7412032958490955,6.342954863450277,1.6790174638544852,0.7462299839353268,1.8655749598383167,0.49748665595688446,0.3731149919676634,5.596724879514951,5.099238223558066,19.71290874229155,8.270715655283205,4.601751567601181,0.0,0.6840441519407161,3.4202207597035805,1.4924599678706536,-11.193449759029901,17.474218790485565,80.90376742498833,36.37871171684718,37.62242835673939,11.7842151629787,12.095144322951754,1.611649479193657,15.842462558946986,170.53096336218064,171.16525884852567,2400.0,40.0,169.33202052132455,448.4137430688708,191.34580504741672,170.84811110535315,76.1685636967263,218.0,10.676156583629894,61.00917431192661,4.786324786324787,12.231404958677686,8.571428571428571,0.25229357798165136,0.0,64.25120772946859,69.62025316455697,63.49897135622725,21.598770176787088,0.9,258.3,126.00094206311823,49.93164164922885,0.0,0.0,7.175000000000001
74350,76,69063,"DIGON, A.","DIGON, ALEJO ADRIEL",31,5.796774193548386,38.0,33.0,4.0,37.0,4.0,3.0,4.0,3.0,2.0,40.0,5.0,13.0,5.0,11.0,8.0,17.0,4.0,3.0,-35.0,48.0,357.0,180.0,173.0,0.0,0.0,66.6,67.39999999999999,2.85,44.08,2751.64,2772.88,10782.0,179.7,3059.0,7500.2,2958.0,2762.26,330.9821787082819,15:58,False,OBRAS,OBRAS vs SAN LORENZO (027/11/2024 19:00),OBRAS,SAN LORENZO,SAN LORENZO,27/11/2024,8.45854201446856,7.345575959933223,0.8903728436282694,8.235948803561492,0.8903728436282694,0.6677796327212021,0.8903728436282694,0.6677796327212021,0.4451864218141347,8.903728436282695,1.1129660545353368,2.8937117417918756,1.1129660545353368,2.448525319977741,1.7807456872565388,3.784084585420145,0.8903728436282694,0.6677796327212021,-7.790762381747357,10.684474123539234,79.46577629382304,40.066777963272116,38.508625486922654,14.824707846410686,15.002782415136338,0.634390651085142,9.811908736783527,612.4963828603228,617.2242626599889,2400.0000000000005,40.0,680.9126321647191,1669.4936004451865,658.4307178631052,614.8603227601559,73.67438591169324,41.0,8.333333333333332,41.46341463414634,2.2222222222222223,19.07514450867052,10.48158640226629,0.0975609756097561,32.0,31.25,57.14285714285714,43.10344827586207,13.445378151260504,1.0,25.10000000000001,86.20689655172414,12.831578661929708,0.0,0.0,0.809677419354839
324076,1932,69789,"DOMINICI, L.","DOMINICI, LUCIO",11,2.283333333333333,2.0,1.0,4.0,5.0,1.0,0.0,0.0,0.0,0.0,4.0,0.0,3.0,1.0,1.0,0.0,0.0,0.0,0.0,1.0,2.0,56.0,25.0,29.0,0.0,0.0,16.933333333333334,16.933333333333334,1.5333333333333332,0.0,2291.52,2311.0,1507.0,25.116666666666667,2245.0,6225.083333333333,2681.0,2301.26,46.52791038746131,00:00,False,ARGENTINO (J),ATENAS (C) vs ARGENTINO (J) (001/12/2024 20:30),ATENAS (C),ARGENTINO (J),ATENAS (C),01/12/2024,3.1851360318513606,1.5925680159256803,6.370272063702721,7.962840079628401,1.5925680159256803,0.0,0.0,0.0,0.0,6.370272063702721,0.0,4.777704047777041,1.5925680159256803,1.5925680159256803,0.0,0.0,0.0,0.0,1.5925680159256803,3.1851360318513606,89.18380889183808,39.814200398142006,46.18447246184473,26.96748506967485,26.96748506967485,2.441937624419376,0.0,3649.4014598540143,3680.424684804247,2400.0,40.0,3575.315195753152,9913.868613138686,4269.674850696749,3664.913072329131,74.0988619309271,2.0,0.0,50.0,16.0,3.4482758620689653,9.25925925925926,0.0,,50.0,,50.0,3.571428571428571,,3.599999999999999,,2.355519830780527,0.0,0.0,0.3272727272727272
301161,19,70600,"DONZINO, O.","DONZINO, OCTAVIO",1,2.3666666666666667,0.0,1.0,1.0,2.0,0.0,0.0,1.0,0.0,0.0,0.0,0.0,0.0,0.0,1.0,0.0,0.0,0.0,0.0,0.0,2.0,6.0,2.0,2.0,0.0,0.0,2.05,2.05,0.0,1.0,215.64,215.8,142.0,2.3666666666666667,227.0,600.0,195.0,215.72,4.378333333333334,00:00,False,BOCA,SAN MARTIN (C) vs BOCA (008/05/2025 21:30),SAN MARTIN (C),BOCA,SAN MARTIN (C),08/05/2025,0.0,16.901408450704224,16.901408450704224,33.80281690140845,0.0,0.0,16.901408450704224,0.0,0.0,0.0,0.0,0.0,0.0,16.901408450704224,0.0,0.0,0.0,0.0,0.0,33.80281690140845,101.40845070422536,33.80281690140845,33.80281690140845,34.647887323943664,34.647887323943664,0.0,16.901408450704224,3644.619718309859,3647.323943661972,2400.0,40.0,3836.6197183098593,10140.845070422536,3295.774647887324,3645.9718309859154,74.0,1.0,50.0,0.0,50.0,50.0,50.0,0.0,,0.0,,0.0,33.33333333333333,0.0,-0.30000000000000004,0.0,1.8346899003917732,0.0,0.0,-0.30000000000000004
222002,19,70600,"DROCEZESKY, T.","DROCEZESKY, TIAGO IGNACIO",4,1.7375,2.0,2.0,0.0,2.0,0.0,0.0,3.0,0.0,0.0,0.0,0.0,0.0,1.0,0.0,0.0,1.0,0.0,0.0,0.0,5.0,17.0,6.0,9.0,0.0,0.0,6.016666666666666,6.016666666666666,0.35,5.0,1432.84,1433.48,417.0,6.95,1597.0,3850.016666666667,1435.0,1433.1599999999999,13.038607798655667,00:00,False,BOCA,BOCA vs ZARATE BASKET (012/10/2024 11:30),BOCA,ZARATE BASKET,ZARATE BASKET,12/10/2024,11.510791366906474,11.510791366906474,0.0,11.510791366906474,0.0,0.0,17.26618705035971,0.0,0.0,0.0,0.0,0.0,5.755395683453237,0.0,0.0,5.755395683453237,0.0,0.0,0.0,28.776978417266186,97.84172661870502,34.53237410071942,51.798561151079134,34.6282973621103,34.6282973621103,2.014388489208633,28.776978417266186,8246.561151079135,8250.244604316547,2400.0,40.0,9191.36690647482,22158.369304556356,8258.992805755395,8248.402877697841,75.04234704262254,2.0,60.0,50.0,0.0,22.22222222222222,13.333333333333334,0.0,0.0,100.0,,50.0,29.411764705882355,0.0,-1.0,40.0,0.9109484222021361,0.0,0.0,-0.25
323618,1932,69789,"DUPUY, E.","DUPUY, EZEQUIEL MARIO",17,23.050980392156863,160.0,34.0,7.0,41.0,24.0,16.0,21.0,0.0,4.0,43.0,37.0,109.0,26.0,31.0,27.0,66.0,27.0,4.0,-99.0,182.0,787.0,382.0,357.0,0.0,0.0,101.61666666666667,101.61666666666667,14.833333333333332,177.64,1269.44,1263.6,23512.0,391.8666666666667,1241.0,3400.0333333333333,1405.0,1266.52,730.0321110110494,20:15,False,ARGENTINO (J),ARGENTINO (J) vs BOCA (005/12/2024 21:00),ARGENTINO (J),BOCA,BOCA,05/12/2024,16.332085743450154,3.470568220483157,0.7145287512759442,4.185096971759102,2.4498128615175228,1.6332085743450153,2.1435862538278325,0.0,0.40830214358625383,4.389248043552229,3.7767948281728483,11.126233412725417,2.6539639333106497,3.164341612793467,2.756039469207213,6.736985369173189,2.756039469207213,0.40830214358625383,-10.105478053759782,18.57774753317455,80.33344675059544,38.99285471248724,36.440966315073155,10.372575706022458,10.372575706022458,1.5141204491323579,18.13269819666553,129.57876828853352,128.98264715889758,2400.0,40.0,126.67574004763524,347.06022456617893,143.41612793467166,129.28070772371555,74.51841895315238,150.0,11.538461538461538,44.333333333333336,1.832460732984293,9.523809523809524,5.548037889039242,0.18,29.03225806451613,45.614035087719294,87.09677419354838,48.88780249327793,23.12579415501906,1.1428571428571428,123.10000000000002,90.06980409817609,63.94351287900203,0.0,0.0,7.241176470588236
276422,1424,69990,"ELIAS, G.","ELIAS, GASTON FEDERICO",25,15.325333333333333,160.0,37.0,3.0,40.0,13.0,13.0,15.0,2.0,1.0,48.0,34.0,126.0,20.0,26.0,33.0,41.0,21.0,5.0,-2.0,146.0,726.0,327.0,369.0,0.0,0.0,104.01666666666667,104.41666666666667,6.983333333333333,143.44,1813.56,1832.04,22988.0,383.1333333333333,1969.0,5024.983333333334,1972.0,1822.8,698.6245935598081,13:39,False,REGATAS (C),REGATAS (C) vs INSTITUTO (011/10/2024 21:30),REGATAS (C),INSTITUTO,INSTITUTO,11/10/2024,16.704367496084913,3.8628849834696366,0.3132068905515922,4.176091874021228,1.3572298590568992,1.3572298590568992,1.5660344527579606,0.20880459370106144,0.10440229685053072,5.011310248825475,3.5496780929180445,13.15468940316687,2.088045937010614,2.7144597181137984,3.4452757960675133,4.280494170871759,2.1924482338611453,0.5220114842526535,-0.20880459370106144,15.242735340177484,75.7960675134853,34.139551070123545,38.52444753784583,10.859578910736037,10.90133982947625,0.7290760396728728,14.975465460240125,189.3398294762485,191.2691839220463,2400.0,40.0,205.56812249869498,524.619801635636,205.88132938924656,190.3045066991474,72.93801220391245,120.0,10.273972602739725,57.916666666666664,0.9174311926605505,10.02710027100271,5.747126436781609,0.175,44.5945945945946,43.47826086956522,80.76923076923077,60.86427267194156,20.110192837465565,0.8666666666666667,124.5,111.54489682097044,41.46521299127097,0.0,0.0,4.98
328456,2025,69418,"ESPINOZA, P.","ESPINOZA, PABLO ANIBAL",19,17.75438596491228,91.0,77.0,15.0,92.0,34.0,13.0,14.0,1.0,2.0,29.0,28.0,171.0,33.0,29.0,4.0,4.0,13.0,10.0,-37.0,94.0,707.0,302.0,317.0,0.0,0.0,123.45,123.45,19.916666666666664,79.12,1437.76,1431.2,20240.0,337.3333333333333,1599.0,3799.9333333333334,1652.0,1434.48,636.5594713336174,18:20,False,INDEPENDIENTE (O),INDEPENDIENTE (O) vs QUIMSA (030/11/2024 20:30),INDEPENDIENTE (O),QUIMSA,QUIMSA,30/11/2024,10.790513833992094,9.130434782608695,1.7786561264822134,10.90909090909091,4.031620553359684,1.541501976284585,1.6600790513833994,0.11857707509881424,0.23715415019762848,3.438735177865613,3.320158102766799,20.276679841897234,3.9130434782608696,3.438735177865613,0.47430830039525695,0.47430830039525695,1.541501976284585,1.1857707509881423,-4.387351778656127,11.146245059288537,83.83399209486166,35.8102766798419,37.58893280632411,14.638339920948617,14.638339920948617,2.3616600790513833,9.381818181818183,170.48537549407115,169.70750988142294,2400.0,40.0,189.60474308300394,450.5849802371541,195.88932806324112,170.09644268774704,75.48136023718783,70.0,14.893617021276595,55.714285714285715,4.966887417218543,24.290220820189273,14.862681744749596,0.18571428571428572,50.0,53.2258064516129,56.52173913043478,56.789815277084365,13.295615275813297,2.4285714285714284,111.49999999999997,115.01516683518705,51.10487176623855,0.0,0.0,5.868421052631578
144772,1913,70011,"FABBRONI, M.","FABBRONI, MATEO",0,,0.0,0.0,0.0,0.0,0.0,0.0,0.0,0.0,0.0,0.0,0.0,0.0,0.0,0.0,0.0,0.0,0.0,0.0,0.0,0.0,0.0,0.0,0.0,0.0,0.0,0.0,0.0,0.0,0.0,374.12,381.36,0.0,0.0,369.0,1000.0,395.0,377.74,0.0,00:00,False,UNION (SF),REGATAS (C) vs UNION (SF) (001/11/2024 21:30),REGATAS (C),UNION (SF),REGATAS (C),01/11/2024,0.0,0.0,0.0,0.0,0.0,0.0,0.0,0.0,0.0,0.0,0.0,0.0,0.0,0.0,0.0,0.0,0.0,0.0,0.0,0.0,0.0,0.0,0.0,0.0,0.0,0.0,0.0,14964.8,15254.400000000001,0.0,0.0,14760.0,40000.0,15800.0,15109.6,0.0,0.0,,,,,,,,,,,,,0.0,,,0.0,0.0,
326646,1882,69822,"FACELLO, A.","FACELLO, AGUSTIN PEDRO",38,21.62236842105263,368.0,84.0,12.0,96.0,79.0,42.0,66.0,1.0,9.0,96.0,114.0,339.0,91.0,69.0,45.0,102.0,51.0,19.0,-33.0,402.0,1729.0,817.0,786.0,0.0,0.0,242.54999999999998,242.54999999999998,35.14999999999999,391.8,2879.16,2904.52,49299.0,821.65,3067.0,7599.916666666667,3168.0,2891.84,1563.6170143070588,20:24,False,OLIMPICO (LB),OLIMPICO (LB) vs LA UNION FSA. (017/11/2024 22:00),OLIMPICO (LB),LA UNION FSA.,LA UNION FSA.,17/11/2024,17.91517069311751,4.089332440820301,0.5841903486886144,4.673522789508915,3.845919795533378,2.0446662204101504,3.2130469177873793,0.04868252905738453,0.43814276151646075,4.673522789508915,5.5498083125418365,16.503377350453356,4.430110144221993,3.3590945049595327,2.190713807582304,4.965617963853222,2.482808981926611,0.9249680520903061,-1.6065234588936896,19.57037668106858,84.17209274021786,39.773626239883164,38.26446783910424,11.807947422868617,11.807947422868617,1.7111908963670657,19.07381488468326,140.16479036085923,141.39937929775454,2400.0,40.0,149.30931661899837,369.98316395870097,154.2262520537942,140.78208482930688,76.12083073362423,307.0,16.417910447761194,51.62866449511401,1.4687882496940026,10.687022900763358,5.988771054273237,0.16612377850162866,30.612244897959183,56.875,72.85714285714285,54.47010065127294,23.250433776749567,1.196969696969697,295.5,93.92547217968351,59.23459031292068,0.0,0.0,7.776315789473684
271894,1903,69941,"FARIAS, J.","FARIAS ALLAMANO, JUAN ANGEL VALENTIN",1,1.0833333333333333,0.0,0.0,0.0,0.0,0.0,0.0,0.0,0.0,0.0,0.0,0.0,0.0,0.0,0.0,0.0,0.0,0.0,0.0,2.0,0.0,3.0,2.0,1.0,0.0,0.0,0.6166666666666667,0.6166666666666667,0.0,0.0,74.36,71.68,65.0,1.0833333333333333,90.0,200.0,66.0,73.02000000000001,1.9776250000000002,01:05,False,RIACHUELO (LR),RIACHUELO (LR) vs OLIMPICO (LB) (009/11/2024 20:30),RIACHUELO (LR),OLIMPICO (LB),OLIMPICO (LB),09/11/2024,0.0,0.0,0.0,0.0,0.0,0.0,0.0,0.0,0.0,0.0,0.0,0.0,0.0,0.0,0.0,0.0,0.0,0.0,73.84615384615385,0.0,110.76923076923079,73.84615384615385,36.92307692307693,22.769230769230774,22.769230769230774,0.0,0.0,2745.6,2646.6461538461544,2400.0000000000005,40.0,3323.0769230769233,7384.615384615386,2436.923076923077,2696.1230769230774,73.02000000000001,0.0,,,0.0,0.0,0.0,,,,,,0.0,,0.0,,2.4487841260302203,0.0,0.0,0.0
326989,1541,69636,"FERGUSON, R.","FERGUSON, ROMEAO VENILL",36,30.549074074074074,573.0,150.0,35.0,185.0,100.0,44.0,74.0,6.0,16.0,96.0,176.0,637.0,166.0,153.0,34.0,65.0,139.0,43.0,-41.0,569.0,2329.0,1031.0,1042.0,0.0,0.0,267.9,282.9,85.78333333333333,537.08,2863.96,2887.84,65986.0,1099.7666666666667,3102.0,7474.816666666667,3194.0,2875.9,2116.296197310815,35:40,True,LA UNION FSA.,LA UNION FSA. vs ZARATE BASKET (003/12/2024 21:30),LA UNION FSA.,ZARATE BASKET,ZARATE BASKET,03/12/2024,20.84078440881399,5.4557027248204175,1.272997302458097,6.728700027278514,3.6371351498802778,1.6003394659473222,2.6914800109114054,0.21822810899281664,0.5819416239808444,3.491649743885066,6.401357863789289,23.16855090473737,6.037644348801261,5.564816779316825,1.2366259509592945,2.3641378474221804,5.055617858333586,1.5639681144485194,-1.4912254114509138,20.695299002818782,84.70887764071166,37.498863395265666,37.898948261752494,9.743885066529263,10.289455339011305,3.1200557694056315,19.534325462976994,104.1660958385112,105.03464371230262,2400.0,40.0,112.82393234928621,271.86918437244265,116.17009668717607,104.6003697754069,76.97255286797133,418.0,13.005272407732866,51.91387559808612,3.394762366634336,14.39539347408829,8.924264351181863,0.33253588516746413,34.34343434343434,52.03761755485894,76.37362637362637,57.52088017989079,24.431086303134393,1.3513513513513513,505.70000000000016,106.6880166828033,81.72807838061684,0.0,0.0,14.047222222222226
325399,1903,69941,"FERNANDEZ, J.","FERNANDEZ ALVAREZ, JOAQUIN",32,7.693229166666667,80.0,14.0,10.0,24.0,20.0,8.0,10.0,0.0,6.0,37.0,14.0,38.0,21.0,23.0,11.0,26.0,5.0,6.0,2.0,95.0,492.0,233.0,238.0,0.0,0.0,85.01666666666667,85.01666666666667,6.433333333333333,85.84,2659.92,2667.64,14771.0,246.18333333333334,2955.0,7200.1,2810.0,2663.78,456.7815873046786,14:44,False,RIACHUELO (LR),UNION (SF) vs RIACHUELO (LR) (003/12/2024 21:00),UNION (SF),RIACHUELO (LR),UNION (SF),03/12/2024,12.998442894861553,2.2747275066007715,1.624805361857694,3.899532868458466,3.249610723715388,1.2998442894861553,1.624805361857694,0.0,0.9748832171146165,6.011779838873467,2.2747275066007715,6.174260375059237,3.4120912599011577,3.7370523322726963,1.7872858980434636,4.224493940830005,0.812402680928847,0.9748832171146165,0.3249610723715388,15.435650937648093,79.94042380339855,37.85796493128427,38.67036761221312,13.81355358472683,13.81355358472683,1.045291449461783,13.947329226186447,432.1852278112518,433.43957755060586,2400.0,40.0,480.1299844289486,1169.8761085911583,456.570306682012,432.81240268092887,74.21811722505103,81.0,10.526315789473683,46.2962962962963,4.291845493562231,5.88235294117647,5.095541401273886,0.06172839506172839,29.72972972972973,47.72727272727273,45.45454545454545,46.59832246039142,19.308943089430894,2.0,61.70000000000002,93.19664492078284,18.089189711023042,0.0,0.0,1.9281250000000005
277487,2376,69996,"FERNANDEZ, V.","FERNANDEZ, VICTOR LUIS",37,24.467567567567567,380.0,104.0,11.0,115.0,103.0,31.0,48.0,0.0,5.0,54.0,65.0,366.0,65.0,76.0,70.0,131.0,40.0,14.0,12.0,413.0,1788.0,823.0,828.0,0.0,0.0,258.01666666666665,263.01666666666665,38.81666666666667,402.76,2798.76,2800.6,54318.0,905.3,3085.0,7624.916666666667,2990.0,2799.6800000000003,1661.988983302067,33:27,True,PEÑAROL (MDP),PLATENSE vs PEÑAROL (MDP) (011/10/2024 22:05),PLATENSE,PEÑAROL (MDP),PLATENSE,11/10/2024,16.790014359880704,4.5951618248094555,0.4860267314702309,5.081188556279686,4.55097757649398,1.3697116977797417,2.1208439191428257,0.0,0.2209212415773777,2.3859494090356788,2.8719761405059097,16.171434883464045,2.8719761405059097,3.3580028719761406,3.0928973820832875,5.788136529327295,1.7673699326190215,0.6185794764166576,0.5302109797857064,18.248094554291395,79.00143598807026,36.36363636363637,36.584557605213746,11.400272469531279,11.621193711108656,1.715085238779042,17.795647851540927,123.66110681542033,123.74240583232078,2400.0,40.0,136.30840605324204,336.901211384808,132.11090246327186,123.70175632387057,73.43373393580325,342.0,11.62227602905569,49.707602339181285,1.336573511543135,12.560386473429952,6.965475469412477,0.11695906432748537,34.82587064676617,46.09929078014184,74.07407407407408,51.94663167104112,23.09843400447427,2.1458333333333335,344.19999999999993,94.348991955507,63.39902604985646,0.0,0.0,9.302702702702701
144788,1913,70011,"FERRARI, A.","FERRARI, AGUSTÌN IVAN",0,,0.0,0.0,0.0,0.0,0.0,0.0,0.0,0.0,0.0,0.0,0.0,0.0,0.0,0.0,0.0,0.0,0.0,0.0,0.0,0.0,0.0,0.0,0.0,0.0,0.0,0.0,0.0,0.0,0.0,403.84000000000003,400.68,0.0,0.0,447.0,1025.0166666666667,466.0,402.26,0.0,00:00,False,UNION (SF),UNION (SF) vs LA UNION FSA. (018/05/2025 21:00),UNION (SF),LA UNION FSA.,LA UNION FSA.,18/05/2025,0.0,0.0,0.0,0.0,0.0,0.0,0.0,0.0,0.0,0.0,0.0,0.0,0.0,0.0,0.0,0.0,0.0,0.0,0.0,0.0,0.0,0.0,0.0,0.0,0.0,0.0,0.0,16153.600000000002,16027.2,0.0,0.0,17880.0,41000.666666666664,18640.0,16090.4,0.0,0.0,,,,,,,,,,,,,0.0,,,0.0,0.0,
217404,1424,69990,"FERRARO, F.","FERRARO, FRANCISCO",17,7.3392156862745095,32.0,24.0,0.0,24.0,0.0,3.0,4.0,0.0,0.0,16.0,7.0,34.0,3.0,3.0,7.0,8.0,5.0,1.0,-4.0,28.0,228.0,104.0,126.0,0.0,0.0,65.36666666666666,65.36666666666666,3.683333333333333,27.64,2255.88,2262.12,7486.0,124.76666666666667,2474.0,6225.0,2427.0,2259.0,223.79383305836825,05:34,False,REGATAS (C),REGATAS (C) vs GIMNASIA (CR) (002/12/2024 21:30),REGATAS (C),GIMNASIA (CR),GIMNASIA (CR),02/12/2024,10.259150414106333,7.694362810579749,0.0,7.694362810579749,0.0,0.9617953513224686,1.2823938017632917,0.0,0.0,5.129575207053167,2.24418915308576,10.900347314987977,0.9617953513224686,0.9617953513224686,2.24418915308576,2.5647876035265833,1.6029922522041142,0.3205984504408229,-1.2823938017632917,8.97675661234304,73.09644670050761,33.34223884584558,40.39540475554368,20.95645204381512,20.95645204381512,1.1808709591236974,8.861341170184344,723.2316323804436,725.2321667111942,2400.0,40.0,793.1605663905958,1995.7253539941223,778.0924392198772,724.2318995458188,71.74795609672506,21.0,14.285714285714285,64.28571428571429,0.0,19.047619047619047,10.434782608695652,0.23809523809523808,46.666666666666664,50.0,83.33333333333334,67.68189509306261,12.280701754385964,0.0,25.1,115.77424023154848,10.64354394762305,0.0,0.0,1.4764705882352942
153017,1790,69616,"FERRI, V.","FERRI, VALENTINO",3,1.9222222222222223,2.0,0.0,0.0,0.0,1.0,0.0,0.0,0.0,0.0,0.0,0.0,3.0,1.0,0.0,0.0,0.0,0.0,0.0,8.0,1.0,11.0,2.0,7.0,0.0,0.0,5.25,5.25,1.7166666666666666,1.0,235.76,235.51999999999998,346.0,5.766666666666667,280.0,600.0,208.0,235.64000000000001,11.246942742290633,02:38,False,INSTITUTO,INSTITUTO vs SAN LORENZO (011/11/2024 19:30),INSTITUTO,SAN LORENZO,SAN LORENZO,11/11/2024,13.872832369942197,0.0,0.0,0.0,6.936416184971098,0.0,0.0,0.0,0.0,0.0,0.0,20.809248554913292,6.936416184971098,0.0,0.0,0.0,0.0,0.0,55.49132947976879,6.936416184971098,76.30057803468208,13.872832369942197,48.554913294797686,36.41618497109826,36.41618497109826,11.907514450867051,6.936416184971098,1635.329479768786,1633.664739884393,2400.0,40.0,1942.1965317919075,4161.849710982659,1442.7745664739884,1634.4971098265898,78.01347566906797,1.0,0.0,100.0,0.0,0.0,0.0,0.0,,100.0,,100.0,9.090909090909092,,2.4,200.0,4.213081919210001,0.0,0.0,0.7999999999999999
326519,76,69063,"FIELDS, C.","FIELDS, CALEB JOSEPH",7,17.507142857142856,36.0,13.0,2.0,15.0,2.0,0.0,6.0,0.0,0.0,10.0,5.0,14.0,4.0,7.0,9.0,19.0,1.0,2.0,-32.0,46.0,241.0,113.0,113.0,0.0,0.0,39.21666666666667,43.55000000000001,6.7333333333333325,44.32,895.92,898.2,7353.0,122.55,998.0,2450.05,966.0,897.0600000000001,225.47265998714187,12:27,True,OBRAS,OBRAS vs SAN LORENZO (027/11/2024 19:00),OBRAS,SAN LORENZO,SAN LORENZO,27/11/2024,11.750305997552019,4.243166054671563,0.6527947776417788,4.8959608323133414,0.6527947776417788,0.0,1.9583843329253368,0.0,0.0,3.263973888208894,1.631986944104447,4.569563443492452,1.3055895552835577,2.284781721746226,2.9375764993880047,6.2015503875969,0.3263973888208894,0.6527947776417788,-10.444716442268462,15.014279885760915,78.66177070583436,36.882904936760504,36.882904936760504,12.800217598259216,14.21460628314974,2.1977424180606553,14.465932272541819,292.42594859241126,293.1701346389229,2400.0,40.0,325.7445940432476,799.6899224806202,315.2998776009792,292.7980416156671,73.59368747030334,39.0,13.043478260869565,44.87179487179487,1.7699115044247788,11.504424778761061,6.637168141592921,0.02564102564102564,32.142857142857146,36.36363636363637,33.33333333333333,44.642857142857146,19.08713692946058,0.3333333333333333,20.2,81.2274368231047,27.066290107620848,0.0,0.0,2.8857142857142857
271029,46,69144,"FIERRO, M.","FIERRO, MARIANO",37,15.50900900900901,222.0,101.0,34.0,135.0,21.0,14.0,11.0,0.0,5.0,57.0,41.0,215.0,45.0,56.0,34.0,74.0,30.0,15.0,-115.0,240.0,1184.0,551.0,507.0,0.0,0.0,75.04999999999998,75.06666666666666,22.13333333333333,205.8,2947.88,2931.12,34430.0,573.8333333333334,3108.0,7650.066666666667,3131.0,2939.5,1095.3072945530057,22:58,True,FERRO,FERRO vs BOCA (003/12/2024 21:05),FERRO,BOCA,BOCA,03/12/2024,15.474876561138542,7.040371768806272,2.370026139994191,9.410397908800464,1.4638396747022944,0.9758931164681962,0.7667731629392971,0.0,0.34853325588149864,3.973279117049085,2.8579726982282896,14.986930002904444,3.136799302933488,3.903572465872785,2.370026139994191,5.158292187046181,2.091199535288992,1.045599767644496,-8.016264885274468,16.729596282311935,82.53267499273889,38.40836479814116,35.341272146383965,5.231484170781294,5.232645948300901,1.5428405460354337,14.345628812082488,205.48684286959048,204.31855939587567,2399.9999999999995,40.0,216.64827185593958,533.2605286087714,218.25152483299448,204.90270113273309,76.35020351226295,209.0,4.583333333333333,45.933014354066984,6.170598911070781,19.92110453648915,12.75992438563327,0.14354066985645933,31.48148148148148,44.554455445544555,66.66666666666666,48.51398601398601,20.27027027027027,1.9090909090909092,202.3,107.87172011661808,39.689501863703164,0.0,0.0,5.467567567567568
324342,1903,69941,"FIGUEREDO, D.","FIGUEREDO, DIEGO RAFAEL",28,28.91547619047619,429.0,108.0,24.0,132.0,116.0,27.0,86.0,1.0,10.0,66.0,74.0,424.0,68.0,79.0,79.0,106.0,56.0,8.0,199.0,443.0,1661.0,714.0,808.0,0.0,0.0,154.74999999999997,154.74999999999997,36.266666666666666,422.16,2071.96,2068.16,48578.0,809.6333333333333,2321.0,5600.033333333333,2128.0,2070.06,1493.9559113923672,25:16,True,RIACHUELO (LR),UNION (SF) vs RIACHUELO (LR) (003/12/2024 21:00),UNION (SF),RIACHUELO (LR),UNION (SF),03/12/2024,21.194779529828317,5.335748692823912,1.1857219317386472,6.52147062456256,5.730989336736795,1.333937173205978,4.248836922063486,0.0494050804891103,0.494050804891103,3.26073531228128,3.655975956194162,20.947754127382765,3.3595454732595003,3.903001358639713,3.903001358639713,5.236938531845691,2.7666845073901767,0.3952406439128824,9.83161101733295,21.886450656675862,82.06183869241221,35.27522746922475,39.91930503520112,7.645436205689817,7.645436205689817,1.7917575857384,20.856848779282803,102.36535057021698,102.17761126435833,2400.0,40.0,114.669191815225,276.67009757503394,105.13401128082671,102.27148091728766,73.80901204952204,332.0,19.41309255079007,56.174698795180724,3.361344537815126,13.366336633663368,8.672798948751643,0.1686746987951807,42.7027027027027,46.25850340136054,87.5,59.55686361617059,26.67068031306442,1.3488372093023255,371.9,101.62023877202955,74.18974929834579,0.0,0.0,13.282142857142857
326007,2025,69418,"FILIPPETTI, E.","FILIPPETTI SATURNO, ENZO MATEO",25,17.941333333333333,234.0,72.0,30.0,102.0,18.0,25.0,32.0,3.0,11.0,67.0,76.0,256.0,82.0,53.0,2.0,7.0,64.0,32.0,-16.0,220.0,957.0,376.0,403.0,0.0,0.0,84.44999999999999,84.44999999999999,26.816666666666663,188.24,1917.44,1936.64,26912.0,448.5333333333333,2155.0,4999.716666666666,2179.0,1927.04,869.1353158735567,11:44,False,INDEPENDIENTE (O),INDEPENDIENTE (O) vs OLIMPICO (LB) (010/10/2024 21:00),INDEPENDIENTE (O),OLIMPICO (LB),OLIMPICO (LB),10/10/2024,20.86801426872771,6.420927467300833,2.6753864447086806,9.096313912009514,1.6052318668252084,2.2294887039239004,2.8537455410225925,0.26753864447086806,0.9809750297265162,5.975029726516052,6.777645659928657,22.82996432818074,7.312722948870393,4.726516052318669,0.17835909631391203,0.6242568370986921,5.707491082045185,2.8537455410225925,-1.4268727705112962,19.619500594530322,85.3448275862069,33.53151010701546,35.93935790725327,7.531212841854934,7.531212841854934,2.391498216409037,16.787158145065398,170.99643281807374,172.70868014268729,2400.0000000000005,40.0,192.1819262782402,445.87247324613554,194.32223543400713,171.8525564803805,77.50909475685702,144.0,14.545454545454545,59.02777777777778,7.9787234042553195,17.866004962779154,13.093709884467266,0.4444444444444444,22.22222222222222,60.74074074074074,66.66666666666666,62.822164948453604,22.988505747126435,0.5625,201.5,124.30939226519338,51.000442788612155,0.0,0.0,8.06
217131,76,69063,"FINETTI, V.","FINETTI LOPEZ, VALENTINO",1,1.7833333333333334,0.0,0.0,0.0,0.0,0.0,0.0,0.0,0.0,0.0,0.0,0.0,0.0,0.0,0.0,0.0,0.0,0.0,0.0,-1.0,0.0,4.0,2.0,3.0,0.0,0.0,1.3333333333333335,1.3333333333333335,0.26666666666666666,0.0,505.12,509.48,107.0,1.7833333333333334,538.0,1400.0666666666666,535.0,507.3,3.1672000000000007,00:00,False,OBRAS,OBRAS vs SAN LORENZO (027/11/2024 19:00),OBRAS,SAN LORENZO,SAN LORENZO,27/11/2024,0.0,0.0,0.0,0.0,0.0,0.0,0.0,0.0,0.0,0.0,0.0,0.0,0.0,0.0,0.0,0.0,0.0,0.0,-22.429906542056074,0.0,89.7196261682243,44.85981308411215,67.28971962616822,29.90654205607477,29.90654205607477,5.981308411214953,0.0,11329.794392523363,11427.588785046728,2400.0,40.0,12067.289719626167,31403.364485981307,12000.0,11378.691588785045,71.04,0.0,,,0.0,0.0,0.0,,,,,,0.0,,0.0,,0.6584269006547485,0.0,0.0,0.0
271970,80,70071,"FLOR, E.","FLOR, ERIC FABIAN",37,27.66756756756757,552.0,107.0,11.0,118.0,102.0,19.0,83.0,5.0,9.0,101.0,119.0,447.0,109.0,100.0,84.0,158.0,82.0,17.0,-88.0,575.0,2054.0,948.0,840.0,0.0,0.0,232.75,237.75,66.33333333333331,566.56,2723.28,2694.96,61422.0,1023.7,2928.0,7425.05,3031.0,2709.12,1864.5475294892406,34:52,True,PLATENSE,PLATENSE vs PEÑAROL (MDP) (011/10/2024 22:05),PLATENSE,PEÑAROL (MDP),PEÑAROL (MDP),11/10/2024,21.568818989938457,4.180912376672853,0.4298134219009475,4.610725798573801,3.98554263944515,0.742405001465273,3.2431376379798764,0.19536973722770343,0.35166552700986614,3.946468691999609,4.649799746019341,17.466054508156684,4.259060271563935,3.9073947445540687,3.2822115854254177,6.173683696395428,3.204063690534336,0.6642571065741916,-3.43850737520758,22.467519781185892,80.25788805314056,37.042102178372566,32.82211585425417,9.094461267949594,9.289831005177298,2.591905180554198,22.137735664745527,106.40929959949204,105.30272540783432,2400.0,40.0,114.40851812054312,290.12601348051186,118.43313470743381,105.85601250366317,72.8552321769753,451.0,14.43478260869565,52.106430155210646,1.160337552742616,12.738095238095237,6.599552572706935,0.18181818181818182,34.710743801652896,52.15311004784689,82.82828282828282,55.807182141701716,27.994157740993188,1.2289156626506024,420.20000000000005,97.430104490257,77.00426408685183,0.0,0.0,11.356756756756758
213045,1903,69941,"FORESTIER, V.","FORESTIER, VALENTIN",36,24.325462962962963,284.0,125.0,18.0,143.0,56.0,47.0,48.0,10.0,3.0,103.0,93.0,364.0,69.0,39.0,29.0,51.0,59.0,25.0,47.0,274.0,1777.0,779.0,842.0,0.0,0.0,161.0333333333333,161.0333333333333,30.566666666666666,254.96,2737.4,2739.88,52543.0,875.7166666666667,3032.0,7399.983333333334,2894.0,2738.64,1616.8332607275495,21:41,True,RIACHUELO (LR),UNION (SF) vs RIACHUELO (LR) (003/12/2024 21:00),UNION (SF),RIACHUELO (LR),UNION (SF),03/12/2024,12.972232266905202,5.709609272405459,0.822183735226386,6.531793007631844,2.557904954037645,2.1468130864244523,2.192489960603696,0.45676874179243665,0.137030622537731,4.704718040462097,4.247949298669661,16.626382201244695,3.1517043183678126,1.781398092990503,1.3246293511980665,2.329520583141427,2.6949355765753764,1.1419218544810916,2.1468130864244523,12.515463525112764,81.16780541651599,35.582284985630814,38.45992805892317,7.35549930533087,7.35549930533087,1.3961897874122147,11.645775840739965,125.03587537826162,125.14915402622614,2400.0,40.0,138.49228251146678,338.00810764516683,132.18887387473117,125.09251470224386,73.85188941906856,188.0,17.51824817518248,59.840425531914896,2.3106546854942236,14.84560570071259,8.821714990746452,0.31382978723404253,36.25,63.888888888888886,70.23809523809523,63.12233285917497,15.419245920090038,1.1666666666666667,271.7,111.39002196422969,62.386979043533344,0.0,0.0,7.547222222222222
326162,2314,69185,"FRAGA, L.","FRAGA PEREZ, LAUTARO EZEQUIEL",34,24.728431372549018,351.0,49.0,7.0,56.0,81.0,27.0,68.0,0.0,5.0,77.0,88.0,299.0,44.0,48.0,65.0,96.0,68.0,10.0,-139.0,354.0,1708.0,758.0,784.0,0.0,0.0,227.48333333333332,232.48333333333332,53.99999999999999,348.32,2600.28,2599.2,50446.0,840.7666666666667,2560.0,6810.866666666667,2879.0,2599.74,1606.0219789412943,16:38,False,ZARATE BASKET,BOCA vs ZARATE BASKET (012/10/2024 11:30),BOCA,ZARATE BASKET,BOCA,12/10/2024,16.699044522856124,2.331205645640883,0.33302937794869764,2.664235023589581,3.8536256591206444,1.284541886373548,3.2351425286444915,0.0,0.2378781271062126,3.663323157435674,4.186655037069341,14.225112000951512,2.0933275185346707,2.2836300202196407,3.092415652380764,4.567260040439281,3.2351425286444915,0.4757562542124252,-6.613011933552711,16.84177139911985,81.25916821948222,36.06232406930183,37.29929033025413,10.822661856242316,11.06053998334853,2.5690837727470957,16.571541846727193,123.7099472703485,123.65856559489353,2400.0,40.0,121.79360107838085,324.03124132735996,136.97022558775723,123.68425643262101,76.40750008839365,253.0,19.2090395480226,55.92885375494071,0.9234828496042217,6.25,3.631647211413749,0.26877470355731226,40.37267080745342,47.82608695652174,87.17948717948718,61.08172072950021,20.725995316159253,1.1911764705882353,275.59999999999997,100.76940744143317,68.41216513443571,0.0,0.0,8.105882352941176
326647,1882,69822,"FRANCA, J.","FRANCA DOS SANTOS, JOAO VITOR",14,24.16547619047619,231.0,79.0,31.0,110.0,4.0,4.0,7.0,14.0,4.0,24.0,95.0,324.0,75.0,50.0,2.0,9.0,75.0,40.0,18.0,194.0,729.0,328.0,359.0,0.0,0.0,61.466666666666654,61.466666666666654,5.883333333333333,162.6,1071.36,1086.2,20299.0,338.31666666666666,1144.0,2800.05,1129.0,1078.78,654.6171342300809,30:51,True,OLIMPICO (LB),OLIMPICO (LB) vs LA UNION FSA. (017/11/2024 22:00),OLIMPICO (LB),LA UNION FSA.,LA UNION FSA.,17/11/2024,27.311690231045866,9.3403615941672,3.665205182521307,13.005566776688507,0.47292970097049114,0.47292970097049114,0.8276269766983595,1.655253953396719,0.47292970097049114,2.837578205822947,11.232080398049165,38.30730577860979,8.86743189319671,5.911621262131139,0.23646485048524557,1.064091827183605,8.86743189319671,4.729297009704911,2.12818365436721,22.93709049706882,86.19143800187202,38.78023547958028,42.44544066210159,7.26735307157988,7.26735307157988,0.695600768510764,19.224592344450464,126.66949110793635,128.4240602985369,2400.0,40.0,135.25789447756046,331.05670230060593,133.48440809892114,127.54677570323662,77.396971385398,136.0,3.608247422680412,57.35294117647059,9.451219512195122,22.00557103064067,16.011644832605533,0.5514705882352942,18.181818181818183,60.0,65.21739130434783,61.89710610932476,26.611796982167352,0.5714285714285714,219.6,142.06642066420665,63.50911843272141,0.0,0.0,15.685714285714285
77863,1424,69990,"FRANCHELA, T.","FRANCHELA, TOBIAS",36,19.487037037037037,254.0,40.0,21.0,61.0,38.0,19.0,26.0,1.0,8.0,98.0,54.0,160.0,56.0,68.0,30.0,54.0,52.0,13.0,-61.0,264.0,1364.0,610.0,659.0,0.0,0.0,182.85,184.9333333333333,23.566666666666663,241.6,2624.8,2641.8,42092.0,701.5333333333333,2834.0,7225.016666666666,2812.0,2633.3,1277.5560234197553,35:26,True,REGATAS (C),REGATAS (C) vs GIMNASIA (CR) (002/12/2024 21:30),REGATAS (C),GIMNASIA (CR),GIMNASIA (CR),02/12/2024,14.482562007032216,2.280718426304286,1.19737717380975,3.4780956001140364,2.1666825049890717,1.0833412524945358,1.4824669770977859,0.05701796065760715,0.4561436852608572,5.5877601444455,3.078969875510786,9.122873705217144,3.193005796826,3.877221324717286,1.7105388197282145,3.078969875510786,2.9649339541955717,0.7412334885488929,-3.4780956001140364,15.052741613608287,77.77249833697616,34.78095600114036,37.57483607336311,10.425734106243468,10.544521524280148,1.3437232728309414,13.775539294877888,149.66074313408726,150.63004846526658,2400.0,40.0,161.58890050365866,411.9557160505559,160.3345053691913,150.14539579967692,72.84363908123665,208.0,9.848484848484848,48.55769230769231,3.4426229508196724,6.0698027314112295,4.806934594168637,0.25,35.714285714285715,45.16129032258064,80.0,53.6770921386306,19.35483870967742,1.4615384615384615,194.2,105.13245033112584,51.80827317663654,0.0,0.0,5.394444444444444
324479,1541,69636,"FRANCO, N.","FRANCO, NICOLAS ARIEL",37,10.77972972972973,129.0,71.0,10.0,81.0,16.0,8.0,14.0,1.0,5.0,52.0,22.0,134.0,42.0,28.0,10.0,15.0,15.0,9.0,-46.0,119.0,831.0,382.0,388.0,0.0,0.0,76.83333333333333,76.83333333333333,5.599999999999999,109.56,2857.88,2885.4,23931.0,398.85,3113.0,7474.816666666667,3205.0,2871.64,767.9942465304515,11:01,False,LA UNION FSA.,LA UNION FSA. vs ZARATE BASKET (003/12/2024 21:30),LA UNION FSA.,ZARATE BASKET,ZARATE BASKET,03/12/2024,12.937194433997742,7.120471355146044,1.0028832894571893,8.123354644603234,1.6046132631315029,0.8023066315657514,1.4040366052400652,0.10028832894571893,0.5014416447285946,5.214993105177385,2.2063432368058167,13.438636078726338,4.212109815720195,2.8080732104801305,1.0028832894571893,1.5043249341857838,1.5043249341857838,0.9025949605114704,-4.6132631315030705,11.934311144540553,83.33960135389245,38.31014165726464,38.91187163093895,7.705486607329405,7.705486607329405,0.561614642096026,10.987589319292967,286.61200952739125,289.3719443399774,2400.0,40.0,312.19756800802304,749.636872675609,321.42409427102916,287.9919769336843,77.02085962446549,95.0,11.76470588235294,60.0,2.6178010471204187,18.298969072164947,10.519480519480519,0.15789473684210525,40.0,60.0,62.5,61.10269041303524,14.320096269554753,1.1428571428571428,110.29999999999997,117.74370208105147,29.84942597243314,0.0,0.0,2.98108108108108
323790,1932,69789,"FRONTERA, R.","FRONTERA, RAMIRO JEREMIAS",38,23.87061403508772,378.0,140.0,26.0,166.0,61.0,39.0,70.0,8.0,27.0,76.0,92.0,374.0,102.0,72.0,37.0,97.0,63.0,28.0,-269.0,417.0,1777.0,840.0,809.0,0.0,0.0,221.58333333333334,226.58333333333334,38.13333333333333,392.04,2806.16,2807.84,54425.0,907.0833333333334,2724.0,7625.083333333333,3216.0,2807.0,1666.80063350034,32:14,True,ARGENTINO (J),ARGENTINO (J) vs BOCA (005/12/2024 21:00),ARGENTINO (J),BOCA,BOCA,05/12/2024,16.668810289389068,6.173633440514469,1.1465319246669727,7.320165365181443,2.6899402847955898,1.7197978870004593,3.0868167202572345,0.35277905374368396,1.1906293063849334,3.351401010564998,4.056959118052365,16.492420762517227,4.497932935231971,3.1750114836931553,1.6316031235645383,4.277446026642168,2.778135048231511,1.2347266881028938,-11.862195682131373,18.38860817638953,78.3610473128158,37.041800643086816,35.67478180983004,9.77124483233808,9.991731740927882,1.6815801561782266,17.287937528709236,123.74430868167201,123.8183922829582,2400.0,40.0,120.1212677997244,336.2462103812586,141.81717960496093,123.78135048231512,73.50154378320286,308.0,16.786570743405278,51.13636363636363,3.0952380952380953,17.3053152039555,10.066707095209217,0.20454545454545456,27.611940298507463,58.620689655172406,69.23076923076923,54.30410297666934,23.466516601012945,0.8714285714285714,321.50000000000006,96.41873278236915,68.03226192461658,0.0,0.0,8.460526315789474
328251,1932,69789,"FUNDORA, Y.","FUNDORA ARRECHAVALETA, YASMANY",6,16.836111111111112,41.0,14.0,12.0,26.0,1.0,1.0,6.0,5.0,2.0,11.0,8.0,37.0,14.0,21.0,2.0,1.0,7.0,4.0,-49.0,49.0,204.0,111.0,85.0,0.0,0.0,31.333333333333336,31.333333333333336,4.866666666666667,36.84,444.56,447.92,6061.0,101.01666666666667,430.0,1224.9833333333333,501.0,446.24,186.175775468601,07:01,False,ARGENTINO (J),ARGENTINO (J) vs BOCA (005/12/2024 21:00),ARGENTINO (J),BOCA,BOCA,05/12/2024,16.23494472859264,5.543639663421878,4.751691140075895,10.295330803497773,0.3959742616729912,0.3959742616729912,2.3758455700379475,1.9798713083649564,0.7919485233459824,4.3557168784029034,3.1677940933839297,14.651047681900678,5.543639663421878,8.315459495132817,0.7919485233459824,0.3959742616729912,2.771819831710939,1.5838970466919648,-19.40273882197657,19.40273882197657,80.77874938129021,43.95314304570203,33.65781224220426,12.407193532420393,12.407193532420393,1.927074740141891,14.587691800033,176.034317769345,177.36479128856627,2400.0,40.0,170.26893251938623,485.0618709783864,198.3831050981686,176.69955452895562,73.72081523257587,38.0,12.244897959183673,44.73684210526316,10.81081081081081,16.470588235294116,13.26530612244898,0.18421052631578946,66.66666666666666,40.0,63.63636363636363,47.85247432306255,24.019607843137255,0.16666666666666666,35.40000000000001,111.29207383279042,46.84142073431074,0.0,0.0,5.900000000000002
278259,46,69144,"GALLEGOS, R.","GALLEGOS, RODRIGO AGUSTIN",38,24.66359649122807,337.0,146.0,19.0,165.0,146.0,40.0,95.0,1.0,8.0,109.0,68.0,365.0,48.0,38.0,60.0,135.0,61.0,7.0,-51.0,402.0,1953.0,879.0,874.0,0.0,0.0,237.95,243.33333333333331,54.33333333333333,386.92,2947.88,2931.12,56233.0,937.2166666666667,3108.0,7650.066666666667,3131.0,2939.5,1801.0820080489575,27:03,True,FERRO,FERRO vs BOCA (003/12/2024 21:05),FERRO,BOCA,BOCA,03/12/2024,14.383013532978854,6.231216545444846,0.8109117422154251,7.042128287660271,6.231216545444846,1.7071826151903684,4.054558711077125,0.04267956537975921,0.3414365230380737,4.652072626393754,2.902210445823626,15.578041363612114,2.0486191382284424,1.6218234844308501,2.560773922785553,5.761741326267495,2.603453488165312,0.2987569576583145,-2.1766578343677203,17.157185282663207,83.35319118666975,37.515337968808346,37.301940141909554,10.155602582113705,10.385360909074741,2.3189230523002506,16.513577436736433,125.81423719168458,125.09892767591981,2400.0,40.0,132.64808920029165,326.50152045951666,133.62971920402612,125.4565824338022,76.8693973168335,281.0,23.6318407960199,49.11032028469751,2.1615472127417523,16.704805491990847,9.412435824301198,0.21708185053380782,30.76923076923077,55.81395348837209,89.70588235294117,54.19400488871735,20.583717357910906,1.5368421052631578,311.29999999999995,87.0981081360488,65.26392006209903,0.0,0.0,8.192105263157893
278226,1498,70040,"GALLO, F.","GALLO, FRANCISCO EDUARDO",0,,0.0,0.0,0.0,0.0,0.0,0.0,0.0,0.0,0.0,0.0,0.0,0.0,0.0,0.0,0.0,0.0,0.0,0.0,0.0,0.0,0.0,0.0,0.0,0.0,0.0,0.0,0.0,0.0,0.0,368.76,374.56,0.0,0.0,384.0,999.9833333333333,443.0,371.65999999999997,0.0,00:00,False,ATENAS (C),QUIMSA vs ATENAS (C) (030/04/2025 21:30),QUIMSA,ATENAS (C),QUIMSA,30/04/2025,0.0,0.0,0.0,0.0,0.0,0.0,0.0,0.0,0.0,0.0,0.0,0.0,0.0,0.0,0.0,0.0,0.0,0.0,0.0,0.0,0.0,0.0,0.0,0.0,0.0,0.0,0.0,14750.4,14982.4,0.0,0.0,15360.0,39999.333333333336,17720.0,14866.399999999998,0.0,0.0,,,,,,,,,,,,,0.0,,,0.0,0.0,
230730,2025,69418,"GARCIA, J.","GARCIA GUERRERO, JORGE LUIS",25,5.685333333333333,59.0,19.0,9.0,28.0,4.0,7.0,4.0,1.0,0.0,28.0,5.0,47.0,19.0,10.0,5.0,14.0,6.0,1.0,-4.0,55.0,327.0,140.0,134.0,0.0,0.0,58.26666666666667,58.26666666666667,2.3833333333333333,46.08,2922.2,2941.84,8528.0,142.13333333333333,3237.0,7599.916666666667,3348.0,2932.02,277.92480262043387,02:54,False,INDEPENDIENTE (O),INDEPENDIENTE (O) vs QUIMSA (030/11/2024 20:30),INDEPENDIENTE (O),QUIMSA,QUIMSA,30/11/2024,16.604127579737337,5.347091932457786,2.532833020637899,7.879924953095685,1.1257035647279552,1.9699812382739212,1.1257035647279552,0.2814258911819888,0.0,7.879924953095685,1.4071294559099436,13.227016885553471,5.347091932457786,2.8142589118198873,1.4071294559099436,3.9399624765478425,1.6885553470919326,0.2814258911819888,-1.1257035647279552,15.478424015009383,92.02626641651034,39.39962476547842,37.711069418386494,16.397748592870546,16.397748592870546,0.6707317073170732,12.968105065666043,822.3827392120074,827.9099437148218,2400.0,40.0,910.9756097560977,2138.8133208255163,942.2138836772983,825.1463414634146,78.21523525903393,48.0,7.2727272727272725,55.208333333333336,6.428571428571428,14.17910447761194,10.218978102189782,0.125,26.31578947368421,65.51724137931035,85.71428571428571,57.75254502740799,16.819571865443425,1.0,51.500000000000014,128.03819444444443,10.823899970576202,0.0,0.0,2.0600000000000005
209964,1426,69281,"GARCIA, G.","GARCIA, GASTON LEONEL",36,23.02638888888889,310.0,124.0,23.0,147.0,63.0,87.0,39.0,2.0,10.0,100.0,116.0,371.0,59.0,69.0,43.0,115.0,63.0,21.0,65.0,364.0,1693.0,845.0,750.0,0.0,0.0,167.43333333333334,180.35,58.83333333333333,338.96,2655.96,2627.68,49737.0,828.95,2699.0,7274.933333333333,2643.0,2641.82,1508.2166724991257,25:06,True,SAN MARTIN (C),SAN MARTIN (C) vs GIMNASIA (CR) (004/12/2024 21:30),SAN MARTIN (C),GIMNASIA (CR),GIMNASIA (CR),04/12/2024,14.958682670848663,5.983473068339466,1.1098377465468363,7.093310814886301,3.0399903492369864,4.1980819108510765,1.8818987876228963,0.0965076301345075,0.48253815067253747,4.825381506725376,5.597442547801435,17.90216538995114,2.8469750889679712,3.329513239640509,2.0749140478919115,5.549188732734182,3.0399903492369864,1.0133301164123287,3.1364979793714935,17.564388684480367,81.6937089088606,40.77447373182942,36.190361300440316,8.07929710276052,8.702575547379215,2.838932786456762,16.35611315519633,128.16020266602328,126.79558477592133,2400.0,40.0,130.2370468665179,351.04328769326656,127.53483322275167,127.47789372097232,72.77720839612164,286.0,10.714285714285714,43.18181818181818,2.72189349112426,16.53333333333333,9.216300940438872,0.2202797202797203,27.21518987341772,46.09375,75.0,47.99355957394105,21.500295333727113,1.6153846153846154,322.5999999999999,91.45621902289356,57.11719810453236,0.0,0.0,8.961111111111109
225892,1426,69281,"GARELLO, V.","GARELLO, VICENTE",24,16.67361111111111,207.0,79.0,37.0,116.0,21.0,11.0,25.0,7.0,5.0,38.0,59.0,270.0,76.0,35.0,10.0,19.0,25.0,29.0,93.0,188.0,807.0,378.0,344.0,0.0,0.0,112.85,116.08333333333334,15.63333333333333,151.76,1832.6,1804.72,24010.0,400.1666666666667,1903.0,5049.95,1775.0,1818.66,718.5442152392167,14:19,False,SAN MARTIN (C),SAN MARTIN (C) vs BOCA (008/05/2025 21:30),SAN MARTIN (C),BOCA,BOCA,08/05/2025,20.69137859225323,7.896709704289879,3.6984589754269055,11.595168679716785,2.0991253644314867,1.09954185755935,2.4989587671803415,0.6997084548104957,0.4997917534360683,3.798417326114119,5.897542690545605,26.98875468554769,7.596834652228238,3.498542274052478,0.9995835068721366,1.8992086630570595,2.4989587671803415,2.8987921699291963,9.29612661391087,18.792169929196167,80.66638900458143,37.78425655976676,34.385672636401495,11.28029987505206,11.603498542274053,1.5626822157434397,15.169679300291543,183.18367346938774,180.39683465222822,2400.0,40.0,190.2207413577676,504.78467305289456,177.42607246980424,181.790254060808,71.82449465115036,140.0,13.297872340425531,65.0,9.788359788359788,22.96511627906977,16.06648199445983,0.17857142857142858,34.48275862068966,68.46846846846847,46.2962962962963,63.20224719101124,23.296158612143742,0.84,193.4,136.3995782814971,38.56331334976101,0.0,0.0,8.058333333333334
272157,1426,69281,"GARGALLO, L.","GARGALLO, LUCAS HERNAN",38,31.181578947368422,406.0,110.0,13.0,123.0,88.0,36.0,50.0,3.0,10.0,87.0,104.0,400.0,57.0,69.0,77.0,129.0,61.0,15.0,74.0,412.0,2385.0,1178.0,1053.0,0.0,0.0,277.65000000000003,292.65000000000003,82.31666666666666,402.44,2794.68,2763.56,71094.0,1184.9,2824.0,7674.916666666667,2779.0,2779.12,2142.2091456598137,37:18,True,SAN MARTIN (C),SAN MARTIN (C) vs GIMNASIA (CR) (004/12/2024 21:30),SAN MARTIN (C),GIMNASIA (CR),GIMNASIA (CR),04/12/2024,13.705797957633553,3.713393535319436,0.4388555996286606,4.1522491349480966,2.970714828255549,1.2152924297409065,1.6879061524179253,0.10127436914507554,0.33758123048358507,2.9369567052071903,3.510844797029285,13.503249219343402,1.924213013756435,2.329310490336737,2.5993754747236055,4.3547978732382475,2.059245505949869,0.5063718457253776,2.4981011055785296,13.908346695923706,80.51312347033503,39.767068950966326,35.54730356992151,9.372942864376741,9.879314710102118,2.7788561622640446,13.585619039581399,94.34315132078655,93.29259853152165,2399.9999999999995,40.0,95.33293948856442,259.09078121923085,93.8138239513883,93.81787492615409,72.31695993450295,332.0,12.135922330097088,51.95783132530121,1.1035653650254669,10.446343779677113,5.513222770058269,0.18373493975903615,37.37864077669903,45.23809523809524,80.26315789473685,55.549474605954465,17.27463312368973,1.76,357.40000000000003,100.88460391611171,77.08137105579286,0.0,0.0,9.405263157894737
328822,2314,69185,"GENERO, J.","GENERO, JERONIMO RUBEN",1,2.1,0.0,0.0,0.0,0.0,0.0,0.0,0.0,0.0,1.0,1.0,0.0,-2.0,0.0,0.0,0.0,0.0,0.0,0.0,-5.0,0.0,4.0,2.0,2.0,0.0,0.0,1.9833333333333334,1.9833333333333334,0.48333333333333334,0.0,687.2,707.3199999999999,126.0,2.1,697.0,1798.7666666666667,819.0,697.26,3.969,00:00,False,ZARATE BASKET,PLATENSE vs ZARATE BASKET (011/05/2025 20:00),PLATENSE,ZARATE BASKET,PLATENSE,11/05/2025,0.0,0.0,0.0,0.0,0.0,0.0,0.0,0.0,19.047619047619047,19.047619047619047,0.0,-38.095238095238095,0.0,0.0,0.0,0.0,0.0,0.0,-95.23809523809524,0.0,76.19047619047619,38.095238095238095,38.095238095238095,37.77777777777778,37.77777777777778,9.206349206349206,0.0,13089.52380952381,13472.761904761903,2400.0,40.0,13276.190476190475,34262.22222222222,15600.0,13281.142857142857,75.6,0.0,,,0.0,0.0,0.0,,,,,,0.0,,-0.4,,0.6687532591993113,0.0,0.0,-0.4
326430,1541,69636,"GENITTI, M.","GENITTI, MAXIMO",5,2.57,0.0,0.0,0.0,0.0,0.0,0.0,1.0,0.0,1.0,2.0,0.0,-5.0,0.0,0.0,0.0,1.0,0.0,0.0,-9.0,2.0,24.0,11.0,13.0,0.0,0.0,3.5666666666666664,3.5666666666666664,0.4666666666666667,2.0,2327.24,2351.24,771.0,12.85,2493.0,6099.9,2587.0,2339.24,25.471238972150847,00:00,False,LA UNION FSA.,LA UNION FSA. vs ZARATE BASKET (003/12/2024 21:30),LA UNION FSA.,ZARATE BASKET,ZARATE BASKET,03/12/2024,0.0,0.0,0.0,0.0,0.0,0.0,3.11284046692607,0.0,3.11284046692607,6.22568093385214,0.0,-15.56420233463035,0.0,0.0,0.0,3.11284046692607,0.0,0.0,-28.015564202334634,6.22568093385214,74.70817120622569,34.24124513618678,40.46692607003891,11.102464332036316,11.102464332036316,1.4526588845654995,6.22568093385214,7244.3268482490275,7319.035019455252,2400.0,40.0,7760.311284046693,18988.015564202335,8052.918287937744,7281.68093385214,79.28790341525556,1.0,50.0,0.0,0.0,0.0,0.0,0.0,0.0,,,0.0,8.333333333333332,0.0,-2.1,0.0,1.2042270125396137,0.0,0.0,-0.42000000000000004
174733,1932,69789,"GENNERO, A.","GENNERO, AUGUSTO",26,5.035897435897436,21.0,11.0,3.0,14.0,1.0,3.0,3.0,0.0,0.0,9.0,1.0,9.0,4.0,7.0,4.0,11.0,1.0,1.0,-29.0,30.0,274.0,132.0,126.0,0.0,0.0,63.08333333333332,63.08333333333332,1.25,26.88,2806.16,2807.84,7856.0,130.93333333333334,2724.0,7625.083333333333,3216.0,2807.0,243.1846246578302,06:21,False,ARGENTINO (J),ARGENTINO (J) vs BOCA (005/12/2024 21:00),ARGENTINO (J),BOCA,BOCA,05/12/2024,6.415478615071283,3.360488798370672,0.9164969450101833,4.276985743380855,0.30549898167006106,0.9164969450101833,0.9164969450101833,0.0,0.0,2.74949083503055,0.30549898167006106,2.74949083503055,1.2219959266802443,2.1384928716904277,1.2219959266802443,3.360488798370672,0.30549898167006106,0.30549898167006106,-8.859470468431772,9.164969450101832,83.70672097759673,40.32586558044806,38.4928716904277,19.27189409368635,19.27189409368635,0.38187372708757633,8.211812627291241,857.2790224032586,857.7922606924643,2400.0,40.0,832.1792260692464,2329.455193482688,982.4847250509164,857.5356415478615,74.29265519078315,26.0,10.0,38.46153846153846,2.272727272727273,8.73015873015873,5.426356589147287,0.038461538461538464,26.666666666666668,36.36363636363637,50.0,39.0625,10.948905109489052,0.3333333333333333,15.299999999999997,78.125,9.925842208265339,0.0,0.0,0.5884615384615384
325112,1424,69990,"GILETTO, S.","GILETTO, SALVADOR",38,20.339912280701753,276.0,106.0,9.0,115.0,31.0,23.0,27.0,6.0,6.0,82.0,61.0,293.0,83.0,61.0,25.0,36.0,35.0,7.0,47.0,249.0,1510.0,685.0,746.0,0.0,0.0,203.51666666666665,208.51666666666665,24.45,241.48,2776.56,2793.28,46375.0,772.9166666666666,3018.0,7625.0,3015.0,2784.92,1414.4289763401846,16:37,False,REGATAS (C),REGATAS (C) vs GIMNASIA (CR) (002/12/2024 21:30),REGATAS (C),GIMNASIA (CR),GIMNASIA (CR),02/12/2024,14.283557951482479,5.485714285714286,0.46576819407008085,5.951482479784367,1.604312668463612,1.1902964959568734,1.3973045822102426,0.31051212938005396,0.31051212938005396,4.24366576819407,3.1568733153638817,15.1633423180593,4.295417789757413,3.1568733153638817,1.293800539083558,1.8630727762803234,1.8113207547169812,0.36226415094339626,2.432345013477089,12.886253369272238,78.1455525606469,35.45013477088949,38.60700808625337,10.532398921832884,10.791159029649595,1.2653369272237196,12.497078167115902,143.69259299191376,144.55788679245285,2400.0,40.0,156.18760107816712,394.60916442048523,156.0323450134771,144.12523989218332,73.19955888337344,205.0,10.843373493975903,58.78048780487805,1.313868613138686,14.209115281501342,8.03633822501747,0.17073170731707318,40.98360655737705,57.638888888888886,83.33333333333334,61.75049221406837,16.490066225165563,1.1481481481481481,238.89999999999998,114.29517972502899,54.98534150135611,0.0,0.0,6.286842105263157
328525,19,70600,"GIORGETTI, F.","GIORGETTI, FRANCO NAHUEL",27,21.27283950617284,176.0,95.0,17.0,112.0,37.0,21.0,24.0,16.0,0.0,76.0,19.0,195.0,35.0,23.0,29.0,58.0,19.0,5.0,63.0,180.0,1154.0,504.0,560.0,0.0,0.0,122.86666666666666,128.33333333333331,35.05,162.68,2013.92,2027.96,34462.0,574.3666666666667,2203.0,5450.083333333333,2046.0,2020.94,1069.6539260733734,18:30,True,BOCA,ARGENTINO (J) vs BOCA (005/12/2024 21:00),ARGENTINO (J),BOCA,ARGENTINO (J),05/12/2024,12.25697870117811,6.615982821658638,1.1839127154547038,7.799895537113342,2.5767512042249434,1.4624804132087514,1.6714061865242877,1.1142707910161918,0.0,5.29278625732691,1.3231965643317276,13.580175265509837,2.4374673553479194,1.6017642620857755,2.0196158087168476,4.039231617433695,1.3231965643317276,0.3482096221925599,4.387441239626256,12.535546398932158,80.36678080204283,35.099529917010045,38.99947768556671,8.556671116011838,8.93738030294237,2.440949451569845,11.329348267657128,140.25326446520805,141.23103708432475,2400.0,40.0,153.42115953804188,379.55429168359353,142.48737740119552,140.7421507747664,74.49275789495955,145.0,13.333333333333334,54.13793103448276,3.373015873015873,16.964285714285715,10.526315789473683,0.1310344827586207,33.33333333333333,60.3448275862069,79.16666666666666,56.56981229107739,15.597920277296359,1.5416666666666667,174.6,108.18785345463486,53.58550395346442,0.0,0.0,6.466666666666667
322247,1790,69616,"GIULIANI, L.","GIULIANI, LUCCA LORENZO",3,0.9166666666666666,0.0,1.0,0.0,1.0,0.0,0.0,0.0,0.0,0.0,0.0,0.0,1.0,0.0,0.0,0.0,0.0,0.0,0.0,-9.0,0.0,3.0,1.0,2.0,0.0,0.0,2.066666666666667,2.066666666666667,0.5666666666666668,0.0,286.6,288.04,165.0,2.75,294.0,799.8166666666667,255.0,287.32,4.84562404274406,00:50,False,INSTITUTO,ARGENTINO (J) vs INSTITUTO (018/05/2025 20:30),ARGENTINO (J),INSTITUTO,ARGENTINO (J),18/05/2025,0.0,14.545454545454547,0.0,14.545454545454547,0.0,0.0,0.0,0.0,0.0,0.0,0.0,14.545454545454547,0.0,0.0,0.0,0.0,0.0,0.0,-130.9090909090909,0.0,43.63636363636363,14.545454545454547,29.090909090909093,30.060606060606062,30.060606060606062,8.242424242424244,0.0,4168.727272727273,4189.672727272728,2400.0,40.0,4276.363636363636,11633.696969696972,3709.0909090909095,4179.2,70.48180425809542,0.0,,,0.0,50.0,33.33333333333333,,,,,,0.0,,0.3,,1.4967901194081545,0.0,0.0,0.09999999999999999
328431,1426,69281,"GIVENS, S.","GIVENS, SAMUEL JAMAL",33,21.263636363636365,238.0,117.0,57.0,174.0,37.0,21.0,23.0,5.0,4.0,84.0,73.0,300.0,81.0,62.0,12.0,42.0,40.0,33.0,22.0,249.0,1440.0,718.0,613.0,0.0,0.0,130.36666666666667,140.36666666666667,38.05,195.12,2424.48,2391.48,42102.0,701.7,2468.0,6649.95,2403.0,2407.98,1269.778460533787,26:42,True,SAN MARTIN (C),SAN MARTIN (C) vs GIMNASIA (CR) (004/12/2024 21:30),SAN MARTIN (C),GIMNASIA (CR),GIMNASIA (CR),04/12/2024,13.567051446487103,6.669516887558785,3.2492518170158187,9.918768704574605,2.109163460168163,1.1970927746900384,1.3111016103748039,0.2850220892119139,0.22801767136953113,4.7883710987601535,4.1613225024939435,17.101325352714834,4.6173578452330055,3.534273906227732,0.6840530141085933,2.3941855493800768,2.2801767136953113,1.8811457887986318,1.2540971925324214,14.194100042753313,82.08636169303121,40.92917201083083,34.943708137380646,7.431475939385303,8.00152011780913,2.1690180989026646,11.12270200940573,138.2060709705002,136.32492518170156,2399.9999999999995,40.0,140.6869032350007,379.0765284309533,136.98161607524582,137.2654980761009,72.38298193152555,197.0,9.236947791164658,50.253807106598984,7.938718662952645,19.086460032626427,13.072877535687452,0.20304568527918782,22.22222222222222,56.64335664335665,54.794520547945204,51.937849162011176,17.291666666666668,1.608695652173913,234.5,121.97621976219762,52.62551603867252,0.0,0.0,7.106060606060606
202340,80,70071,"GOICOECHEA, M.","GOICOECHEA, MARIANO EZEQUIEL",7,3.130952380952381,5.0,1.0,0.0,1.0,0.0,1.0,2.0,1.0,0.0,1.0,0.0,2.0,1.0,0.0,1.0,3.0,0.0,0.0,8.0,7.0,47.0,22.0,25.0,0.0,0.0,12.05,12.05,0.6,7.0,953.52,928.48,1315.0,21.916666666666668,1045.0,2650.05,1078.0,941.0,38.87035655047321,01:33,False,PLATENSE,PLATENSE vs PEÑAROL (MDP) (011/10/2024 22:05),PLATENSE,PEÑAROL (MDP),PEÑAROL (MDP),11/10/2024,9.125475285171103,1.8250950570342204,0.0,1.8250950570342204,0.0,1.8250950570342204,3.6501901140684407,1.8250950570342204,0.0,1.8250950570342204,0.0,3.6501901140684407,1.8250950570342204,0.0,1.8250950570342204,5.475285171102662,0.0,0.0,14.600760456273763,12.775665399239545,85.77946768060835,40.15209125475285,45.627376425855516,21.992395437262356,21.992395437262356,1.0950570342205321,12.775665399239545,1740.2646387832697,1694.564258555133,2400.0,40.0,1907.2243346007604,4836.593155893536,1967.4524714828897,1717.4144486692014,70.94209560542639,5.0,28.57142857142857,50.0,0.0,4.0,2.127659574468085,0.0,25.0,100.0,,50.0,14.893617021276595,0.0,3.0999999999999996,71.42857142857143,4.732982789112808,0.0,0.0,0.4428571428571428
275049,2314,69185,"GOMEZ, C.","GOMEZ QUINTEROS, CAMILO TAIEL",30,26.452222222222225,203.0,107.0,27.0,134.0,97.0,46.0,45.0,2.0,6.0,91.0,72.0,261.0,40.0,48.0,31.0,82.0,30.0,21.0,-132.0,270.0,1642.0,808.0,754.0,0.0,0.0,203.99999999999997,203.99999999999997,40.849999999999994,241.44,2361.0,2354.44,47614.0,793.5666666666667,2325.0,6210.833333333333,2600.0,2357.72,1509.711434152073,29:15,True,ZARATE BASKET,BOCA vs ZARATE BASKET (012/10/2024 11:30),BOCA,ZARATE BASKET,BOCA,12/10/2024,10.23228462216995,5.393371697399924,1.3609442600915698,6.754315957491493,4.889318267736379,2.318645776452304,2.2682404334859494,0.10081068593270887,0.3024320577981266,4.586886209938253,3.629184693577519,13.155794514218506,2.0162137186541775,2.4194564623850128,1.5625656319569872,4.133238123241063,1.512160288990633,1.058512202293443,-6.653505271558785,13.609442600915695,82.76557315075397,40.727517116814376,38.00562859663124,10.282689965136303,10.282689965136303,2.0590582601755782,12.169866005796614,119.0070147435628,118.67635569370353,2399.9999999999995,40.0,117.19242239677405,313.05918427353294,131.05389171252153,118.84168521863316,76.09752261866205,201.0,16.666666666666664,43.03482587064676,3.341584158415842,14.190981432360742,8.578745198463508,0.14925373134328357,27.43362831858407,45.45454545454545,58.82352941176471,45.42606516290727,16.443361753958587,2.1555555555555554,219.2,84.07886017229954,70.61283981324736,0.0,0.0,7.306666666666667
323604,1932,69789,"GOMEZ, M.","GOMEZ, MANUEL ALEJANDRO",38,25.48815789473684,273.0,68.0,14.0,82.0,62.0,37.0,56.0,3.0,5.0,99.0,71.0,208.0,35.0,43.0,54.0,103.0,41.0,14.0,-404.0,317.0,1936.0,961.0,815.0,0.0,0.0,228.15,233.15,51.96666666666667,301.2,2806.16,2807.84,58113.0,968.55,2724.0,7625.083333333333,3216.0,2807.0,1775.7849803288386,29:10,True,ARGENTINO (J),ARGENTINO (J) vs BOCA (005/12/2024 21:00),ARGENTINO (J),BOCA,BOCA,05/12/2024,11.27458572092303,2.80832171803211,0.578183883124258,3.386505601156368,2.560528625264571,1.5280574053998244,2.312735532497032,0.12389654638376955,0.20649424397294924,4.088586030664396,2.9322182644158796,8.590160549274689,1.4454597078106448,1.7758504981673637,2.2301378349078522,4.253781425842755,1.693252800578184,0.578183883124258,-16.6847349130143,13.091735067884985,79.95457126632596,39.68819369160085,33.65856176759073,9.422332352485675,9.628826596458623,2.146163509025519,12.439213256930463,115.89117753342626,115.96055959940118,2400.0,40.0,112.49806411646276,314.90716362948046,132.81709772340096,115.92586856641373,73.33787539430443,235.0,17.665615141955836,49.361702127659576,1.45681581685744,8.343558282208589,4.617117117117117,0.17446808510638298,34.394904458598724,44.871794871794876,74.54545454545455,52.66203703703704,16.37396694214876,1.1071428571428572,214.0,90.6374501992032,72.48057534620983,0.0,0.0,5.631578947368421
273373,80,70071,"GONCALVES, J.","GONCALVES, JOAQUIN",5,2.19,6.0,3.0,1.0,4.0,0.0,0.0,1.0,0.0,0.0,1.0,0.0,6.0,0.0,1.0,2.0,1.0,0.0,0.0,11.0,5.0,22.0,10.0,14.0,0.0,0.0,10.183333333333332,10.183333333333332,4.433333333333333,4.0,2373.36,2336.84,657.0,10.95,2542.0,6450.016666666666,2697.0,2355.1,20.194964745788468,00:00,False,PLATENSE,PLATENSE vs PEÑAROL (MDP) (011/10/2024 22:05),PLATENSE,PEÑAROL (MDP),PEÑAROL (MDP),11/10/2024,21.917808219178085,10.958904109589042,3.6529680365296806,14.611872146118722,0.0,0.0,3.6529680365296806,0.0,0.0,3.6529680365296806,0.0,21.917808219178085,0.0,3.6529680365296806,7.305936073059361,3.6529680365296806,0.0,0.0,40.18264840182649,18.264840182648403,80.36529680365298,36.529680365296805,51.14155251141553,37.19939117199391,37.19939117199391,16.19482496194825,14.611872146118722,8669.808219178083,8536.40182648402,2400.0000000000005,40.0,9285.844748858448,23561.70471841705,9852.054794520549,8603.10502283105,73.77156071520902,4.0,20.0,75.0,10.0,21.428571428571427,16.666666666666664,0.0,66.66666666666666,0.0,,75.0,22.727272727272727,0.0,5.0,150.0,0.9820451367983954,0.0,0.0,1.0
68608,46,69144,"GONZALEZ, M.","GONZALEZ CELANO, MARTIN",4,4.5625,6.0,1.0,0.0,1.0,0.0,0.0,2.0,0.0,0.0,0.0,1.0,3.0,2.0,1.0,0.0,2.0,2.0,0.0,-10.0,8.0,34.0,19.0,14.0,0.0,0.0,13.950000000000001,13.950000000000001,1.3666666666666667,7.88,2410.96,2398.92,1095.0,18.25,2567.0,6250.1,2516.0,2404.94,32.362077318511574,00:00,False,FERRO,FERRO vs BOCA (003/12/2024 21:05),FERRO,BOCA,BOCA,03/12/2024,13.150684931506849,2.191780821917808,0.0,2.191780821917808,0.0,0.0,4.383561643835616,0.0,0.0,0.0,2.191780821917808,6.575342465753424,4.383561643835616,2.191780821917808,0.0,4.383561643835616,4.383561643835616,0.0,-21.91780821917808,17.534246575342465,74.52054794520548,41.64383561643835,30.684931506849313,30.57534246575343,30.57534246575343,2.995433789954338,17.27123287671233,5284.295890410959,5257.906849315069,2400.0,40.0,5626.301369863014,13698.849315068494,5514.520547945205,5271.101369863014,70.93058042413496,5.0,25.0,40.0,0.0,7.142857142857142,3.0303030303030303,0.4,0.0,66.66666666666666,100.0,51.02040816326531,23.52941176470588,0.0,2.8,76.14213197969544,1.4078009619420777,0.0,0.0,0.7
327997,1869,69992,"GONZALEZ, N.","GONZALEZ GAYOSO, NESTOR FABIAN",1,0.8,1.0,0.0,0.0,0.0,0.0,0.0,0.0,0.0,0.0,0.0,1.0,1.0,0.0,0.0,0.0,0.0,1.0,1.0,0.0,1.0,2.0,1.0,0.0,0.0,0.0,0.6166666666666667,0.6166666666666667,0.0,0.88,90.88,85.48,48.0,0.8,96.0,200.0,79.0,88.18,1.7636000000000003,00:48,False,QUIMSA,QUIMSA vs SAN LORENZO (018/03/2025 22:00),QUIMSA,SAN LORENZO,SAN LORENZO,18/03/2025,40.0,0.0,0.0,0.0,0.0,0.0,0.0,0.0,0.0,0.0,40.0,40.0,0.0,0.0,0.0,0.0,40.0,40.0,0.0,40.0,80.0,40.0,0.0,24.666666666666668,24.666666666666668,0.0,35.2,3635.2,3419.2000000000003,1920.0,32.0,3840.0,8000.0,3160.0,3527.2000000000003,70.54400000000001,0.0,0.0,,0.0,,0.0,,,,50.0,56.81818181818182,50.0,,0.6,113.63636363636364,1.793470962650023,0.0,0.0,0.6
328820,2376,69996,"GONZALEZ, L.","GONZALEZ, LUCIANO AGUSTIN",21,24.665873015873018,258.0,30.0,8.0,38.0,53.0,22.0,26.0,1.0,5.0,45.0,60.0,225.0,60.0,59.0,29.0,58.0,51.0,14.0,38.0,261.0,1043.0,483.0,453.0,0.0,0.0,99.6,99.6,20.1,252.6,1541.4,1530.28,31079.0,517.9833333333333,1713.0,4199.916666666667,1625.0,1535.8400000000001,947.2429793572983,21:32,True,PEÑAROL (MDP),PEÑAROL (MDP) vs RIACHUELO (LR) (019/05/2025 21:00),PEÑAROL (MDP),RIACHUELO (LR),RIACHUELO (LR),19/05/2025,19.92342095949033,2.3166768557546895,0.6177804948679172,2.9344573506226066,4.092795778499951,1.6988963608867724,2.007786608320731,0.07722256185848965,0.38611280929244823,3.4750152836320343,4.633353711509379,17.37507641816017,4.633353711509379,4.55613114965089,2.2394542938962,4.4789085877924,3.938350654782972,1.0811158660188551,2.9344573506226066,20.155088645065796,80.5431320184047,37.2984973776505,34.98182052189581,7.691367161105569,7.691367161105569,1.5521734933556421,19.506419125454485,119.03085684867597,118.17214196080954,2400.0,40.0,132.28224846359277,324.3283245921683,125.48666302004568,118.60149940474275,73.148529568439,206.0,9.961685823754788,50.24271844660194,1.6563146997929608,6.622516556291391,4.05982905982906,0.24757281553398058,33.33333333333333,50.42016806722689,78.46153846153847,54.987212276214834,25.023969319271334,2.0384615384615383,220.99999999999994,102.13776722090262,65.25721021619822,0.0,0.0,10.523809523809522
144787,1913,70011,"GONZALEZ, U.","GONZALEZ, ULISES DAMIAN",3,1.6111111111111114,2.0,0.0,0.0,0.0,0.0,0.0,0.0,0.0,0.0,0.0,1.0,-1.0,1.0,1.0,0.0,1.0,0.0,2.0,1.0,4.0,10.0,6.0,5.0,0.0,0.0,3.2499999999999996,3.2499999999999996,0.3333333333333333,3.88,1040.72,1031.3600000000001,290.0,4.833333333333334,1152.0,2799.866666666667,1161.0,1036.04,8.912336338809771,00:00,False,UNION (SF),UNION (SF) vs RIACHUELO (LR) (003/12/2024 21:00),UNION (SF),RIACHUELO (LR),RIACHUELO (LR),03/12/2024,16.551724137931032,0.0,0.0,0.0,0.0,0.0,0.0,0.0,0.0,0.0,8.275862068965516,-8.275862068965516,8.275862068965516,8.275862068965516,0.0,8.275862068965516,0.0,16.551724137931032,8.275862068965516,33.103448275862064,82.75862068965516,49.655172413793096,41.37931034482758,26.89655172413792,26.89655172413792,2.7586206896551717,32.110344827586204,8612.855172413792,8535.393103448276,2399.9999999999995,40.0,9533.793103448275,23171.310344827583,9608.275862068964,8574.124137931032,73.75726625221878,3.0,0.0,33.333333333333336,0.0,0.0,0.0,0.0,0.0,50.0,0.0,25.773195876288664,40.0,,0.3000000000000005,51.54639175257733,0.9640057026573012,0.0,0.0,0.10000000000000016
330488,80,70071,"GRAHAM, Z.","GRAHAM, ZACHARY DARNELL",19,25.573684210526313,239.0,36.0,5.0,41.0,21.0,14.0,24.0,4.0,1.0,31.0,66.0,190.0,58.0,66.0,21.0,54.0,60.0,19.0,-39.0,257.0,1003.0,478.0,445.0,0.0,0.0,142.81666666666666,142.81666666666666,25.083333333333332,252.76,1412.8,1400.68,29154.0,485.9,1533.0,3800.0166666666664,1572.0,1406.74,898.3930704387445,24:09,False,PLATENSE,PLATENSE vs BOCA (014/05/2025 20:30),PLATENSE,BOCA,BOCA,14/05/2025,19.674830211977774,2.9635727515949783,0.41160732661041366,3.375180078205392,1.7287507717637374,1.1525005145091585,1.9757151677299856,0.3292858612883309,0.08232146532208273,2.551965424984565,5.43321671125746,15.64107841119572,4.774644988680799,5.43321671125746,1.7287507717637374,4.445359127392468,4.939287919324965,1.564107841119572,-3.2105371475612268,21.156616587775265,82.56842971804899,39.34966042395555,36.63305206832682,11.75687727241545,11.75687727241545,2.0648967551622417,20.80757357480963,116.30376620703849,115.30603004733486,2400.0,40.0,126.19880633875283,312.8229402483364,129.40934348631407,115.80489812718668,73.95703399372255,199.0,9.33852140077821,44.97487437185929,1.0460251046025104,8.089887640449438,4.442036836403034,0.3015075376884422,28.000000000000004,46.774193548387096,75.9493670886076,51.120807665982205,25.623130608175476,0.875,181.10000000000005,94.55610064883685,71.36730899821369,0.0,0.0,9.531578947368423
325111,1424,69990,"GRAMAJO, P.","GRAMAJO, PABLO IVAN",36,26.016666666666666,408.0,85.0,19.0,104.0,94.0,20.0,46.0,0.0,5.0,89.0,82.0,368.0,73.0,53.0,66.0,129.0,64.0,18.0,95.0,401.0,1876.0,839.0,904.0,0.0,0.0,189.96666666666667,194.96666666666667,44.800000000000004,384.08,2708.72,2723.76,56196.0,936.6,2956.0,7425.0,2946.0,2716.24,1713.6423770044357,37:12,True,REGATAS (C),REGATAS (C) vs GIMNASIA (CR) (002/12/2024 21:30),REGATAS (C),GIMNASIA (CR),GIMNASIA (CR),02/12/2024,17.424727738629084,3.630151612214392,0.8114456544949817,4.441597266709374,4.014520606448857,0.8541533205210334,1.964552637198377,0.0,0.21353833013025836,3.800982276318599,3.502028614136237,15.716421097587016,3.1176596199017723,2.2635062993807384,2.818705957719411,5.509288917360666,2.7332906256673075,0.7687379884689303,4.05722827247491,17.125774076446724,80.11958146487295,35.83173179585736,38.60773008755071,8.113032956082284,8.326571286212541,1.9133034379671152,16.403160367285928,115.68310911808668,116.32543241511853,2400.0,40.0,126.24386077300875,317.1044202434337,125.81678411274824,116.0042707666026,73.18566632519477,321.0,11.471321695760599,53.58255451713396,2.264600715137068,9.402654867256636,5.9667240390131955,0.19937694704049844,33.84615384615385,57.936507936507944,78.04878048780488,57.130054889660585,21.375266524520256,2.0434782608695654,347.5,106.22786919391794,68.42581577125561,0.0,0.0,9.652777777777779
328594,80,70071,"GRATEROL, W.","GRATEROL CLEMENTE, WINDI MANUEL",28,26.563690476190477,312.0,141.0,63.0,204.0,31.0,26.0,27.0,22.0,7.0,79.0,83.0,437.0,98.0,79.0,9.0,23.0,89.0,26.0,-49.0,289.0,1490.0,683.0,677.0,0.0,0.0,181.75,186.75,51.73333333333333,223.72,2076.28,2065.32,44627.0,743.7833333333333,2202.0,5625.033333333333,2293.0,2070.8,1368.8039009830723,30:37,True,PLATENSE,PLATENSE vs OLIMPICO (LB) (027/04/2025 20:00),PLATENSE,OLIMPICO (LB),OLIMPICO (LB),27/04/2025,16.77907992919085,7.582853429538172,3.3880834472404597,10.970936876778632,1.667152172451655,1.3982566607659042,1.4520357631030543,1.1831402514173035,0.37645371636005115,4.248549084634862,4.463665493983463,23.501467721334617,5.2703520290407155,4.248549084634862,0.4840119210343514,1.2369193537544536,4.786340108006364,1.3982566607659042,-2.6351760145203578,15.542160575436396,80.13086248235373,36.73112689627356,36.40845228225066,9.774351849777041,10.043247361462793,2.7821722275752347,12.031460774867233,111.66047460057814,111.07105563896297,2400.0,40.0,118.42158334640465,302.5092432832142,123.31548165908531,111.36576511977056,73.613045070459,209.0,9.342560553633218,53.34928229665072,9.224011713030746,20.82717872968981,15.0,0.4258373205741627,28.125,55.367231638418076,77.39130434782608,60.092449922958394,19.395973154362416,1.1481481481481481,329.79999999999995,139.46003933488288,73.19341620218357,0.0,0.0,11.778571428571427
326428,1541,69636,"GRONDA, T.","GRONDA SEBA, THIAGO KALIL",7,8.052380952380954,19.0,2.0,0.0,2.0,2.0,1.0,2.0,0.0,1.0,11.0,9.0,8.0,3.0,4.0,3.0,4.0,4.0,3.0,-20.0,19.0,111.0,51.0,51.0,0.0,0.0,12.533333333333333,12.533333333333333,0.6833333333333333,19.08,2015.0,2035.92,3382.0,56.366666666666674,2214.0,5249.833333333333,2254.0,2025.46,109.42621455461203,00:00,False,LA UNION FSA.,LA UNION FSA. vs GIMNASIA (CR) (030/11/2024 21:30),LA UNION FSA.,GIMNASIA (CR),GIMNASIA (CR),30/11/2024,13.483146067415728,1.4192785334121818,0.0,1.4192785334121818,1.4192785334121818,0.7096392667060909,1.4192785334121818,0.0,0.7096392667060909,7.8060319337670006,6.386753400354818,5.677114133648727,2.128917800118273,2.8385570668243636,2.128917800118273,2.8385570668243636,2.8385570668243636,2.128917800118273,-14.19278533412182,13.483146067415728,78.7699586043761,36.19160260201064,36.19160260201064,8.894145476049673,8.894145476049673,0.4849201655824955,13.539917208752215,1429.9231224127732,1444.7687758722648,2399.9999999999995,40.0,1571.1413364872853,3725.4878769958596,1599.526907155529,1437.3459491425192,77.65313865495825,14.0,10.526315789473683,53.57142857142857,0.0,3.9215686274509802,1.9607843137254901,0.2857142857142857,42.857142857142854,42.857142857142854,57.14285714285714,55.62060889929743,17.117117117117118,1.0,10.200000000000001,99.58071278825996,6.012284570261905,0.0,0.0,1.4571428571428573
264888,88,69164,"GRUN, F.","GRUN, FEDERICO JOSE",12,29.45277777777778,159.0,32.0,9.0,41.0,26.0,11.0,34.0,0.0,2.0,17.0,37.0,114.0,29.0,23.0,27.0,68.0,20.0,16.0,-63.0,195.0,731.0,336.0,336.0,0.0,0.0,78.41666666666666,78.41666666666666,17.816666666666666,187.84,937.24,920.12,21206.0,353.43333333333334,880.0,2399.9666666666667,951.0,928.6800000000001,683.0583071543314,34:31,True,SAN LORENZO,OBRAS vs SAN LORENZO (027/11/2024 19:00),OBRAS,SAN LORENZO,OBRAS,27/11/2024,17.99490710176365,3.6216165236253888,1.0185796472696407,4.640196170895029,2.9425634254456283,1.2449306799962274,3.847967556351976,0.0,0.2263510327265868,1.923983778175988,4.187494105441856,12.902008865415448,3.2820899745355088,2.6030368763557483,3.0557389418089222,7.695935112703952,2.2635103272658683,1.8108082618126944,-7.130057530887485,22.069225690842217,82.73130246156748,38.02697349806658,38.02697349806658,8.874846741488257,8.874846741488257,2.0164104498726774,21.258888993681033,106.07262095633311,104.13505611619354,2400.0,40.0,99.5944543996982,271.6174667546921,107.62991606149203,105.10383853626334,77.30547661842851,147.0,17.435897435897434,47.27891156462585,2.6785714285714284,9.523809523809524,6.101190476190476,0.1360544217687075,28.421052631578945,55.769230769230774,55.55555555555556,48.82092851879145,26.67578659370725,0.7647058823529411,112.79999999999998,84.6465076660988,75.32567086728896,0.0,0.0,9.399999999999999
328886,1426,69281,"GRÜN, F.","GRÜN, FEDERICO JOSE",24,24.06527777777778,190.0,81.0,6.0,87.0,50.0,14.0,27.0,3.0,3.0,46.0,42.0,164.0,25.0,39.0,40.0,98.0,20.0,9.0,35.0,242.0,1170.0,573.0,516.0,0.0,0.0,101.46666666666667,109.08333333333333,33.4,235.76000000000002,1832.6,1804.72,34654.0,577.5666666666667,1903.0,5049.95,1775.0,1818.66,1040.7885939775713,25:39,True,SAN MARTIN (C),SAN MARTIN (C) vs BOCA (008/05/2025 21:30),SAN MARTIN (C),BOCA,BOCA,08/05/2025,13.15865412362209,5.609742021123102,0.4155364460091187,6.025278467132221,3.4628037167426555,0.9695850406879436,1.869914007041034,0.20776822300455935,0.20776822300455935,3.185779419403243,2.908755122063831,11.35799619091591,1.7314018583713278,2.700986899059271,2.770242973394125,6.787095284815605,1.3851214866970625,0.623304669013678,2.4239626017198592,16.759969989034452,81.02960697177814,39.683730593870834,35.736134356784206,7.027183009176429,7.554683442026894,2.313152882784094,16.327812085184974,126.9186818260518,124.98782247359611,2399.9999999999995,40.0,131.79430945922547,349.7397125872914,122.92953194436427,125.95325214982397,72.08093223137793,202.0,11.15702479338843,42.07920792079208,1.0471204188481675,15.69767441860465,7.988980716253444,0.09900990099009901,28.985507246376812,39.0625,68.96551724137932,44.235425591357796,20.68376068376068,1.8518518518518519,160.00000000000003,80.59043094672548,55.85774101187657,0.0,0.0,6.666666666666668
332428,1790,69616,"GUASCO, S.","GUASCO PASQUINI, SANTIAGO",3,2.4055555555555554,2.0,1.0,0.0,1.0,0.0,0.0,0.0,0.0,0.0,2.0,0.0,-2.0,1.0,3.0,0.0,0.0,0.0,0.0,2.0,4.0,12.0,7.0,8.0,0.0,0.0,6.716666666666667,6.716666666666667,4.333333333333333,4.0,294.6,291.96000000000004,433.0,7.216666666666667,323.0,800.0166666666667,280.0,293.28,13.54498627280546,02:29,False,INSTITUTO,INSTITUTO vs ZARATE BASKET (013/04/2025 11:00),INSTITUTO,ZARATE BASKET,ZARATE BASKET,13/04/2025,11.085450346420323,5.542725173210162,0.0,5.542725173210162,0.0,0.0,0.0,0.0,0.0,11.085450346420323,0.0,-11.085450346420323,5.542725173210162,16.628175519630485,0.0,0.0,0.0,0.0,11.085450346420323,22.170900692840647,66.51270207852194,38.79907621247113,44.34180138568129,37.22863741339492,37.22863741339492,24.018475750577366,22.170900692840647,1632.8868360277138,1618.2540415704389,2400.0,40.0,1790.3002309468823,4434.272517321016,1551.9630484988452,1625.570438799076,75.0761363850649,4.0,0.0,25.0,0.0,12.5,6.666666666666667,0.0,,25.0,,25.0,33.33333333333333,,0.30000000000000027,50.0,4.409410207111958,0.0,0.0,0.10000000000000009
276254,1913,70011,"GUERRA, Y.","GUERRA CAÑATE, YEFERSON ANTONIO",35,18.99142857142857,240.0,86.0,24.0,110.0,56.0,27.0,45.0,5.0,5.0,70.0,56.0,291.0,71.0,40.0,15.0,27.0,53.0,16.0,-2.0,227.0,1319.0,530.0,564.0,0.0,0.0,172.63333333333333,172.63333333333333,16.4,204.35999999999999,2711.16,2727.64,39882.0,664.7,2921.0,7224.833333333333,3049.0,2719.4,1247.7300566833292,19:04,False,UNION (SF),UNION (SF) vs RIACHUELO (LR) (003/12/2024 21:00),UNION (SF),RIACHUELO (LR),RIACHUELO (LR),03/12/2024,14.44260568677599,5.1752670377613965,1.4442605686775989,6.619527606438994,3.3699413269143976,1.6247931397622986,2.707988566270498,0.30088761847449974,0.30088761847449974,4.212426658642997,3.3699413269143976,17.511659395215887,4.272604182337896,2.407100947795998,0.9026628554234993,1.6247931397622986,3.1894087558296973,0.9628403791183993,-0.12035504738979991,13.66029787874229,79.37415375357303,31.894087558296974,33.94012336392357,10.388646507196228,10.388646507196228,0.9869113885963592,12.297878742289754,163.15089514066494,164.1426207311569,2399.9999999999995,40.0,175.77854671280275,434.7725791083696,183.48126974574996,163.64675793591093,75.0853050508999,153.0,19.823788546255507,61.111111111111114,4.528301886792453,15.24822695035461,10.054844606946983,0.3464052287581699,35.714285714285715,63.96396396396396,76.81159420289855,65.44502617801047,17.210007581501138,1.2444444444444445,227.0,117.43981209630066,51.44413418442934,0.0,0.0,6.485714285714286
328501,1790,69616,"GUERRA, L.","GUERRA, LUCIANO MARTIN",29,16.33390804597701,136.0,56.0,13.0,69.0,65.0,23.0,33.0,1.0,2.0,72.0,35.0,141.0,24.0,28.0,23.0,44.0,19.0,9.0,-78.0,165.0,960.0,450.0,432.0,0.0,0.0,158.88333333333333,158.88333333333333,6.633333333333333,151.32,2183.88,2184.76,28421.0,473.68333333333334,2369.0,5824.733333333334,2226.0,2184.32,888.0245886252626,21:07,False,INSTITUTO,INSTITUTO vs QUIMSA (002/12/2024 22:10),INSTITUTO,QUIMSA,QUIMSA,02/12/2024,11.484465711973542,4.728897646106752,1.0977798107033532,5.826677456810105,5.488899053516766,1.9422258189367017,2.7866718271700504,0.08444460082333487,0.16888920164666973,6.080011259280109,2.95556102881672,11.906688716090216,2.0266704197600367,2.364448823053376,1.9422258189367017,3.7155624362267337,1.6044474156433621,0.7600014074100137,-6.586678864220119,13.933359135850251,81.06681679040148,38.00007037050069,36.48006755568066,13.416839660814187,13.416839660814187,0.5601491854614545,12.778156996587029,184.41687484606456,184.4911860947891,2400.0,40.0,200.04925935048027,491.86728123570606,187.9736814327434,184.4540304704268,74.98888190776646,119.0,20.0,49.15966386554622,2.888888888888889,12.962962962962962,7.8231292517006805,0.15966386554621848,34.32835820895522,46.15384615384615,67.85714285714286,51.78190679256778,17.1875,1.9696969696969697,129.99999999999997,89.87575997885277,41.43025861747983,0.0,0.0,4.482758620689654
74625,19,70600,"GUERRERO, J.","GUERRERO MARGARIT, JUAN MARTIN",37,12.310360360360361,187.0,51.0,24.0,75.0,35.0,15.0,32.0,2.0,4.0,57.0,39.0,183.0,21.0,29.0,34.0,45.0,43.0,3.0,-46.0,183.0,934.0,399.0,433.0,0.0,0.0,151.73333333333332,151.73333333333332,5.7,159.24,2818.28,2839.36,27329.0,455.48333333333335,3097.0,7649.966666666667,2884.0,2828.82,840.6024581646793,21:43,False,BOCA,BOCA vs ZARATE BASKET (012/10/2024 11:30),BOCA,ZARATE BASKET,ZARATE BASKET,12/10/2024,16.422115701269714,4.4787588276190125,2.1076512129971823,6.586410040616196,3.0736580189542244,1.317282008123239,2.810201617329576,0.1756376010830985,0.351275202166197,5.005671630868308,3.4249332211204213,16.070840499103515,1.8441948113725346,2.5467452157049286,2.9858392184126754,3.9518460243697167,3.776208423286618,0.2634564016246478,-4.0396648249112665,16.070840499103515,82.02275970580702,35.03970141607816,38.02554063449083,13.325039335504407,13.325039335504407,0.5005671630868309,13.984265798236306,247.49796919023748,249.34918950565333,2400.0,40.0,271.97482527717807,671.8108968495005,253.2694207618281,248.4235793479454,73.82069960829998,129.0,17.48633879781421,55.81395348837209,6.015037593984962,11.778290993071593,9.014423076923077,0.3333333333333333,43.037974683544306,42.0,93.47826086956522,62.65076387027606,19.593147751605997,1.09375,165.30000000000004,117.43280582768148,30.295722436566507,0.0,0.0,4.467567567567569
231463,1790,69616,"GUERRERO, J.","GUERRERO, JERONIMO",8,2.7041666666666666,9.0,3.0,0.0,3.0,2.0,1.0,3.0,0.0,1.0,0.0,4.0,8.0,1.0,2.0,1.0,1.0,4.0,4.0,-10.0,12.0,42.0,18.0,22.0,0.0,0.0,16.516666666666666,16.516666666666666,4.8,11.52,891.44,903.8,1298.0,21.633333333333333,1011.0,2400.0333333333333,839.0,897.62,41.78685616898518,00:00,False,INSTITUTO,REGATAS (C) vs INSTITUTO (011/10/2024 21:30),REGATAS (C),INSTITUTO,REGATAS (C),11/10/2024,16.640986132511557,5.546995377503853,0.0,5.546995377503853,3.6979969183359014,1.8489984591679507,5.546995377503853,0.0,1.8489984591679507,0.0,7.395993836671803,14.791987673343606,1.8489984591679507,3.6979969183359014,1.8489984591679507,1.8489984591679507,7.395993836671803,7.395993836671803,-18.48998459167951,22.187981510015412,77.65793528505392,33.281972265023114,40.67796610169491,30.53929121725732,30.53929121725732,8.875192604006163,21.300462249614792,1648.271186440678,1671.124807395994,2400.0,40.0,1869.337442218798,4437.657935285054,1551.3097072419105,1659.697996918336,77.26383266992639,5.0,25.0,50.0,0.0,13.636363636363635,7.5,0.8,50.0,33.33333333333333,50.0,52.81690140845071,28.57142857142857,0.6666666666666666,6.200000000000001,78.125,4.351482132151591,0.0,0.0,0.7750000000000001
328573,2376,69996,"HAMILTON, I.","HAMILTON, ISAAC BRANDON",4,24.720833333333335,32.0,4.0,4.0,8.0,13.0,2.0,9.0,1.0,0.0,6.0,3.0,25.0,5.0,13.0,7.0,6.0,1.0,0.0,13.0,40.0,202.0,90.0,80.0,0.0,0.0,14.93333333333333,14.93333333333333,0.75,36.44,289.72,288.64,5933.0,98.88333333333334,326.0,800.0,326.0,289.18,177.34035153450168,16:56,True,PEÑAROL (MDP),INSTITUTO vs PEÑAROL (MDP) (022/12/2024 22:10),INSTITUTO,PEÑAROL (MDP),INSTITUTO,22/12/2024,12.944547446485757,1.6180684308107196,1.6180684308107196,3.236136861621439,5.258722400134839,0.8090342154053598,3.640653969324119,0.4045171077026799,0.0,2.4271026462160794,1.2135513231080397,10.112927692566998,2.0225855385133995,5.258722400134839,2.8316197539187593,2.4271026462160794,0.4045171077026799,0.0,5.258722400134839,16.180684308107196,81.71245575594133,36.40653969324119,32.36136861621439,6.040788808360018,6.040788808360018,0.3033878307770099,14.740603404685654,117.19669644362043,116.75981796730153,2399.9999999999995,40.0,131.87257711107364,323.61368616214395,131.87257711107364,116.97825720546098,71.73720608171313,31.0,22.5,50.0,4.444444444444445,5.0,4.705882352941177,0.03225806451612903,53.84615384615385,27.77777777777778,100.0,50.89058524173028,19.801980198019802,1.4444444444444444,27.1,87.81558726673985,69.13375921249356,0.0,0.0,6.775
324475,1541,69636,"HARINA, F.","HARINA MARTINI, FEDERICO GABRIEL",36,20.893981481481482,237.0,60.0,12.0,72.0,43.0,38.0,28.0,0.0,1.0,55.0,44.0,211.0,34.0,59.0,43.0,72.0,40.0,8.0,43.0,256.0,1586.0,713.0,718.0,0.0,0.0,210.39999999999998,220.85,43.416666666666664,245.12,2860.6,2885.08,45131.0,752.1833333333334,3135.0,7499.833333333333,3192.0,2872.8399999999997,1444.9395665720833,31:14,True,LA UNION FSA.,LA UNION FSA. vs ZARATE BASKET (003/12/2024 21:30),LA UNION FSA.,ZARATE BASKET,ZARATE BASKET,03/12/2024,12.603310363165008,3.1907114843455715,0.6381422968691143,3.8288537812146854,2.286676563780993,2.0207839400855288,1.4889986926946,0.0,0.053178524739092854,2.9248188606501073,2.339855088520086,11.220668719948591,1.8080698411291571,3.137532959606479,2.286676563780993,3.8288537812146854,2.1271409895637143,0.42542819791274283,2.286676563780993,13.61370233320777,84.34114023620127,37.91628813897321,38.18218076266867,11.188761605105135,11.744477188628657,2.3088342824222816,13.035119984046442,152.12248786864902,153.42429815426203,2399.9999999999995,40.0,166.7146750570561,398.8300724557399,169.7458509671844,152.7733930114555,76.83975448744764,208.0,10.9375,47.35576923076923,1.6830294530154277,8.356545961002785,5.031446540880504,0.19230769230769232,37.391304347826086,36.55913978494624,83.33333333333334,51.719622905027926,16.14123581336696,1.5357142857142858,215.90000000000003,96.6873368146214,55.88529807663755,0.0,0.0,5.997222222222224
328777,1932,69789,"HERNANDEZ, M.","HERNANDEZ, MANUEL ALONSO",26,32.60641025641026,427.0,79.0,11.0,90.0,47.0,28.0,67.0,14.0,17.0,83.0,98.0,309.0,100.0,95.0,48.0,110.0,83.0,23.0,-241.0,468.0,1701.0,801.0,738.0,0.0,0.0,200.25,200.25,28.43333333333333,455.64,1911.0,1914.6,50866.0,847.7666666666667,1857.0,5200.083333333333,2203.0,1912.8,1558.0864070585044,35:13,True,ARGENTINO (J),BOCA vs ARGENTINO (J) (020/05/2025 20:30),BOCA,ARGENTINO (J),BOCA,20/05/2025,20.147053041324266,3.727440726615028,0.5190107340856367,4.246451460700665,2.2175913183659026,1.3211182322179846,3.1612471985216057,0.6605591161089923,0.8021074981323477,3.9161719026461683,4.623913812762946,14.579483348405615,4.718279400778516,4.48236543073959,2.2647741123736878,5.190107340856368,3.9161719026461683,1.0852042621790587,-11.371053355876224,22.081547595643457,80.25793260724257,37.79341800023592,34.82090197774545,9.44835450005898,9.44835450005898,1.341564109621358,21.49836826170723,90.16631934887744,90.33617740730547,2400.0,40.0,87.61844847245705,245.35446073998347,103.94369519915071,90.25124837809146,73.51486999057151,353.0,14.316239316239315,48.725212464589234,1.373283395755306,10.70460704607046,5.847953216374268,0.23512747875354106,30.37974683544304,51.28205128205128,78.30188679245283,53.42308077269543,27.513227513227513,0.7014925373134329,313.8,93.71433587920288,93.81392237526924,0.0,0.0,12.069230769230769
329723,1790,69616,"HOLT, E.","HOLT, EMMITT DWIGHT",19,21.026315789473685,209.0,50.0,21.0,71.0,12.0,15.0,16.0,11.0,8.0,51.0,32.0,180.0,47.0,43.0,30.0,40.0,25.0,12.0,47.0,192.0,816.0,375.0,341.0,0.0,0.0,84.93333333333332,84.93333333333332,12.883333333333333,171.28,1426.16,1432.8,23970.0,399.5,1559.0,3799.7833333333333,1464.0,1429.48,750.4792392505624,25:46,False,INSTITUTO,OBRAS vs INSTITUTO (020/05/2025 20:00),OBRAS,INSTITUTO,OBRAS,20/05/2025,20.9261576971214,5.006257822277847,2.1026282853566958,7.108886107634543,1.2015018773466832,1.5018773466833544,1.6020025031289111,1.1013767209011265,0.8010012515644556,5.106382978723404,3.2040050062578223,18.022528160200253,4.705882352941177,4.305381727158949,3.0037546933667088,4.005006257822278,2.5031289111389237,1.2015018773466832,4.705882352941177,19.22403003754693,81.70212765957446,37.546933667083856,34.14267834793492,8.503963287442636,8.503963287442636,1.2899457655402586,17.149436795994994,142.7944931163955,143.45932415519397,2400.0,40.0,156.09511889862327,380.45390070921985,146.58322903629536,143.12690863579473,75.14185123910512,160.0,8.333333333333332,57.5,5.6000000000000005,14.66275659824047,9.916201117318437,0.15625,42.857142857142854,52.22222222222223,67.56756756756756,59.280689811663265,23.52941176470588,0.75,180.59999999999997,122.02241943017282,53.7682541396192,0.0,0.0,9.505263157894735
325116,1424,69990,"HOOPER, C.","HOOPER, CHRISTOPHER JALEEL",4,18.408333333333335,9.0,12.0,5.0,17.0,2.0,1.0,3.0,0.0,2.0,13.0,3.0,2.0,4.0,8.0,0.0,0.0,1.0,4.0,-43.0,17.0,138.0,67.0,71.0,0.0,0.0,15.383333333333331,15.383333333333331,3.6166666666666663,12.2,292.6,304.56,4418.0,73.63333333333334,311.0,800.0333333333333,368.0,298.58,136.92382467644282,20:17,False,REGATAS (C),REGATAS (C) vs INSTITUTO (011/10/2024 21:30),REGATAS (C),INSTITUTO,INSTITUTO,11/10/2024,4.88909008601177,6.518786781349027,2.7161611588954275,9.234947940244453,1.086464463558171,0.5432322317790855,1.6296966953372567,0.0,1.086464463558171,7.062019013128111,1.6296966953372567,1.086464463558171,2.172928927116342,4.345857854232684,0.0,0.0,0.5432322317790855,2.172928927116342,-23.35898596650068,9.234947940244453,74.9660479855138,36.39655952919873,38.56948845631507,8.356722498868264,8.356722498868264,1.9646899049343591,6.627433227704843,158.94975101856045,165.44680851063828,2399.9999999999995,40.0,168.9452240832956,434.6038931643277,199.90946129470348,162.19827976459936,74.38143486271225,12.0,17.647058823529413,33.333333333333336,7.462686567164178,16.901408450704224,12.318840579710146,0.08333333333333333,,33.33333333333333,20.0,31.690140845070424,12.318840579710146,0.6666666666666666,5.100000000000001,73.77049180327869,56.5431051580916,0.0,0.0,1.2750000000000004
330752,1474,68570,"HORTON, K.","HORTON, KENNETH WILCHER",19,27.426315789473687,237.0,93.0,17.0,110.0,28.0,19.0,20.0,6.0,2.0,45.0,34.0,274.0,40.0,22.0,39.0,64.0,40.0,7.0,31.0,201.0,1055.0,476.0,438.0,0.0,0.0,107.6,107.6,41.516666666666666,188.68,1404.32,1405.6,31266.0,521.1,1599.0,3800.0,1505.0,1404.96,961.0270356010727,31:34,True,GIMNASIA (CR),GIMNASIA (CR) vs FERRO (018/05/2025 20:00),GIMNASIA (CR),FERRO,FERRO,18/05/2025,18.192285549798502,7.138744962579159,1.3049318748800616,8.44367683745922,2.1492995586259833,1.4584532719247745,1.535213970447131,0.4605641911341393,0.1535213970447131,3.454231433506045,2.609863749760123,21.032431395125695,3.070427940894262,1.688735367491844,2.993667242371905,4.912684705430819,3.070427940894262,0.5373248896564958,2.379581654193053,15.428900402993666,80.98253694108615,36.53809249664172,33.62118595279217,8.259451161005565,8.259451161005565,3.1868483336531694,14.483208597198233,107.79658414891574,107.89483784302435,2400.0,40.0,122.74035693724812,291.6906543849549,115.5248512761466,107.84571099597005,73.76910655160796,165.0,9.950248756218906,59.696969696969695,3.571428571428571,21.232876712328768,12.035010940919037,0.24242424242424243,37.86407766990291,64.51612903225806,85.1063829787234,63.81947436449806,19.0521327014218,1.4,229.3,125.60949756200974,73.27305107296357,0.0,0.0,12.06842105263158
328832,1426,69281,"HUNT, D.","HUNT, DARIO NATHAN HENRY",25,21.43466666666667,188.0,107.0,64.0,171.0,18.0,7.0,39.0,21.0,10.0,56.0,46.0,270.0,84.0,48.0,0.0,3.0,20.0,25.0,39.0,192.0,1054.0,504.0,498.0,0.0,0.0,95.31666666666665,96.54999999999998,28.999999999999993,129.8,1832.6,1804.72,32152.0,535.8666666666667,1903.0,5049.95,1775.0,1818.66,962.8794874962738,16:50,True,SAN MARTIN (C),SAN MARTIN (C) vs BOCA (008/05/2025 21:30),SAN MARTIN (C),BOCA,BOCA,08/05/2025,14.033341627270467,7.987061458074147,4.777307788006967,12.764369246081115,1.3436178153769593,0.522518039313262,2.911171933316745,1.5675541179397858,0.7464543418760885,4.180144314506096,3.4336899726300074,20.15426723065439,6.270216471759143,3.582980841005225,0.0,0.22393630256282657,1.492908683752177,1.8661358546902216,2.911171933316745,14.3319233640209,78.67628763373973,37.62129883055486,37.17342622542921,7.114953968648916,7.207016670813634,2.1647175914406565,9.68897735755163,136.79522269221198,134.71410798706145,2400.0,40.0,142.05026125901966,376.95571037571534,132.49564568300573,135.75466533963674,71.87455741450165,135.0,20.3125,62.22222222222222,12.698412698412698,21.485943775100402,17.065868263473057,0.14814814814814814,0.0,63.63636363636363,44.44444444444444,60.7235142118863,18.216318785578746,0.46153846153846156,187.29999999999998,144.83821263482278,51.67646277969717,0.0,0.0,7.491999999999999
183063,1913,70011,"HURE, D.","HURE, DANIEL HERNAN",38,20.09561403508772,311.0,107.0,13.0,120.0,29.0,8.0,27.0,3.0,5.0,84.0,36.0,248.0,59.0,47.0,56.0,87.0,25.0,9.0,-63.0,288.0,1512.0,663.0,718.0,0.0,0.0,207.2,212.2,47.28333333333333,277.96,2854.36,2867.76,45818.0,763.6333333333333,3112.0,7624.816666666667,3234.0,2861.06,1426.8899300424896,17:20,False,UNION (SF),UNION (SF) vs RIACHUELO (LR) (003/12/2024 21:00),UNION (SF),RIACHUELO (LR),RIACHUELO (LR),03/12/2024,16.290540835479504,5.604784145968833,0.6809550831550919,6.285739229123926,1.519053647038282,0.419049281941595,1.4142913265528831,0.15714348072809814,0.2619058012134969,4.4000174603867475,1.8857217687371775,12.990527740189446,3.0904884543192637,2.4619145314068707,2.933344973591165,4.557160941114845,1.3095290060674845,0.47143044218429436,-3.300013095290061,15.08577414989742,79.20031428696146,34.72870924090969,37.60967305425815,10.85337640228731,11.115282203500808,2.476755860142302,14.559867301060718,149.5146885503514,150.21659609760357,2400.0,40.0,163.01017067528048,399.39674363787157,169.40067222488977,149.86564232397745,74.74215007424975,249.0,9.375,57.429718875502004,1.9607843137254901,14.902506963788301,8.689355539464156,0.10040160642570281,39.16083916083916,55.660377358490564,73.52941176470588,58.910440975905445,19.047619047619047,1.0740740740740742,243.70000000000005,111.88660238883293,56.374011413427596,0.0,0.0,6.413157894736844
271956,80,70071,"IANGUAS, P.","IANGUAS, PEDRO HENRIQUE",26,17.60448717948718,123.0,96.0,54.0,150.0,14.0,6.0,14.0,12.0,3.0,64.0,24.0,212.0,56.0,25.0,0.0,0.0,11.0,11.0,-39.0,104.0,924.0,443.0,385.0,0.0,0.0,104.06666666666666,109.06666666666666,27.75,54.68,1918.28,1890.0,27463.0,457.71666666666664,2031.0,5250.016666666666,2135.0,1904.1399999999999,828.5963911422449,26:16,False,PLATENSE,PLATENSE vs PEÑAROL (MDP) (011/10/2024 22:05),PLATENSE,PEÑAROL (MDP),PEÑAROL (MDP),11/10/2024,10.749007755889743,8.389469468011507,4.719076575756473,13.10854604376798,1.2234642974183447,0.5243418417507192,1.2234642974183447,1.0486836835014384,0.2621709208753596,5.592979645341004,2.0973673670028767,18.52674507519208,4.893857189673379,2.18475767396133,0.0,0.0,0.9612933765429852,0.9612933765429852,-3.4082219713796746,9.088591923679132,80.74864362961077,38.71390598259477,33.64526817900448,9.094417944143029,9.531369478935295,2.4250810180970763,4.778501984488221,167.6390780322616,165.16768015147653,2400.0,40.0,177.48971343261843,458.80056803699523,186.57830535629756,166.40337909186906,72.41129296658733,81.0,13.461538461538462,69.1358024691358,12.18961625282167,24.935064935064936,18.115942028985508,0.13580246913580246,,69.1358024691358,50.0,67.82090868989854,11.255411255411255,1.0,145.50000000000006,224.94513533284564,48.794077738310456,0.0,0.0,5.5961538461538485
324116,19,70600,"IBARGUEN, A.","IBARGUEN ANDREWS, ANDRES FELIPE",38,19.46315789473684,395.0,86.0,70.0,156.0,13.0,8.0,43.0,16.0,8.0,79.0,136.0,497.0,146.0,61.0,0.0,2.0,103.0,34.0,66.0,311.0,1490.0,604.0,729.0,0.0,0.0,222.23333333333332,227.96666666666667,35.1,242.28,2818.28,2839.36,44376.0,739.6,3097.0,7649.966666666667,2884.0,2828.82,1366.9450839028482,20:03,False,BOCA,BOCA vs ZARATE BASKET (012/10/2024 11:30),BOCA,ZARATE BASKET,ZARATE BASKET,12/10/2024,21.362898864250948,4.651162790697675,3.785830178474851,8.436992969172525,0.7030827474310437,0.4326663061114116,2.3255813953488373,0.8653326122228232,0.4326663061114116,4.2725797728501895,7.355327203893997,26.879394267171442,7.8961600865332615,3.2990805840995128,0.0,0.1081665765278529,5.570578691184424,1.8388318009734992,3.5694970254191456,16.819902650081126,80.58409951325041,32.66630611141157,39.42671714440238,12.019109428519918,12.329186947899766,1.8983234180638184,13.1032990805841,152.42184964845865,153.5619253650622,2400.0,40.0,167.4959437533802,413.73535244276184,155.97620335316387,152.9918875067604,73.92888501367486,209.0,13.826366559485532,69.85645933014354,11.589403973509933,11.796982167352537,11.70292573143286,0.49282296650717705,0.0,70.53140096618358,75.18248175182481,73.34373143196673,20.87248322147651,0.3023255813953488,347.20000000000005,163.03450553079082,49.265367291891536,0.0,0.0,9.13684210526316
332193,1498,70040,"IMAZ, B.","IMAZ, BENJAMIN",0,,0.0,0.0,0.0,0.0,0.0,0.0,0.0,0.0,0.0,0.0,0.0,0.0,0.0,0.0,0.0,0.0,0.0,0.0,0.0,0.0,0.0,0.0,0.0,0.0,0.0,0.0,0.0,0.0,0.0,454.08,454.36,0.0,0.0,473.0,1199.9666666666667,530.0,454.21999999999997,0.0,00:00,False,ATENAS (C),OLIMPICO (LB) vs ATENAS (C) (002/05/2025 22:10),OLIMPICO (LB),ATENAS (C),OLIMPICO (LB),02/05/2025,0.0,0.0,0.0,0.0,0.0,0.0,0.0,0.0,0.0,0.0,0.0,0.0,0.0,0.0,0.0,0.0,0.0,0.0,0.0,0.0,0.0,0.0,0.0,0.0,0.0,0.0,0.0,18163.2,18174.4,0.0,0.0,18920.0,47998.66666666667,21200.0,18168.8,0.0,0.0,,,,,,,,,,,,,0.0,,,0.0,0.0,
154359,76,69063,"INYACO, F.","INYACO TOLEDO, FELIPE ANTONIO",37,20.188288288288287,367.0,59.0,9.0,68.0,35.0,25.0,43.0,2.0,3.0,85.0,48.0,250.0,62.0,47.0,69.0,116.0,36.0,1.0,84.0,351.0,1487.0,650.0,707.0,0.0,0.0,261.48333333333335,271.7666666666667,46.88333333333333,344.28000000000003,2751.16,2778.32,44818.0,746.9666666666667,3059.0,7500.166666666667,2938.0,2764.7400000000002,1375.8207057300554,26:06,False,OBRAS,OBRAS vs SAN LORENZO (027/11/2024 19:00),OBRAS,SAN LORENZO,SAN LORENZO,27/11/2024,19.652818064170646,3.159444865902093,0.4819492168325226,3.641394082734615,1.8742469543486993,1.338747824534785,2.30264625819983,0.10709982596278281,0.16064973894417423,4.551742603418269,2.5703958231067876,13.38747824534785,3.320094604846267,2.516845910125396,3.694943995716007,6.211789905841403,1.9277968673300905,0.053549912981391404,4.498192690436878,18.796019456468382,79.62872060332901,34.80744343790441,37.85978847784372,14.002409746084163,14.553081351242804,2.5105984202775673,18.436164041233432,147.32437859788476,148.77879423445938,2400.0,40.0,163.8091838100763,401.6332723459325,157.32964433932796,148.05158641617209,73.67507906984098,294.0,12.250712250712251,56.29251700680272,1.3846153846153846,8.345120226308344,5.0110537951363305,0.12244897959183673,37.2972972972973,56.88073394495413,97.2972972972973,59.14013149413434,23.604572965702758,0.813953488372093,276.30000000000007,106.59927965609386,52.88293115334095,0.0,0.0,7.46756756756757
220473,1424,69990,"JAIME, A.","JAIME, ANDRES JOAQUIN",36,21.98009259259259,259.0,97.0,24.0,121.0,110.0,38.0,50.0,0.0,5.0,91.0,89.0,323.0,44.0,52.0,39.0,79.0,54.0,17.0,-6.0,296.0,1537.0,710.0,731.0,0.0,0.0,282.51666666666665,282.51666666666665,32.983333333333334,271.24,2616.48,2628.48,47477.0,791.2833333333333,2846.0,7200.016666666666,2844.0,2622.48,1442.2250540077503,08:07,False,REGATAS (C),REGATAS (C) vs GIMNASIA (CR) (002/12/2024 21:30),REGATAS (C),GIMNASIA (CR),GIMNASIA (CR),02/12/2024,13.092655391031446,4.903426922509847,1.2132190323735705,6.116645954883417,5.560587231712198,1.9209301345914864,2.5275396507782717,0.0,0.25275396507782716,4.6001221644164545,4.499020578385323,16.327906144027637,2.224234892684879,2.6286412368094023,1.971480927607052,3.993512648229669,2.7297428228405334,0.8593634812646124,-0.30330475809339263,14.963034732607367,77.69656886492407,35.89106304105145,36.95262969437833,14.281441540114159,14.281441540114159,1.6673336562967334,13.711397097541969,132.26513890936667,132.87174842555342,2400.0,40.0,143.86755692229923,363.96655222528807,143.7664553362681,132.56844366746003,72.90562018700847,214.0,16.89189189189189,47.89719626168224,3.3802816901408446,13.269493844049249,8.396946564885496,0.2523364485981308,33.05084745762712,45.83333333333333,76.05633802816901,52.80541510357201,19.25829538061158,2.2,262.5,95.48739124023004,59.64039780669032,0.0,0.0,7.291666666666667
326009,2025,69418,"JARA, C.","JARA, CESAR AGUSTIN",38,19.919298245614034,320.0,58.0,15.0,73.0,63.0,35.0,39.0,0.0,11.0,81.0,79.0,267.0,69.0,60.0,42.0,94.0,56.0,18.0,-177.0,335.0,1611.0,719.0,709.0,0.0,0.0,236.08333333333334,236.08333333333334,34.199999999999996,321.56,2922.2,2941.84,45416.0,756.9333333333333,3237.0,7599.916666666667,3348.0,2932.02,1463.002086919247,22:40,True,INDEPENDIENTE (O),INDEPENDIENTE (O) vs QUIMSA (030/11/2024 20:30),INDEPENDIENTE (O),QUIMSA,QUIMSA,30/11/2024,16.910339968293112,3.0649991192531267,0.7926721860137397,3.8576713052668667,3.3292231812577064,1.8495684340320593,2.0609476836357232,0.0,0.5812929364100758,4.280429804474195,4.174740179672362,14.109564911044568,3.646292055663203,3.1706887440549587,2.2194821208384714,4.967412365686102,2.9593094944512948,0.9512066232164875,-9.353531794962128,17.703012154306855,85.13299277787564,37.99542011625859,37.46697199224943,12.475779460982913,12.475779460982913,1.8072925841113263,16.99277787563854,154.42311079795667,155.4609829135107,2400.0000000000005,40.0,171.05865774176505,401.6161705125947,176.9244319182667,154.94204685573368,77.31207082539618,265.0,11.641791044776118,49.81132075471698,2.086230876216968,8.180535966149506,5.1120448179271705,0.21132075471698114,30.88235294117647,53.48837209302325,75.67567567567568,53.77066810055114,20.79453755431409,1.6153846153846154,268.9,99.5148650329643,56.97724023280064,0.0,0.0,7.076315789473684
183992,80,70071,"JARA, M.","JARA, MANUEL ALEJO",2,3.1416666666666666,2.0,0.0,0.0,0.0,0.0,1.0,0.0,0.0,0.0,0.0,0.0,1.0,1.0,1.0,0.0,1.0,0.0,0.0,5.0,3.0,11.0,5.0,7.0,0.0,0.0,2.8166666666666664,2.8166666666666664,0.5,3.0,1414.48,1389.96,377.0,6.283333333333333,1561.0,3825.0,1608.0,1402.22,11.426550276411923,00:00,False,PLATENSE,PLATENSE vs PEÑAROL (MDP) (011/10/2024 22:05),PLATENSE,PEÑAROL (MDP),PEÑAROL (MDP),11/10/2024,12.73209549071618,0.0,0.0,0.0,0.0,6.36604774535809,0.0,0.0,0.0,0.0,0.0,6.36604774535809,6.36604774535809,6.36604774535809,0.0,6.36604774535809,0.0,0.0,31.830238726790448,19.09814323607427,70.02652519893898,31.830238726790448,44.56233421750663,17.93103448275862,17.93103448275862,3.183023872679045,19.09814323607427,9004.64721485411,8848.551724137931,2400.0,40.0,9937.40053050398,24350.132625994698,10236.60477453581,8926.59946949602,72.741964624373,3.0,0.0,33.333333333333336,0.0,0.0,0.0,0.0,0.0,50.0,,33.33333333333333,27.27272727272727,,2.1000000000000005,66.66666666666666,0.9345489755090273,0.0,0.0,1.0500000000000003
325628,1474,68570,"JENKINS, J.","JENKINS, JALEN KEMAL",19,24.763157894736842,183.0,73.0,22.0,95.0,28.0,18.0,17.0,4.0,2.0,54.0,37.0,204.0,46.0,37.0,20.0,42.0,31.0,9.0,5.0,180.0,959.0,436.0,390.0,0.0,0.0,114.1,114.1,36.28333333333333,157.6,1379.24,1364.44,28230.0,470.5,1542.0,3800.0499999999997,1480.0,1371.84,849.4924001426382,32:33,True,GIMNASIA (CR),SAN MARTIN (C) vs GIMNASIA (CR) (004/12/2024 21:30),SAN MARTIN (C),GIMNASIA (CR),SAN MARTIN (C),04/12/2024,15.557917109458025,6.20616365568544,1.8703506907545164,8.076514346439957,2.3804463336875665,1.5302869287991498,1.445270988310308,0.3400637619553666,0.1700318809776833,4.5908607863974495,3.145589798087141,17.343251859723697,3.9107332624867164,3.145589798087141,1.7003188097768331,3.57066950053135,2.635494155154091,0.7651434643995749,0.4250797024442083,15.302869287991498,81.53028692879914,37.06695005313496,33.156216790648244,9.700318809776832,9.700318809776832,3.0846617074034715,13.398512221041445,117.25738575982996,115.99914984059511,2400.0,40.0,131.09458023379383,323.0648246546227,125.82359192348565,116.62826780021254,72.2203953362498,145.0,9.444444444444445,52.41379310344828,5.045871559633028,18.71794871794872,11.501210653753027,0.21379310344827587,32.25806451612903,55.42168674698795,77.5,56.27306273062731,18.769551616266945,1.6470588235294117,175.00000000000003,116.11675126903553,66.80776248839157,0.0,0.0,9.210526315789474
305295,19,70600,"JUAREZ, E.","JUAREZ, EZEQUIEL",0,,0.0,0.0,0.0,0.0,0.0,0.0,0.0,0.0,0.0,0.0,0.0,0.0,0.0,0.0,0.0,0.0,0.0,0.0,0.0,0.0,0.0,0.0,0.0,0.0,0.0,0.0,0.0,0.0,0.0,151.84,147.36,0.0,0.0,162.0,400.0,153.0,149.6,0.0,00:00,False,BOCA,BOCA vs ARGENTINO (J) (020/05/2025 20:30),BOCA,ARGENTINO (J),ARGENTINO (J),20/05/2025,0.0,0.0,0.0,0.0,0.0,0.0,0.0,0.0,0.0,0.0,0.0,0.0,0.0,0.0,0.0,0.0,0.0,0.0,0.0,0.0,0.0,0.0,0.0,0.0,0.0,0.0,0.0,6073.6,5894.400000000001,0.0,0.0,6480.0,16000.0,6120.0,5984.0,0.0,0.0,,,,,,,,,,,,,0.0,,,0.0,0.0,
326949,1913,70011,"KONSZTADT, A.","KONSZTADT, ALEJANDRO",16,21.436458333333334,102.0,49.0,4.0,53.0,36.0,9.0,30.0,0.0,0.0,37.0,32.0,125.0,15.0,9.0,15.0,22.0,27.0,9.0,-98.0,109.0,684.0,311.0,345.0,0.0,0.0,76.08333333333333,76.08333333333333,19.299999999999997,102.84,1190.88,1207.56,20579.0,342.98333333333335,1235.0,3199.9166666666665,1316.0,1199.22,643.4623244344672,30:24,True,UNION (SF),UNION (SF) vs RIACHUELO (LR) (003/12/2024 21:00),UNION (SF),RIACHUELO (LR),RIACHUELO (LR),03/12/2024,11.895621750328004,5.714563389863453,0.4664949706010982,6.181058360464551,4.198454735409884,1.049613683852471,3.4987122795082364,0.0,0.0,4.315078478060158,3.7319597648087854,14.577967831284317,1.7493561397541182,1.049613683852471,1.7493561397541182,2.56572233830604,3.1488410515574126,1.049613683852471,-11.429126779726905,12.711987948879926,79.77063997278779,36.26998396423539,40.23519121434472,8.873123086641721,8.873123086641721,2.2508382331502985,11.993585694154234,138.88488264735895,140.83016667476554,2400.0,40.0,144.03032217308908,373.18625783565767,153.4768453277613,139.85752466106226,75.04298452999276,61.0,27.522935779816514,61.47540983606557,1.2861736334405145,14.202898550724639,8.079268292682928,0.4426229508196721,40.54054054054054,62.5,75.0,66.3716814159292,15.935672514619883,1.2,87.00000000000001,99.18319719953325,58.884676349485645,0.0,0.0,5.437500000000001
130587,2305,69510,"KOZIARSKI, M.","KOZIARSKI, MAXIMO NICOLAS",0,,0.0,0.0,0.0,0.0,0.0,0.0,0.0,0.0,0.0,0.0,0.0,0.0,0.0,0.0,0.0,0.0,0.0,0.0,0.0,0.0,0.0,0.0,0.0,0.0,0.0,0.0,0.0,0.0,0.0,68.84,70.48,0.0,0.0,67.0,200.0,74.0,69.66,0.0,00:00,False,OBERA,SAN MARTIN (C) vs OBERA (031/10/2024 21:30),SAN MARTIN (C),OBERA,SAN MARTIN (C),31/10/2024,0.0,0.0,0.0,0.0,0.0,0.0,0.0,0.0,0.0,0.0,0.0,0.0,0.0,0.0,0.0,0.0,0.0,0.0,0.0,0.0,0.0,0.0,0.0,0.0,0.0,0.0,0.0,2753.6000000000004,2819.2000000000003,0.0,0.0,2680.0,8000.0,2960.0,2786.3999999999996,0.0,0.0,,,,,,,,,,,,,0.0,,,0.0,0.0,
327737,2376,69996,"KRAMER, K.","KRAMER, KELBY JOHN",32,16.5046875,117.0,125.0,47.0,172.0,7.0,10.0,24.0,39.0,1.0,73.0,40.0,237.0,52.0,32.0,0.0,0.0,13.0,18.0,63.0,121.0,1065.0,476.0,490.0,0.0,0.0,120.5,120.5,15.8,75.44,2424.76,2419.32,31689.0,528.15,2687.0,6599.916666666667,2567.0,2422.04,969.9716800713313,28:49,True,PEÑAROL (MDP),PEÑAROL (MDP) vs SAN MARTIN (C) (027/11/2024 19:05),PEÑAROL (MDP),SAN MARTIN (C),SAN MARTIN (C),27/11/2024,8.86111900028401,9.467007478935908,3.5595948120799017,13.02660229101581,0.5301524188204109,0.7573605983148728,1.8176654359556945,2.9537063334280034,0.07573605983148728,5.528732367698571,3.029442393259491,17.949446180062484,3.9382751112373384,2.423553914607593,0.0,0.0,0.9845687778093346,1.363249076966771,4.771371769383698,9.164063239609959,80.65890372053394,36.050364479787945,37.110669317428766,9.126195209694215,9.126195209694215,1.196629745337499,5.7135283536873995,183.6417684369971,183.22976427151377,2400.0,40.0,203.5027927672063,499.8516835494967,194.41446558742783,183.4357663542554,73.46183319673058,84.0,19.834710743801654,61.904761904761905,9.873949579831933,25.510204081632654,17.805383022774325,0.15476190476190477,,61.904761904761905,41.935483870967744,59.91396968455551,11.36150234741784,0.2916666666666667,144.0,155.09013785790032,42.444639414554345,0.0,0.0,4.5
364609,1903,69941,"KRAYEM, O.","KRAYEM, OMAR NABIL",6,23.869444444444444,64.0,10.0,2.0,12.0,13.0,2.0,10.0,0.0,7.0,21.0,20.0,30.0,14.0,13.0,6.0,24.0,18.0,6.0,-31.0,78.0,286.0,124.0,120.0,0.0,0.0,29.833333333333332,29.833333333333332,5.616666666666666,75.56,445.68,454.28,8593.0,143.21666666666667,493.0,1199.9666666666667,526.0,449.98,269.2066782200412,29:37,True,RIACHUELO (LR),PEÑAROL (MDP) vs RIACHUELO (LR) (019/05/2025 21:00),PEÑAROL (MDP),RIACHUELO (LR),PEÑAROL (MDP),19/05/2025,17.875014546724078,2.792971022925637,0.5585942045851274,3.3515652275107644,3.6308623298033282,0.5585942045851274,2.792971022925637,0.0,1.955079716047946,5.865239148143838,5.585942045851274,8.37891306877691,3.910159432095892,3.6308623298033282,1.6757826137553822,6.703130455021529,5.027347841266146,1.6757826137553822,-8.658210171069475,21.78517397881997,79.87897125567322,34.6328406842779,33.51565227510764,8.33236355172815,8.33236355172815,1.5687187245432326,21.103689049226112,124.4771325497498,126.87908762946584,2400.0,40.0,137.6934714302339,335.1472128476667,146.91027580588852,125.67811008960783,75.18864514466414,57.0,12.82051282051282,40.35087719298246,1.6129032258064515,8.333333333333332,4.918032786885246,0.3157894736842105,20.0,51.85185185185185,75.0,47.365304914150386,27.27272727272727,1.3,41.6,84.70089994706194,69.93986840590792,0.0,0.0,6.933333333333334
326914,46,69144,"LADO, M.","LADO, MOGGA CHARLES ARNADO",11,14.224242424242425,47.0,13.0,12.0,25.0,5.0,1.0,9.0,1.0,4.0,21.0,19.0,48.0,16.0,10.0,1.0,0.0,12.0,6.0,-14.0,45.0,342.0,152.0,151.0,0.0,0.0,25.08333333333333,30.06666666666666,9.116666666666665,31.92,847.6800000000001,854.1999999999999,9388.0,156.46666666666667,866.0,2225.0,910.0,850.9399999999999,299.86709181324574,06:30,False,FERRO,FERRO vs BOCA (003/12/2024 21:05),FERRO,BOCA,BOCA,03/12/2024,12.015338730293992,3.3233915636983378,3.067746058798466,6.391137622496804,1.278227524499361,0.25564550489987214,2.3008095440988496,0.25564550489987214,1.0225820195994886,5.368555602897316,4.857264593097571,12.270984235193865,4.090328078397954,2.556455048998722,0.25564550489987214,0.0,3.067746058798466,1.533873029399233,-3.5790370685982102,11.504047720494249,87.43076267575628,38.85811674478057,38.6024712398807,6.412441414571792,7.686408180656155,2.330634853003834,8.16020451640392,216.70558159352368,218.37239028547077,2400.0,40.0,221.3890072432893,568.8112484022156,232.6374094588837,217.5389859394972,76.65967408945353,27.0,20.0,64.81481481481481,7.894736842105263,8.609271523178808,8.25082508250825,0.4444444444444444,100.0,61.53846153846154,66.66666666666666,67.29667812142038,13.157894736842104,0.5555555555555556,36.6,147.24310776942355,37.68588307970757,0.0,0.0,3.3272727272727276
271254,1424,69990,"LARRAZA, J.","LARRAZA, JUAN IGNACIO",17,4.015686274509804,20.0,10.0,1.0,11.0,2.0,4.0,2.0,0.0,0.0,6.0,1.0,28.0,1.0,0.0,6.0,2.0,0.0,0.0,-16.0,11.0,124.0,51.0,62.0,0.0,0.0,45.48333333333333,45.48333333333333,3.15,10.0,2708.32,2717.0,4096.0,68.26666666666667,2939.0,7425.0,2908.0,2712.66,125.50357594002894,00:00,False,REGATAS (C),REGATAS (C) vs GIMNASIA (CR) (002/12/2024 21:30),REGATAS (C),GIMNASIA (CR),GIMNASIA (CR),02/12/2024,11.71875,5.859375,0.5859375,6.4453125,1.171875,2.34375,1.171875,0.0,0.0,3.515625,0.5859375,16.40625,0.5859375,0.0,3.515625,1.171875,0.0,0.0,-9.375,6.4453125,72.65625,29.8828125,36.328125,26.650390624999996,26.650390624999996,1.845703125,5.859375,1586.90625,1591.9921875,2400.0,40.0,1722.0703125,4350.5859375,1703.90625,1589.44921875,73.53725152736071,9.0,18.181818181818183,111.11111111111111,1.9607843137254901,16.129032258064516,9.734513274336283,0.0,75.0,100.0,,111.11111111111111,8.870967741935484,1.0,22.0,200.0,4.9597625742001785,0.0,0.0,1.2941176470588236
270344,2305,69510,"LATERZA, J.","LATERZA, JUAN IGNACIO",26,29.092948717948715,257.0,69.0,7.0,76.0,164.0,37.0,69.0,1.0,9.0,59.0,76.0,306.0,26.0,52.0,52.0,103.0,49.0,13.0,167.0,327.0,1564.0,666.0,727.0,0.0,0.0,180.1,180.1,40.849999999999994,322.28000000000003,2233.68,2231.36,45385.0,756.4166666666666,2457.0,5999.6,2307.0,2232.52,1406.5413546509276,00:00,False,OBERA,SAN MARTIN (C) vs OBERA (031/10/2024 21:30),SAN MARTIN (C),OBERA,SAN MARTIN (C),31/10/2024,13.59039330175168,3.648782637435276,0.3701663545224193,4.0189489919576955,8.672468877382396,1.9565935881899308,3.648782637435276,0.05288090778891704,0.47592817010025346,3.119973559546106,4.0189489919576955,16.181557783408614,1.3749036025118433,2.7498072050236866,2.7498072050236866,5.446733502258456,2.5911644816569352,0.6874518012559216,8.831111600749146,17.292056846975875,82.70573978186626,35.21868458741875,38.44441996254269,9.52385149278396,9.52385149278396,2.160185083177261,17.042458962212187,118.11902610994822,117.99634240387795,2400.0,40.0,129.9283904373692,317.2642943703867,121.99625426903162,118.05768425691309,74.37918367659418,233.0,21.100917431192663,44.63519313304721,1.0510510510510511,9.491059147180192,5.455850681981335,0.21030042918454936,33.5483870967742,33.33333333333333,79.03225806451613,49.36990932841556,20.907928388746804,2.3768115942028984,267.4,79.74432170783169,65.10427411098347,0.0,0.0,10.284615384615384
30542,88,69164,"LATORRE, L.","LATORRE, LUCAS",38,19.157894736842106,220.0,59.0,9.0,68.0,46.0,20.0,58.0,3.0,6.0,81.0,45.0,106.0,41.0,37.0,42.0,102.0,12.0,12.0,-126.0,290.0,1587.0,739.0,756.0,0.0,0.0,160.24999999999997,165.25,18.849999999999998,281.56,3015.08,2959.28,43680.0,728.0,2945.0,7624.816666666667,3034.0,2987.18,1432.6212330339326,17:28,False,SAN LORENZO,OBRAS vs SAN LORENZO (027/11/2024 19:00),OBRAS,SAN LORENZO,OBRAS,27/11/2024,12.087912087912088,3.241758241758242,0.49450549450549447,3.7362637362637363,2.5274725274725274,1.098901098901099,3.1868131868131866,0.16483516483516483,0.32967032967032966,4.450549450549451,2.4725274725274726,5.824175824175825,2.2527472527472527,2.032967032967033,2.307692307692308,5.604395604395604,0.6593406593406593,0.6593406593406593,-6.923076923076923,15.934065934065933,87.19780219780219,40.604395604395606,41.53846153846154,8.804945054945053,9.07967032967033,1.0357142857142856,15.47032967032967,165.66373626373627,162.59780219780222,2400.0,40.0,161.81318681318683,418.9459706959707,166.7032967032967,164.1307692307692,78.7154523645018,222.0,20.0,46.846846846846844,1.2178619756427604,7.804232804232804,4.5484949832775925,0.05405405405405406,29.166666666666668,52.56410256410257,50.0,47.29962160302718,18.27347195967234,0.7931034482758621,136.5,78.13609887768149,48.71492756693888,0.0,0.0,3.5921052631578947
154780,1424,69990,"LEDESMA, A.","LEDESMA, ALAN TADEO",1,1.6333333333333333,2.0,0.0,1.0,1.0,0.0,0.0,0.0,0.0,0.0,0.0,0.0,2.0,1.0,1.0,0.0,0.0,0.0,0.0,-4.0,2.0,4.0,2.0,0.0,0.0,0.0,1.4000000000000001,1.4000000000000001,0.0,1.0,239.92000000000002,242.68,98.0,1.6333333333333333,263.0,625.0333333333333,246.0,241.3,3.241896508624282,00:00,False,REGATAS (C),OBRAS vs REGATAS (C) (007/05/2025 20:05),OBRAS,REGATAS (C),OBRAS,07/05/2025,48.9795918367347,0.0,24.48979591836735,24.48979591836735,0.0,0.0,0.0,0.0,0.0,0.0,0.0,48.9795918367347,24.48979591836735,24.48979591836735,0.0,0.0,0.0,0.0,-97.9591836734694,48.9795918367347,97.9591836734694,48.9795918367347,0.0,34.28571428571429,34.28571428571429,0.0,24.48979591836735,5875.591836734694,5943.183673469388,2400.0,40.0,6440.816326530612,15306.938775510203,6024.489795918367,5909.387755102041,79.3933838846763,2.0,0.0,50.0,50.0,,50.0,0.0,,50.0,,50.0,50.0,,2.0999999999999996,200.0,1.369726363380902,0.0,0.0,2.0999999999999996
316352,1426,69281,"LEDESMA, R.","LEDESMA, RAMIRO",32,15.632291666666667,191.0,83.0,21.0,104.0,20.0,14.0,14.0,12.0,1.0,68.0,23.0,184.0,57.0,38.0,21.0,52.0,14.0,7.0,-101.0,191.0,987.0,455.0,450.0,0.0,0.0,158.78333333333333,158.78333333333333,15.95,170.24,2401.8,2424.76,30014.0,500.23333333333335,2498.0,6624.933333333333,2650.0,2413.2799999999997,909.5991321151913,00:00,False,SAN MARTIN (C),FERRO vs SAN MARTIN (C) (001/12/2024 20:00),FERRO,SAN MARTIN (C),FERRO,01/12/2024,15.2728726594256,6.636902778703272,1.6792163656960084,8.31611914439928,1.599253681615246,1.1194775771306722,1.1194775771306722,0.9595522089691477,0.07996268408076232,5.437462517491837,1.839141733857533,14.713133870860265,4.557872992603452,3.038581995068968,1.6792163656960084,4.15805957219964,1.1194775771306722,0.5597387885653361,-8.076231092156993,15.2728726594256,78.9231691877124,36.38302125674685,35.98320783634304,12.696741520623709,12.696741520623709,1.2754048110881588,13.612847337908976,192.05437462517494,193.89031785166924,2400.0,40.0,199.74678483374424,529.7474511894449,211.9011128140201,192.97234623842203,72.73398804146262,168.0,7.329842931937172,52.67857142857143,4.615384615384616,18.444444444444443,11.491712707182321,0.08333333333333333,28.767123287671232,60.0,66.66666666666666,53.88174227036786,19.3515704154002,1.4285714285714286,172.59999999999997,112.19454887218046,41.38951254772367,0.0,0.0,5.393749999999999
209521,1498,70040,"LEMA, L.","LEMA, LEONARDO",34,27.41176470588235,430.0,171.0,53.0,224.0,30.0,31.0,46.0,6.0,4.0,75.0,125.0,527.0,98.0,102.0,46.0,49.0,96.0,43.0,-20.0,405.0,1884.0,861.0,867.0,0.0,0.0,173.41666666666663,179.91666666666663,45.78333333333333,349.16,2465.52,2477.84,55920.0,932.0,2678.0,6849.95,2699.0,2471.68,1676.6715238793483,27:36,True,ATENAS (C),ATENAS (C) vs ARGENTINO (J) (001/12/2024 20:30),ATENAS (C),ARGENTINO (J),ARGENTINO (J),01/12/2024,18.454935622317596,7.339055793991416,2.2746781115879826,9.6137339055794,1.2875536480686693,1.3304721030042919,1.9742489270386265,0.2575107296137339,0.17167381974248927,3.218884120171674,5.364806866952789,22.618025751072963,4.206008583690987,4.377682403433477,1.9742489270386265,2.1030042918454934,4.120171673819742,1.8454935622317596,-0.8583690987124464,17.38197424892704,80.85836909871246,36.952789699570815,37.21030042918455,7.4427753934191685,7.721745350500714,1.9649499284692418,14.985407725321888,105.81630901287554,106.3450643776824,2400.0,40.0,114.93562231759657,293.98927038626607,115.83690987124463,106.08068669527896,71.960151239457,295.0,11.358024691358025,56.610169491525426,6.155632984901278,19.72318339100346,12.962962962962962,0.3254237288135593,48.421052631578945,49.0,69.06474820143885,60.36612758310871,21.496815286624205,0.6521739130434783,392.9,123.1527093596059,74.07456054643643,0.0,0.0,11.555882352941175
271508,46,69144,"LEZCANO, E.","LEZCANO, EMILIANO",37,25.10675675675676,467.0,92.0,17.0,109.0,81.0,53.0,59.0,11.0,23.0,95.0,140.0,475.0,125.0,91.0,46.0,85.0,79.0,33.0,-29.0,455.0,1946.0,884.0,847.0,0.0,0.0,285.06666666666666,295.06666666666666,67.46666666666667,438.28000000000003,2947.88,2931.12,55737.0,928.95,3108.0,7650.066666666667,3131.0,2939.5,1788.8270959960569,26:18,False,FERRO,FERRO vs BOCA (003/12/2024 21:05),FERRO,BOCA,BOCA,03/12/2024,20.10872490446203,3.9614618655471228,0.7320092577641423,4.693471123311265,3.4878088164056193,2.282146509499973,2.540502718122611,0.47365304914150386,0.9903654663867807,4.090639969858442,6.02831153452823,20.45319984929221,5.382421012971634,3.9184024974433496,1.9807309327735614,3.6600462888207113,3.4016900801980734,1.4209591474245116,-1.2487216750094192,19.59201248721675,83.7935303299424,38.0644814037354,36.4712847838958,12.274790534115578,12.705384215153309,2.905072034734557,18.872059852521666,126.93385004575057,126.21217503633133,2400.0,40.0,133.82851606652673,329.4070366184043,134.81888153291348,126.57301254104095,77.02576440049762,347.0,12.967032967032969,55.90778097982709,1.9230769230769231,10.861865407319952,6.296938186019642,0.2276657060518732,35.11450381679389,57.870370370370374,70.53571428571429,58.922983748864446,23.381294964028775,1.3728813559322033,409.59999999999997,106.55288856438804,64.8198516648721,0.0,0.0,11.070270270270269
323779,1424,69990,"LEZCANO, E.","LEZCANO, EXEQUIEL",0,,0.0,0.0,0.0,0.0,0.0,0.0,0.0,0.0,0.0,0.0,0.0,0.0,0.0,0.0,0.0,0.0,0.0,0.0,0.0,0.0,0.0,0.0,0.0,0.0,0.0,0.0,0.0,0.0,0.0,236.0,238.56,0.0,0.0,242.0,624.9666666666667,271.0,237.28,0.0,00:00,False,REGATAS (C),GIMNASIA (CR) vs REGATAS (C) (003/05/2025 20:30),GIMNASIA (CR),REGATAS (C),GIMNASIA (CR),03/05/2025,0.0,0.0,0.0,0.0,0.0,0.0,0.0,0.0,0.0,0.0,0.0,0.0,0.0,0.0,0.0,0.0,0.0,0.0,0.0,0.0,0.0,0.0,0.0,0.0,0.0,0.0,0.0,9440.0,9542.4,0.0,0.0,9680.0,24998.666666666668,10840.0,9491.2,0.0,0.0,,,,,,,,,,,,,0.0,,,0.0,0.0,
328814,2314,69185,"LISANDRO, F.","LISANDRO ANDRES, FERNANDEZ",21,18.127777777777776,151.0,66.0,11.0,77.0,22.0,15.0,25.0,0.0,6.0,26.0,32.0,164.0,46.0,32.0,14.0,34.0,17.0,10.0,-119.0,163.0,774.0,336.0,325.0,0.0,0.0,80.14999999999999,85.15,15.433333333333332,151.88,1739.44,1764.72,22841.0,380.68333333333334,1751.0,4623.8,1991.0,1752.08,718.7463971724954,33:11,True,ZARATE BASKET,PLATENSE vs ZARATE BASKET (011/05/2025 20:00),PLATENSE,ZARATE BASKET,PLATENSE,11/05/2025,15.86620550763977,6.934897771551158,1.1558162952585262,8.090714066809685,2.3116325905170525,1.5761131298979905,2.6268552164966508,0.0,0.6304452519591962,2.7319294251565167,3.3623746771157133,17.232170220218027,4.833413598353838,3.3623746771157133,1.4710389212381245,3.572523094435445,1.7862615472177226,1.0507420865986603,-12.503830830524056,17.127096011558162,81.32743750273632,35.304934109714985,34.14911781445646,8.42169782408826,8.947068867387593,1.6216452869839324,15.95867081126045,182.77028151131736,185.4265575062388,2400.0,40.0,183.98493936342544,485.8421260014886,209.20274944179326,184.09841950877805,75.52170891002973,126.0,15.337423312883436,53.17460317460318,3.273809523809524,20.307692307692307,11.649016641452345,0.1349206349206349,29.166666666666668,58.97435897435898,62.96296296296296,54.7577603713374,21.059431524547804,0.88,131.70000000000002,99.42059520674216,46.61886332647279,0.0,0.0,6.271428571428572
271065,1882,69822,"LOCKETT, P.","LOCKETT, PHILLIP DOMINIQUE DANIEL",37,20.026576576576577,231.0,130.0,80.0,210.0,31.0,21.0,29.0,29.0,8.0,93.0,87.0,347.0,87.0,89.0,2.0,9.0,51.0,34.0,-64.0,254.0,1546.0,751.0,697.0,0.0,0.0,202.2,202.2,27.516666666666666,173.52,2803.8,2833.64,44459.0,740.9833333333333,2974.0,7399.9,3094.0,2818.7200000000003,1406.7163582709693,08:07,False,OLIMPICO (LB),OLIMPICO (LB) vs LA UNION FSA. (017/11/2024 22:00),OLIMPICO (LB),LA UNION FSA.,LA UNION FSA.,17/11/2024,12.46991610247644,7.017701702692368,4.318585663195304,11.33628736588767,1.6734519444881801,1.1336287365887672,1.5654873029082974,1.5654873029082974,0.43185856631953035,5.02035583346454,4.696461908724893,18.731865314109626,4.696461908724893,4.804426550304775,0.10796464157988259,0.48584088710947165,2.7530983602870056,1.8353989068580039,-3.4548685305562428,13.711509480645088,83.45666794124924,40.54072291324591,37.62567759058908,10.915225263726128,10.915225263726128,1.4854135270698845,9.367012303470613,151.3556310308374,152.96646348320922,2400.0,40.0,160.5434220292854,399.4637756134865,167.02130052407836,152.16104725702334,75.93781371264144,187.0,11.41732283464567,48.1283422459893,10.652463382157123,18.65136298421808,14.502762430939226,0.2727272727272727,18.181818181818183,49.43181818181818,60.0,51.470588235294116,16.429495472186286,1.0689655172413792,253.10000000000002,133.1258644536653,54.781654086660694,0.0,0.0,6.840540540540541
77124,76,69063,"LOPEZ, J.","LOPEZ LORENZ, JOAQUIN BAUTISTA",16,6.609375,26.0,10.0,6.0,16.0,2.0,1.0,2.0,3.0,2.0,24.0,13.0,18.0,8.0,8.0,1.0,0.0,7.0,7.0,27.0,26.0,194.0,86.0,101.0,0.0,0.0,36.199999999999996,36.199999999999996,2.9499999999999997,19.16,2065.88,2084.92,6345.0,105.75,2281.0,5650.066666666667,2206.0,2075.4,189.47111417290822,00:00,False,OBRAS,GIMNASIA (CR) vs OBRAS (011/10/2024 21:00),GIMNASIA (CR),OBRAS,GIMNASIA (CR),11/10/2024,9.83451536643026,3.7825059101654848,2.2695035460992905,6.052009456264775,0.7565011820330969,0.37825059101654845,0.7565011820330969,1.1347517730496453,0.7565011820330969,9.078014184397162,4.91725768321513,6.808510638297872,3.0260047281323876,3.0260047281323876,0.37825059101654845,0.0,2.647754137115839,2.647754137115839,10.212765957446807,9.83451536643026,73.3806146572104,32.529550827423165,38.2033096926714,13.692671394799053,13.692671394799053,1.1158392434988178,7.247281323877068,781.4203309692673,788.6222222222223,2400.0,40.0,862.7895981087471,2137.1410559495666,834.4208037825059,785.0212765957447,71.66756091646646,17.0,7.6923076923076925,55.88235294117647,6.976744186046512,9.900990099009901,8.55614973262032,0.4117647058823529,100.0,50.0,50.0,56.13126079447323,13.402061855670103,1.0,18.199999999999996,135.69937369519835,9.704072453496817,0.0,0.0,1.1374999999999997
327314,1869,69992,"LOUIS, A.","LOUIS, ARNOLD MICHAEL",37,21.36216216216216,418.0,165.0,66.0,231.0,32.0,39.0,35.0,9.0,12.0,77.0,95.0,498.0,140.0,100.0,23.0,55.0,69.0,47.0,299.0,404.0,1708.0,772.0,772.0,0.0,0.0,156.7,161.7,25.049999999999997,338.04,2848.96,2826.08,47424.0,790.4,3255.0,7450.033333333333,2895.0,2837.52,1509.3506236461044,11:09,False,QUIMSA,INSTITUTO vs QUIMSA (002/12/2024 22:10),INSTITUTO,QUIMSA,INSTITUTO,02/12/2024,21.153846153846153,8.350202429149798,3.340080971659919,11.690283400809719,1.6194331983805668,1.973684210526316,1.771255060728745,0.45546558704453444,0.6072874493927126,3.896761133603239,4.8076923076923075,25.20242914979757,7.08502024291498,5.060728744939271,1.1639676113360324,2.783400809716599,3.491902834008097,2.3785425101214575,15.131578947368423,20.445344129554655,86.43724696356276,39.068825910931174,39.068825910931174,7.930161943319838,8.183198380566802,1.2677125506072873,17.107287449392715,144.17813765182186,143.02024291497975,2400.0,40.0,164.72672064777328,377.0259784075574,146.5080971659919,143.59919028340082,76.38414087277856,318.0,8.663366336633663,54.874213836477985,8.549222797927461,21.373056994818654,14.961139896373057,0.2169811320754717,29.48717948717949,58.333333333333336,59.48275862068966,56.633427270756556,23.653395784543328,0.9142857142857143,401.4,123.65400544314282,54.271009912915105,0.0,0.0,10.848648648648648
328546,1424,69990,"LOWERY, D.","LOWERY, DISHON LURELL",5,17.21333333333333,35.0,19.0,8.0,27.0,4.0,1.0,5.0,0.0,0.0,14.0,9.0,43.0,14.0,8.0,0.0,0.0,7.0,6.0,-24.0,32.0,167.0,76.0,80.0,0.0,0.0,17.583333333333332,17.583333333333332,0.18333333333333332,24.72,356.76,361.44,5164.0,86.06666666666666,397.0,999.9666666666667,397.0,359.1,154.48281645657397,15:32,False,REGATAS (C),REGATAS (C) vs GIMNASIA (CR) (002/12/2024 21:30),REGATAS (C),GIMNASIA (CR),GIMNASIA (CR),02/12/2024,16.26646010844307,8.830364058869094,3.7180480247869867,12.548412083656082,1.8590240123934934,0.46475600309837334,2.323780015491867,0.0,0.0,6.506584043377227,4.18280402788536,19.984508133230054,6.506584043377227,3.7180480247869867,0.0,0.0,3.2532920216886136,2.78853601859024,-11.15414407436096,14.872192099147947,77.61425251742835,35.321456235476376,37.18048024786987,8.171959721146397,8.171959721146397,0.08520526723470179,11.488768396591789,165.8063516653757,167.98140975987607,2400.0,40.0,184.50813323005423,464.7405112316034,184.50813323005423,166.89388071262587,71.79681632373693,22.0,15.625,63.63636363636363,10.526315789473683,23.75,17.307692307692307,0.3181818181818182,,63.63636363636363,53.84615384615385,63.131313131313135,19.16167664670659,0.8,30.5,141.58576051779937,47.56180375393621,0.0,0.0,6.1
324354,1903,69941,"LUCHI, M.","LUCHI, MARCO ALESANDRO",37,18.84144144144144,119.0,104.0,32.0,136.0,46.0,15.0,27.0,3.0,4.0,80.0,34.0,192.0,54.0,36.0,1.0,0.0,8.0,14.0,-20.0,128.0,1390.0,644.0,693.0,0.0,0.0,228.16666666666666,228.16666666666666,17.616666666666667,97.68,2737.4,2739.88,41828.0,697.1333333333333,3032.0,7399.983333333334,2894.0,2738.64,1292.2312585717127,20:31,False,RIACHUELO (LR),UNION (SF) vs RIACHUELO (LR) (003/12/2024 21:00),UNION (SF),RIACHUELO (LR),UNION (SF),03/12/2024,6.827962130630199,5.967294635172612,1.8360906569761881,7.8033852921488,2.6393803194032706,0.8606674954575882,1.5492014918236587,0.17213349909151765,0.22951133212202351,4.59022664244047,1.9508463230372,11.01654394185713,3.0984029836473175,2.065601989098212,0.05737783303050588,0.0,0.45902266424404703,0.8032896624270823,-1.1475566606101175,7.3443626279047525,79.75518791240317,36.95132447164579,39.76283829014057,13.09170890312709,13.09170890312709,1.0108061585540786,5.604666730419815,157.0660801377068,157.20837716362246,2400.0,40.0,173.96958974849383,424.5950081285264,166.051448790284,157.1372286506646,74.1454293911282,91.0,21.09375,60.989010989010985,4.968944099378882,15.007215007215008,10.172026925953627,0.08791208791208792,100.0,60.0,36.36363636363637,59.098132697655934,9.20863309352518,1.7037037037037037,130.0,121.82637182637181,49.8619161332908,0.0,0.0,3.5135135135135136
220857,1790,69616,"LUGARINI, B.","LUGARINI, BAUTISTA",37,23.503603603603604,352.0,148.0,32.0,180.0,63.0,45.0,48.0,14.0,8.0,71.0,88.0,475.0,97.0,40.0,31.0,85.0,65.0,15.0,206.0,337.0,1817.0,798.0,806.0,0.0,0.0,160.14999999999998,165.14999999999998,44.5,304.2,2776.36,2782.68,52178.0,869.6333333333333,3053.0,7424.766666666666,2790.0,2779.52,1620.386288371419,15:14,True,INSTITUTO,INSTITUTO vs QUIMSA (002/12/2024 22:10),INSTITUTO,QUIMSA,QUIMSA,02/12/2024,16.190731726014796,6.807466748438039,1.4718847023649815,8.27935145080302,2.897773007781057,2.069837862700755,2.207827053547472,0.6439495572846794,0.36797117559124537,3.265744183372303,4.047682931503699,21.848288550730196,4.46165050404385,1.8398558779562268,1.4258883054160756,3.909693740656982,2.9897658016788684,0.6899459542335851,9.475257771474567,15.500785771781212,83.5754532561616,36.70512476522673,37.07309594081797,7.366322971367242,7.59630495611177,2.0468396642263023,13.992103951857104,127.70255663306375,127.99325386178083,2400.0,40.0,140.42699988500902,341.51251485300315,128.32994748744682,127.84790524742229,74.53193093049572,253.0,14.243323442136498,56.719367588932805,4.010025062656641,18.36228287841191,11.221945137157107,0.25691699604743085,26.72413793103448,70.8029197080292,81.25,61.06870229007634,18.547055586130984,1.3125,359.40000000000003,115.71334648257725,58.51722427294029,0.0,0.0,9.713513513513515
211609,88,69164,"LUGO, S.","LUGO, SEBASTIAN EZEQUIEL",32,28.8109375,326.0,133.0,17.0,150.0,57.0,34.0,42.0,14.0,3.0,59.0,65.0,362.0,66.0,54.0,51.0,110.0,41.0,16.0,-81.0,347.0,1847.0,820.0,894.0,0.0,0.0,217.38333333333333,222.38333333333333,44.900000000000006,331.08,2397.52,2395.16,55317.0,921.95,2449.0,6424.9,2541.0,2396.34,1731.1439023308594,34:51,True,SAN LORENZO,OBRAS vs SAN LORENZO (027/11/2024 19:00),OBRAS,SAN LORENZO,OBRAS,27/11/2024,14.14393405282282,5.770378003145506,0.7375671131840121,6.507945116329519,2.473019144205217,1.4751342263680243,1.822224632572265,0.6074082108574217,0.13015890232659036,2.5597917457562773,2.820109550409458,15.705840880741906,2.8634958511849886,2.342860241878627,2.2127013395520363,4.772493085308314,1.7788383317967351,0.694180812408482,-3.51429036281794,15.055046369108954,80.13449753240414,35.5767666359347,38.78735289332393,9.431458683587323,9.648390187464974,1.9480449048213027,14.364336460762512,104.01952383534898,103.91713216551872,2400.0,40.0,106.25305059927328,278.7526438527035,110.24459027062206,103.96832800043386,75.10793003225162,281.0,12.103746397694524,50.711743772241995,2.073170731707317,14.876957494407158,8.751458576429405,0.14590747330960854,31.67701863354037,55.00000000000001,71.9298245614035,53.254051228437014,18.787222523010286,1.3571428571428572,305.19999999999993,98.46562764286578,76.60216892618274,0.0,0.0,9.537499999999998
363663,88,69164,"MACHUCA, L.","MACHUCA, LUCAS",9,22.729629629629628,72.0,19.0,4.0,23.0,21.0,8.0,18.0,0.0,1.0,25.0,29.0,65.0,17.0,18.0,7.0,22.0,17.0,4.0,1.0,91.0,443.0,202.0,204.0,0.0,0.0,45.93333333333333,45.93333333333333,2.1333333333333333,87.24000000000001,703.24,677.44,12274.0,204.56666666666666,734.0,1799.8333333333335,707.0,690.34,389.4981589733903,20:33,False,SAN LORENZO,SAN LORENZO vs OBRAS (016/05/2025 20:00),SAN LORENZO,OBRAS,OBRAS,16/05/2025,14.078540003258922,3.715170278637771,0.7821411112921623,4.4973113899299335,4.106240834283852,1.5642822225843247,3.5196350008147306,0.0,0.1955352778230406,4.888381945576015,5.670523056868176,12.709793058497638,3.3240997229916895,3.5196350008147306,1.3687469447612841,4.301776112106893,3.3240997229916895,0.7821411112921623,0.1955352778230406,17.793710281896693,86.62212807560698,39.4981261202542,39.88919667590028,8.981587094671664,8.981587094671664,0.41714192602248656,17.058497637282063,137.50822877627508,132.46341860844063,2400.0,40.0,143.5228939221118,351.93091086850256,138.24344142088967,134.98582369235783,76.1606307264247,64.0,19.78021978021978,42.96875,1.9801980198019802,9.313725490196079,5.665024630541872,0.265625,24.137931034482758,48.57142857142857,80.95238095238095,49.15346805024577,20.54176072234763,1.1666666666666667,54.39999999999999,82.53094910591471,57.80300564022984,0.0,0.0,6.044444444444443
220617,76,69063,"MADRIGAL, J.","MADRIGAL RENTERIA, JUAN ESTEBAN",0,,0.0,0.0,0.0,0.0,0.0,0.0,0.0,0.0,0.0,0.0,0.0,0.0,0.0,0.0,0.0,0.0,0.0,0.0,0.0,0.0,0.0,0.0,0.0,0.0,0.0,0.0,0.0,0.0,0.0,225.04,222.8,0.0,0.0,231.0,599.9666666666667,236.0,223.92000000000002,0.0,00:00,False,OBRAS,BOCA vs OBRAS (009/11/2024 11:30),BOCA,OBRAS,BOCA,09/11/2024,0.0,0.0,0.0,0.0,0.0,0.0,0.0,0.0,0.0,0.0,0.0,0.0,0.0,0.0,0.0,0.0,0.0,0.0,0.0,0.0,0.0,0.0,0.0,0.0,0.0,0.0,0.0,9001.6,8912.0,0.0,0.0,9240.0,23998.666666666668,9440.0,8956.800000000001,0.0,0.0,,,,,,,,,,,,,0.0,,,0.0,0.0,
326172,2314,69185,"MAGGI, A.","MAGGI, ALEJO",19,11.354385964912282,67.0,39.0,15.0,54.0,7.0,1.0,5.0,5.0,2.0,31.0,14.0,62.0,11.0,10.0,11.0,31.0,12.0,7.0,-56.0,77.0,444.0,227.0,228.0,0.0,0.0,43.25,43.25,5.066666666666666,61.36,1454.08,1433.24,12944.0,215.73333333333335,1414.0,3787.0833333333335,1604.0,1443.66,410.08698918421294,12:39,False,ZARATE BASKET,BOCA vs ZARATE BASKET (012/10/2024 11:30),BOCA,ZARATE BASKET,BOCA,12/10/2024,12.422744128553768,7.231149567367119,2.7812113720642766,10.012360939431396,1.2978986402966624,0.18541409147095178,0.9270704573547589,0.9270704573547589,0.37082818294190356,5.747836835599505,2.5957972805933247,11.49567367119901,2.0395550061804695,1.8541409147095178,2.0395550061804695,5.747836835599505,2.2249690976514214,1.2978986402966624,-10.383189122373299,14.276885043263288,82.32385661310259,42.08899876390605,42.27441285537701,8.019159456118665,8.019159456118665,0.9394313967861556,11.3770086526576,269.60692212608154,265.7428924598269,2399.9999999999995,40.0,262.1755253399258,702.1786155747837,297.4042027194066,267.67490729295423,76.03590652364888,63.0,6.493506493506493,43.65079365079365,6.607929515418502,17.105263157894736,11.868131868131867,0.19047619047619047,26.190476190476193,52.38095238095239,63.1578947368421,46.94506726457399,17.34234234234234,1.4,59.500000000000014,109.1916558018253,31.562626297210258,0.0,0.0,3.1315789473684217
171753,1498,70040,"MAIDANA, J.","MAIDANA, JERONIMO",7,5.928571428571429,14.0,10.0,1.0,11.0,1.0,1.0,0.0,0.0,0.0,6.0,2.0,19.0,7.0,3.0,0.0,1.0,0.0,0.0,8.0,11.0,79.0,36.0,47.0,0.0,0.0,25.383333333333326,25.383333333333326,1.3833333333333333,10.0,1409.48,1403.68,2490.0,41.5,1547.0,3849.9333333333334,1574.0,1406.58,76.97310492688058,00:00,False,ATENAS (C),ATENAS (C) vs ARGENTINO (J) (001/12/2024 20:30),ATENAS (C),ARGENTINO (J),ARGENTINO (J),01/12/2024,13.493975903614457,9.638554216867469,0.963855421686747,10.602409638554217,0.963855421686747,0.963855421686747,0.0,0.0,0.0,5.783132530120482,1.927710843373494,18.313253012048193,6.746987951807228,2.891566265060241,0.0,0.963855421686747,0.0,0.0,7.710843373493976,10.602409638554217,76.144578313253,34.69879518072289,45.30120481927711,24.465863453815256,24.465863453815256,1.3333333333333333,9.638554216867469,1358.534939759036,1352.944578313253,2400.0,40.0,1491.0843373493976,3710.779116465864,1517.1084337349398,1355.7397590361443,74.1909445078367,11.0,0.0,63.63636363636363,2.7777777777777777,21.27659574468085,13.253012048192772,0.0,0.0,70.0,,63.63636363636363,13.924050632911392,,13.699999999999998,140.0,6.123739441225622,0.0,0.0,1.9571428571428569
328085,1882,69822,"MAINOLDI, L.","MAINOLDI , LEONARDO ANDRES",7,22.12142857142857,42.0,21.0,2.0,23.0,9.0,2.0,3.0,2.0,0.0,7.0,10.0,46.0,6.0,12.0,6.0,19.0,12.0,1.0,43.0,51.0,320.0,155.0,171.0,0.0,0.0,49.81666666666666,49.81666666666666,2.65,49.72,511.64,535.88,9291.0,154.85,565.0,1400.0,514.0,523.76,289.62909525084945,18:06,False,OLIMPICO (LB),OLIMPICO (LB) vs QUIMSA (012/11/2024 22:10),OLIMPICO (LB),QUIMSA,QUIMSA,12/11/2024,10.849208911850178,5.424604455925089,0.5166289958023894,5.941233451727479,2.3248304811107525,0.5166289958023894,0.7749434937035842,0.5166289958023894,0.0,1.808201485308363,2.583144979011947,11.882466903454958,1.5498869874071683,3.0997739748143367,1.5498869874071683,4.9079754601226995,3.0997739748143367,0.2583144979011947,11.107523409751373,13.17403939296093,82.6606393283823,40.038747174685184,44.171779141104295,12.868367237111183,12.868367237111183,0.6845334194381659,12.8433968356474,132.16402970616724,138.4255731352922,2400.0,40.0,145.94769131417502,361.64029706167264,132.77365192121408,135.29480142072973,74.81539431730047,43.0,5.88235294117647,34.883720930232556,1.2903225806451613,12.280701754385964,7.05521472392638,0.27906976744186046,24.0,33.33333333333333,92.3076923076923,43.10344827586207,15.937499999999998,3.0,40.300000000000004,84.47304907481899,54.29667905137811,0.0,0.0,5.757142857142858
328798,76,69063,"MAINOLDI, L.","MAINOLDI, LEONARDO ANDRES",26,16.977564102564102,176.0,69.0,8.0,77.0,22.0,4.0,9.0,6.0,0.0,49.0,29.0,159.0,9.0,20.0,45.0,73.0,23.0,4.0,22.0,167.0,875.0,398.0,407.0,0.0,0.0,145.61666666666667,145.9,16.599999999999998,159.88,1929.2,1952.12,26485.0,441.4166666666667,2136.0,5250.133333333333,2062.0,1940.66,815.859937242415,15:30,False,OBRAS,OBRAS vs INSTITUTO (020/05/2025 20:00),OBRAS,INSTITUTO,INSTITUTO,20/05/2025,15.9486501793468,6.2525958089484615,0.7249386445157636,6.977534453464225,1.99358127241835,0.3624693222578818,0.8155559750802341,0.5437039833868227,0.0,4.4402491976590515,2.6279025863696432,14.408155559750801,0.8155559750802341,1.812346611289409,4.07777987540117,6.615065131206342,2.0841986029828203,0.3624693222578818,1.99358127241835,15.133094204266566,79.29016424391165,36.06569756465924,36.881253539739475,13.195393619029641,13.22106852935624,1.5042476873702093,14.487898810647534,174.8189541249764,176.89590334151404,2400.0,40.0,193.5586180857089,475.7530677742118,186.85293562393807,175.85742873324523,73.93104962740404,147.0,5.389221556886228,52.04081632653061,2.0100502512562812,16.953316953316953,9.565217391304348,0.1564625850340136,38.13559322033898,31.03448275862069,85.18518518518519,55.3877139979859,19.085714285714285,2.4444444444444446,151.60000000000002,110.08256192144108,44.670468198009814,0.0,0.0,5.830769230769231
328643,46,69144,"MALACHIAS, V.","MALACHIAS, VINICIUS GABRIEL",24,17.376388888888886,223.0,51.0,24.0,75.0,9.0,8.0,15.0,7.0,5.0,73.0,35.0,172.0,92.0,60.0,4.0,12.0,27.0,20.0,58.0,201.0,880.0,408.0,397.0,0.0,0.0,106.78333333333333,111.38333333333333,22.05,179.68,2019.28,2005.1200000000001,25022.0,417.0333333333333,2175.0,5225.066666666667,2129.0,2012.2,801.7714752587,17:59,False,FERRO,SAN LORENZO vs FERRO (020/05/2025 20:00),SAN LORENZO,FERRO,SAN LORENZO,20/05/2025,21.389177523779075,4.891695308128847,2.3019742626488693,7.1936695707777165,0.863240348493326,0.7673247542162898,1.4387339141555433,0.6714091599392535,0.4795779713851811,7.001838382223644,3.3570457996962677,16.49748221565023,8.824234673487332,5.754935656622173,0.3836623771081449,1.1509871313244346,2.589721045479978,1.9183118855407244,5.563104468068101,19.279034449684282,84.40572296379187,39.13356246503078,38.07849092798338,10.242186875549518,10.683398609223882,2.1149388538086487,17.234113979697867,193.6804412117337,192.3222763967709,2400.0000000000005,40.0,208.61641755255377,501.165374470466,204.2043002158101,193.00135880425228,76.90238752381424,168.0,7.462686567164178,58.333333333333336,5.88235294117647,12.846347607052897,9.316770186335404,0.16071428571428573,25.0,60.526315789473685,57.446808510638306,59.094763620945514,22.840909090909093,0.6,171.7,124.10952804986644,42.158907682530085,0.0,0.0,7.154166666666666
77891,1424,69990,"MARCO, B.","MARCO, BENJAMIN",4,1.8208333333333333,6.0,1.0,0.0,1.0,0.0,0.0,0.0,0.0,0.0,0.0,1.0,4.0,1.0,2.0,1.0,1.0,1.0,1.0,8.0,6.0,16.0,6.0,7.0,0.0,0.0,6.3500000000000005,6.3500000000000005,0.18333333333333332,5.88,869.96,875.76,437.0,7.283333333333333,975.0,2400.05,962.0,872.86,13.461378915165827,00:00,False,REGATAS (C),REGATAS (C) vs GIMNASIA (CR) (002/12/2024 21:30),REGATAS (C),GIMNASIA (CR),GIMNASIA (CR),02/12/2024,32.951945080091534,5.491990846681922,0.0,5.491990846681922,0.0,0.0,0.0,0.0,0.0,0.0,5.491990846681922,21.96796338672769,5.491990846681922,10.983981693363845,5.491990846681922,5.491990846681922,5.491990846681922,5.491990846681922,43.93592677345538,32.951945080091534,87.87185354691076,32.951945080091534,38.443935926773456,34.87414187643021,34.87414187643021,1.0068649885583523,32.2929061784897,4777.812356979405,4809.66590389016,2400.0,40.0,5354.691075514875,13181.052631578948,5283.295194508009,4793.739130434783,73.92976978580775,5.0,0.0,50.0,0.0,14.285714285714285,7.6923076923076925,0.2,50.0,33.33333333333333,50.0,51.02040816326531,37.5,,4.3999999999999995,102.04081632653062,1.6997311417665748,0.0,0.0,1.0999999999999999
321117,1498,70040,"MARCONETTI, S.","MARCONETTI, SANTIAGO JAVIER",0,,0.0,0.0,0.0,0.0,0.0,0.0,0.0,0.0,0.0,0.0,0.0,0.0,0.0,0.0,0.0,0.0,0.0,0.0,0.0,0.0,0.0,0.0,0.0,0.0,0.0,0.0,0.0,0.0,0.0,367.04,365.52,0.0,0.0,377.0,999.9833333333333,410.0,366.28,0.0,00:00,False,ATENAS (C),PEÑAROL (MDP) vs ATENAS (C) (009/02/2025 20:30),PEÑAROL (MDP),ATENAS (C),PEÑAROL (MDP),09/02/2025,0.0,0.0,0.0,0.0,0.0,0.0,0.0,0.0,0.0,0.0,0.0,0.0,0.0,0.0,0.0,0.0,0.0,0.0,0.0,0.0,0.0,0.0,0.0,0.0,0.0,0.0,0.0,14681.6,14620.8,0.0,0.0,15080.0,39999.333333333336,16400.0,14651.199999999999,0.0,0.0,,,,,,,,,,,,,0.0,,,0.0,0.0,
171833,2025,69418,"MARCUCCI, N.","MARCUCCI, NICOLAS JAVIER",35,21.347142857142856,388.0,61.0,27.0,88.0,38.0,22.0,43.0,8.0,14.0,92.0,59.0,283.0,91.0,47.0,56.0,112.0,38.0,12.0,-21.0,369.0,1608.0,712.0,751.0,0.0,0.0,199.65,199.65,36.5,344.0,2693.8,2708.08,44829.0,747.15,3002.0,6999.9,3062.0,2700.94,1441.3824461260676,24:06,False,INDEPENDIENTE (O),INDEPENDIENTE (O) vs QUIMSA (030/11/2024 20:30),INDEPENDIENTE (O),QUIMSA,QUIMSA,30/11/2024,20.772267951549217,3.2657431573311917,1.4454928729170848,4.711236030248277,2.0343973766981196,1.1778090075620693,2.302081242053135,0.4282941845680252,0.749514822994044,4.92538312253229,3.158669611189185,15.15090677909389,4.871846349461286,2.5162283343371477,2.998059291976176,5.996118583952352,2.0343973766981196,0.6424412768520378,-1.124272234491066,19.755069263200163,86.08713109817305,38.11818242655424,40.20611657632337,10.68861674362578,10.68861674362578,1.9540922170916146,18.41664993642508,144.2173592986683,144.9818644181222,2400.0,40.0,160.71739275915147,374.7520578197149,163.92959914341162,144.59961185839524,77.1669649267787,306.0,11.653116531165312,57.189542483660134,3.7921348314606744,8.122503328894808,6.015037593984962,0.12418300653594772,33.33333333333333,65.94202898550725,76.0,59.14634146341463,22.94776119402985,0.8837209302325582,303.0,112.79069767441861,60.50030675858199,0.0,0.0,8.657142857142857
211114,2376,69996,"MARIN, A.","MARIN, ANIBAL FEDERICO JUAN",25,15.168666666666669,133.0,65.0,11.0,76.0,15.0,5.0,20.0,2.0,4.0,52.0,28.0,105.0,34.0,27.0,17.0,46.0,14.0,5.0,21.0,153.0,762.0,360.0,353.0,0.0,0.0,92.04999999999998,92.04999999999998,8.249999999999998,141.36,2132.92,2132.12,22753.0,379.2166666666667,2386.0,5799.866666666667,2296.0,2132.52,696.7115075441241,23:46,True,PEÑAROL (MDP),PEÑAROL (MDP) vs SAN MARTIN (C) (027/11/2024 19:05),PEÑAROL (MDP),SAN MARTIN (C),SAN MARTIN (C),27/11/2024,14.028919263393838,6.856238737748868,1.1602865556190392,8.016525293367906,1.5822089394805081,0.527402979826836,2.109611919307344,0.2109611919307344,0.4219223838614688,5.484990990199094,2.9534566870302816,11.075462576363556,3.5863402628224845,2.8479760910649143,1.7931701314112423,4.852107414406891,1.4767283435151408,0.527402979826836,2.215092515272711,16.138531182701183,80.3762141256098,37.97301454753219,37.23465037577462,9.70948885861205,9.70948885861205,0.8702149167142792,14.910737045664309,224.981672746451,224.8972882696787,2399.9999999999995,40.0,251.6767019733661,611.7733925196677,242.18344833648308,224.93948050806483,73.48954503168363,124.0,13.071895424836603,47.983870967741936,3.0555555555555554,18.413597733711047,10.659186535764375,0.11290322580645161,26.984126984126984,55.73770491803278,73.68421052631578,50.24176488365064,20.078740157480315,0.75,97.10000000000001,94.08602150537634,35.17536859212655,0.0,0.0,3.8840000000000003
176072,1882,69822,"MARTINEZ, C.","MARTINEZ ACUÑA, CESAR TOMAS",6,1.2249999999999999,0.0,0.0,0.0,0.0,1.0,1.0,0.0,0.0,0.0,0.0,0.0,-1.0,0.0,0.0,0.0,3.0,0.0,0.0,-7.0,3.0,15.0,9.0,9.0,0.0,0.0,6.1000000000000005,6.1000000000000005,1.05,3.0,2197.08,2212.92,441.0,7.35,2315.0,5799.933333333333,2482.0,2205.0,14.301573812028165,00:00,False,OLIMPICO (LB),RIACHUELO (LR) vs OLIMPICO (LB) (009/11/2024 20:30),RIACHUELO (LR),OLIMPICO (LB),RIACHUELO (LR),09/11/2024,0.0,0.0,0.0,0.0,5.4421768707483,5.4421768707483,0.0,0.0,0.0,0.0,0.0,-5.4421768707483,0.0,0.0,0.0,16.3265306122449,0.0,0.0,-38.095238095238095,16.3265306122449,81.63265306122449,48.9795918367347,48.9795918367347,33.19727891156463,33.19727891156463,5.714285714285715,16.3265306122449,11956.897959183672,12043.102040816328,2400.0,40.0,12598.639455782313,31564.263038548757,13507.48299319728,12000.0,77.83169421511927,3.0,0.0,0.0,0.0,0.0,0.0,0.0,0.0,,,0.0,20.0,,0.8000000000000005,0.0,0.7300860065121568,0.0,0.0,0.13333333333333341
324409,46,69144,"MARTINEZ, J.","MARTINEZ, JANO DAVID",38,18.57894736842105,242.0,65.0,15.0,80.0,105.0,49.0,46.0,2.0,4.0,108.0,65.0,218.0,50.0,49.0,39.0,97.0,25.0,21.0,23.0,301.0,1491.0,667.0,652.0,0.0,0.0,186.61666666666665,186.61666666666665,22.083333333333332,286.24,2947.88,2931.12,42360.0,706.0,3108.0,7650.066666666667,3131.0,2939.5,1358.706294236169,13:18,False,FERRO,FERRO vs BOCA (003/12/2024 21:05),FERRO,BOCA,BOCA,03/12/2024,13.711048158640226,3.68271954674221,0.8498583569405099,4.53257790368272,5.949008498583569,2.776203966005666,2.6062322946175636,0.11331444759206799,0.22662889518413598,6.118980169971672,3.68271954674221,12.351274787535411,2.8328611898017,2.776203966005666,2.2096317280453257,5.495750708215298,1.41643059490085,1.189801699716714,1.3031161473087818,17.053824362606232,84.47592067988668,37.79036827195468,36.94050991501416,10.57318224740321,10.57318224740321,1.251180358829084,16.21756373937677,167.0186968838527,166.06912181303116,2400.0,40.0,176.09065155807366,433.4315391879131,177.39376770538243,166.54390934844196,76.98052658561865,235.0,15.282392026578073,46.170212765957444,2.2488755622188905,9.969325153374232,6.0652009097801365,0.10638297872340426,28.676470588235293,50.505050505050505,54.347826086956516,47.40636263908478,20.187793427230048,2.282608695652174,227.8,84.54443823365008,49.2340152078682,0.0,0.0,5.994736842105263
275414,2376,69996,"MARTINEZ, T.","MARTINEZ, TEO",1,0.65,0.0,0.0,0.0,0.0,0.0,0.0,0.0,0.0,0.0,0.0,0.0,0.0,0.0,0.0,0.0,0.0,0.0,0.0,0.0,0.0,1.0,1.0,0.0,0.0,0.0,0.41666666666666663,0.41666666666666663,0.41666666666666663,0.0,288.36,292.28,39.0,0.65,308.0,800.0166666666667,313.0,290.32,1.0374,00:39,False,PEÑAROL (MDP),PEÑAROL (MDP) vs INSTITUTO (009/04/2025 21:00),PEÑAROL (MDP),INSTITUTO,INSTITUTO,09/04/2025,0.0,0.0,0.0,0.0,0.0,0.0,0.0,0.0,0.0,0.0,0.0,0.0,0.0,0.0,0.0,0.0,0.0,0.0,0.0,0.0,40.0,40.0,0.0,16.666666666666664,16.666666666666664,16.666666666666664,0.0,11534.400000000001,11691.199999999999,1560.0,26.0,12320.0,32000.666666666664,12520.0,11612.8,41.496,0.0,,,0.0,,0.0,,,,,,0.0,,0.0,,0.38526225799703756,0.0,0.0,0.0
277071,1426,69281,"MASCARO, J.","MASCARO GANORA, JUAN IGNACIO",1,1.4,0.0,0.0,0.0,0.0,0.0,0.0,0.0,0.0,0.0,0.0,0.0,0.0,0.0,0.0,0.0,0.0,0.0,0.0,-5.0,0.0,3.0,2.0,1.0,0.0,0.0,1.3666666666666667,1.3666666666666667,0.0,0.0,1176.3600000000001,1145.16,84.0,1.4,1181.0,3225.0,1225.0,1160.76,2.3560036663611363,00:00,False,SAN MARTIN (C),INSTITUTO vs SAN MARTIN (C) (023/04/2025 21:30),INSTITUTO,SAN MARTIN (C),INSTITUTO,23/04/2025,0.0,0.0,0.0,0.0,0.0,0.0,0.0,0.0,0.0,0.0,0.0,0.0,0.0,0.0,0.0,0.0,0.0,0.0,-142.85714285714286,0.0,85.71428571428571,57.142857142857146,28.571428571428573,39.04761904761905,39.04761904761905,0.0,0.0,33610.28571428572,32718.857142857145,2400.0000000000005,40.0,33742.857142857145,92142.85714285716,35000.0,33164.57142857143,67.31439046746104,0.0,,,0.0,0.0,0.0,,,,,,0.0,,0.0,,0.21424250227267813,0.0,0.0,0.0
273293,80,70071,"MATA, H.","MATA VARELA, HENYERBERTH",1,1.3666666666666667,0.0,0.0,0.0,0.0,0.0,0.0,0.0,0.0,0.0,0.0,0.0,0.0,0.0,0.0,0.0,0.0,0.0,0.0,-1.0,0.0,3.0,0.0,1.0,0.0,0.0,1.25,1.25,0.25,0.0,1236.3600000000001,1219.52,82.0,1.3666666666666667,1347.0,3400.0333333333333,1321.0,1227.94,2.347933333333333,00:00,False,PLATENSE,OBERA vs PLATENSE (028/11/2024 21:30),OBERA,PLATENSE,OBERA,28/11/2024,0.0,0.0,0.0,0.0,0.0,0.0,0.0,0.0,0.0,0.0,0.0,0.0,0.0,0.0,0.0,0.0,0.0,0.0,-29.268292682926827,0.0,87.8048780487805,0.0,29.268292682926827,36.58536585365854,36.58536585365854,7.317073170731707,0.0,36186.14634146342,35693.26829268292,2400.0,40.0,39424.39024390244,99513.1707317073,38663.414634146335,35939.707317073175,68.72,0.0,,,,0.0,0.0,,,,,,0.0,,0.0,,0.20570966936297658,0.0,0.0,0.0
326520,76,69063,"MATA, M.","MATA, MARCOS DANIEL",34,29.636274509803922,383.0,135.0,32.0,167.0,56.0,24.0,41.0,15.0,5.0,63.0,57.0,425.0,56.0,47.0,77.0,112.0,40.0,9.0,106.0,355.0,2027.0,861.0,954.0,0.0,0.0,192.71666666666667,207.43333333333337,53.8,322.56,2526.96,2540.04,60458.0,1007.6333333333333,2788.0,6875.15,2673.0,2533.5,1856.5568237308719,30:09,True,OBRAS,OBRAS vs SAN LORENZO (027/11/2024 19:00),OBRAS,SAN LORENZO,SAN LORENZO,27/11/2024,15.203943233318999,5.359092262397036,1.2703033510867048,6.629395613483741,2.2230308644017334,0.9527275133150286,1.6275761685798407,0.5954546958218929,0.19848489860729762,2.50090972245195,2.262727844123193,16.871216381620297,2.2230308644017334,1.8657580469085977,3.0566674385523833,4.446061728803467,1.587879188858381,0.3572728174931358,4.2078798504747095,14.092427801118133,80.46577789539846,34.17909954017665,37.87091865427239,7.650269608653941,8.234476826888088,2.1356975090145225,12.804657778953985,100.31267987693937,100.83191637169605,2400.0,40.0,110.67517946342916,272.92269013199245,106.11002679546131,100.57229812431771,73.69969858338173,292.0,11.549295774647888,58.73287671232877,3.7166085946573753,14.150943396226415,9.201101928374655,0.136986301369863,40.74074074074074,54.36893203883495,81.63265306122449,61.072840923587194,17.513566847557968,1.3658536585365855,362.2,118.73759920634922,77.31580494613854,0.0,0.0,10.652941176470588
329776,1882,69822,"MAXWELL, D.","MAXWELL, DU'VAUGHN ELISHA",7,22.823809523809526,94.0,17.0,9.0,26.0,7.0,4.0,8.0,6.0,2.0,15.0,21.0,107.0,40.0,16.0,0.0,0.0,14.0,10.0,-52.0,74.0,334.0,146.0,130.0,0.0,0.0,29.266666666666662,29.266666666666662,12.299999999999995,65.56,527.6800000000001,525.64,9586.0,159.76666666666668,552.0,1400.0166666666667,598.0,526.6600000000001,299.5790483514331,19:02,True,OLIMPICO (LB),QUIMSA vs OLIMPICO (LB) (006/04/2025 21:30),QUIMSA,OLIMPICO (LB),QUIMSA,06/04/2025,23.53432088462341,4.256206968495722,2.2532860421447944,6.509493010640517,1.752555810557062,1.001460463175464,2.002920926350928,1.5021906947631964,0.500730231587732,3.7554767369079904,5.257667431671187,26.789067389943668,10.014604631754642,4.005841852701856,0.0,0.0,3.505111621114124,2.5036511579386604,-13.018986021281034,18.527018568746087,83.62194867515126,36.55330690590444,32.547465053202586,7.3273523889004775,7.3273523889004775,3.0794909242645514,16.41393699144586,132.11266430210725,131.60191946588776,2399.9999999999995,40.0,138.20154391821404,350.51533486334233,149.71833924473188,131.8572918839975,75.00414312992274,56.0,10.81081081081081,71.42857142857143,6.164383561643835,13.076923076923078,9.420289855072465,0.25,,71.42857142857143,58.333333333333336,70.61298076923077,22.15568862275449,0.875,83.70000000000002,143.38010982306284,64.58825931482117,0.0,0.0,11.957142857142859
219981,80,70071,"MAZZUCCHELLI, S.","MAZZUCCHELLI, SANTINO",20,4.3475,18.0,13.0,6.0,19.0,1.0,1.0,5.0,0.0,0.0,6.0,3.0,18.0,4.0,4.0,3.0,7.0,1.0,2.0,-36.0,24.0,163.0,86.0,72.0,0.0,0.0,47.88333333333333,47.88333333333333,5.666666666666667,18.32,2731.6,2700.8,5217.0,86.95,2921.0,7450.05,3059.0,2716.2,156.6861779029143,05:56,False,PLATENSE,PLATENSE vs PEÑAROL (MDP) (011/10/2024 22:05),PLATENSE,PEÑAROL (MDP),PEÑAROL (MDP),11/10/2024,8.280621046578494,5.980448533640023,2.760207015526164,8.740655549166188,0.460034502587694,0.460034502587694,2.3001725129384702,0.0,0.0,2.760207015526164,1.380103507763082,8.280621046578494,1.840138010350776,1.840138010350776,1.380103507763082,3.220241518113858,0.460034502587694,0.920069005175388,-16.561242093156988,11.040828062104657,74.98562392179413,39.56296722254169,33.122484186313976,22.02798543224075,22.02798543224075,2.606862181330267,8.427832087406555,1256.630247268545,1242.4611845888442,2400.0,40.0,1343.7607820586545,3427.28004600345,1407.2455434157562,1249.5457159286946,72.08104791393411,18.0,20.833333333333336,47.22222222222222,6.976744186046512,18.055555555555554,12.025316455696203,0.05555555555555555,30.0,50.0,33.33333333333333,46.58385093167702,14.723926380368098,0.2,14.199999999999996,98.2532751091703,6.496817013528656,0.0,0.0,0.7099999999999997
78890,1426,69281,"MENDEZ, F.","MENDEZ, FRANCO JAVIER",38,21.35657894736842,353.0,148.0,39.0,187.0,67.0,43.0,61.0,20.0,8.0,118.0,99.0,368.0,64.0,83.0,53.0,112.0,66.0,19.0,26.0,412.0,1650.0,802.0,713.0,0.0,0.0,266.7166666666667,276.8166666666667,51.55,371.4,2794.68,2763.56,48693.0,811.55,2824.0,7674.916666666667,2779.0,2779.12,1468.5557088384319,16:07,False,SAN MARTIN (C),SAN MARTIN (C) vs GIMNASIA (CR) (004/12/2024 21:30),SAN MARTIN (C),GIMNASIA (CR),GIMNASIA (CR),04/12/2024,17.398804756330478,7.294683013985583,1.9222475509826875,9.216930564968271,3.302322715790771,2.119401145955271,3.006592323331896,0.9857679748629167,0.39430718994516667,5.816031051691208,4.8795514755714375,18.138130737477667,3.1544575195613334,4.090937095681104,2.612285133386729,5.520300659232333,3.253034317047625,0.9364795761197708,1.2814983673217917,20.306820282176083,81.32585792619062,39.529295792002955,35.14262830386298,13.146037418109382,13.643850245415155,2.5408169552091673,18.30571129320436,137.7453021994948,136.21144723060812,2400.0,40.0,139.19043805064382,378.28435298708234,136.97246010720227,136.97837471505144,72.38275935375181,312.0,14.805825242718445,45.993589743589745,4.86284289276808,20.75736325385694,12.343234323432343,0.21153846153846154,32.121212121212125,43.53741496598639,77.64705882352942,50.51516886090441,24.96969696969697,1.098360655737705,319.2,95.04577275175014,52.84184680959912,0.0,0.0,8.4
271491,2314,69185,"MERCHANT, E.","MERCHANT, EDGAR HENRY",34,29.12450980392157,467.0,237.0,45.0,282.0,42.0,40.0,65.0,10.0,9.0,87.0,149.0,573.0,182.0,154.0,9.0,40.0,76.0,62.0,-206.0,513.0,2044.0,971.0,954.0,0.0,0.0,252.96666666666664,257.96666666666664,50.599999999999994,465.72,2600.28,2599.2,59414.0,990.2333333333333,2560.0,6810.866666666667,2879.0,2599.74,1889.414267801494,27:23,True,ZARATE BASKET,BOCA vs ZARATE BASKET (012/10/2024 11:30),BOCA,ZARATE BASKET,BOCA,12/10/2024,18.86424075133807,9.573501195004544,1.8177533914565591,11.391254586461104,1.696569832026122,1.61578079240583,2.625643787659474,0.4039451981014575,0.36355067829131177,3.514323223482681,6.018783451711718,23.14605985121352,7.351802605446528,6.220756050762446,0.36355067829131177,1.61578079240583,3.069983505571077,2.504460228229037,-8.321271080890027,20.72238866260477,82.56639849193792,39.223078735651534,38.53637189887905,10.218467027973205,10.420439627023931,2.043962702393375,18.81253576598108,105.03706197192582,104.99343589053085,2400.0,40.0,103.40997071397312,275.1216884909281,116.29582253340963,105.01524893122833,76.32198207027949,385.0,12.670565302144249,50.77922077922078,4.634397528321318,24.842767295597483,14.649350649350648,0.1974025974025974,18.367346938775512,54.166666666666664,55.072463768115945,52.387148882706626,25.097847358121335,0.6461538461538462,405.8999999999999,100.27484325345701,80.48390532077494,0.0,0.0,11.938235294117645
323918,1869,69992,"MILLER, T.","MILLER, TAVARIO EARNEST PTRISTIAN",38,23.582456140350878,442.0,168.0,72.0,240.0,34.0,28.0,39.0,18.0,8.0,90.0,90.0,605.0,157.0,76.0,10.0,18.0,98.0,16.0,174.0,349.0,1899.0,817.0,829.0,0.0,0.0,164.21666666666664,174.21666666666667,48.199999999999996,278.16,2925.36,2897.48,53768.0,896.1333333333333,3320.0,7650.05,2973.0,2911.42,1699.7330342556293,24:15,True,QUIMSA,INSTITUTO vs QUIMSA (002/12/2024 22:10),INSTITUTO,QUIMSA,INSTITUTO,02/12/2024,19.729206963249517,7.498884094628776,3.2138074691266185,10.712691563755394,1.5176313048653476,1.2498140157714626,1.7408123791102514,0.8034518672816546,0.3570897187918465,4.017259336408273,4.017259336408273,27.00490998363339,7.007885731289987,3.3923523285225414,0.4463621484898081,0.8034518672816546,4.374349055200119,0.714179437583693,7.76670138372266,15.578038982294302,84.76417199821455,36.46778753161732,37.00342210980509,7.330010415116797,7.776372563606606,2.1514655557208746,12.416009522392502,130.57699747061451,129.33253980062491,2400.0,40.0,148.1922332986163,341.4692754054456,132.70346674601993,129.9547686356197,75.86964890294432,261.0,11.174785100286533,65.90038314176245,8.812729498164016,20.26537997587455,14.580801944106925,0.37547892720306514,35.714285714285715,67.38197424892704,85.96491228070175,71.02455328448386,18.37809373354397,0.8717948717948718,447.5,158.90135174000574,59.61778802408302,0.0,0.0,11.776315789473685
327360,1913,70011,"MITCHELL, T.","MITCHELL JR, TONY RASEAN",7,24.96190476190476,87.0,20.0,2.0,22.0,5.0,7.0,9.0,5.0,1.0,22.0,21.0,66.0,11.0,13.0,16.0,27.0,17.0,9.0,-52.0,88.0,339.0,154.0,174.0,0.0,0.0,30.18333333333333,30.18333333333333,8.133333333333333,85.44,525.6,535.56,10484.0,174.73333333333332,527.0,1399.9333333333334,577.0,530.5799999999999,331.34506246334456,20:18,True,UNION (SF),REGATAS (C) vs UNION (SF) (001/11/2024 21:30),REGATAS (C),UNION (SF),REGATAS (C),01/11/2024,19.916062571537584,4.5784051888592145,0.4578405188859214,5.036245707745136,1.1446012972148036,1.602441816100725,2.0602823349866464,1.1446012972148036,0.2289202594429607,5.036245707745136,4.807325448302175,15.108737123235407,2.518122853872568,2.9759633727584895,3.6627241510873714,6.18084700495994,3.8916444105303323,2.0602823349866464,-11.903853491033958,20.144982830980545,77.60396795116368,35.25371995421595,39.83212514307517,6.90957649752003,6.90957649752003,1.861884776802747,19.558946966806563,120.32048836322016,122.60053414727203,2400.0000000000005,40.0,120.6409767264403,320.4731018695155,132.08698969858833,121.46051125524608,75.85159766425286,67.0,10.227272727272728,52.23880597014925,1.2987012987012987,11.494252873563218,6.707317073170732,0.2537313432835821,37.2093023255814,45.83333333333333,65.38461538461539,55.45639979602244,25.958702064896755,0.5555555555555556,66.9,101.82584269662922,67.91924147667714,0.0,0.0,9.557142857142859
326135,1790,69616,"MONACCHI, T.","MONACCHI, TOMAS",26,20.415384615384614,173.0,70.0,31.0,101.0,18.0,23.0,26.0,2.0,4.0,59.0,30.0,182.0,43.0,32.0,23.0,36.0,18.0,8.0,59.0,168.0,1087.0,500.0,478.0,0.0,0.0,160.31666666666663,165.31666666666666,20.73333333333333,140.44,1951.6,1947.32,31848.0,530.8,2136.0,5224.933333333333,1953.0,1949.46,992.3636194918582,26:03,False,INSTITUTO,INSTITUTO vs QUIMSA (002/12/2024 22:10),INSTITUTO,QUIMSA,QUIMSA,02/12/2024,13.03692539562924,5.275056518462699,2.3360964581763377,7.611152976639036,1.356443104747551,1.7332328560663153,1.9593067068575736,0.15071590052750566,0.30143180105501133,4.446119065561417,2.260738507912585,13.715146948003017,3.240391861341372,2.4114544084400906,1.7332328560663153,2.712886209495102,1.356443104747551,0.6028636021100227,4.446119065561417,12.660135644310476,81.91409193669934,37.67897513187642,36.021100226073855,12.081135393117306,12.457925144436073,1.5624215021351417,10.583270535041446,147.06857573474002,146.74604370761116,2400.0000000000005,40.0,160.96458176337606,393.7402662647576,147.17407686510927,146.9073097211756,74.7824882812252,134.0,15.476190476190476,57.83582089552239,6.2,14.644351464435147,10.327198364008181,0.13432835820895522,38.983050847457626,57.333333333333336,69.23076923076923,59.47469746974697,15.455381784728612,0.6923076923076923,159.70000000000002,123.18427798348048,50.997037034069294,0.0,0.0,6.142307692307693
293943,1498,70040,"MONDINO, M.","MONDINO, MATEO",0,,0.0,0.0,0.0,0.0,0.0,0.0,0.0,0.0,0.0,0.0,0.0,0.0,0.0,0.0,0.0,0.0,0.0,0.0,0.0,0.0,0.0,0.0,0.0,0.0,0.0,0.0,0.0,0.0,0.0,84.32,82.24,0.0,0.0,88.0,199.98333333333335,94.0,83.28,0.0,00:00,False,ATENAS (C),SAN LORENZO vs ATENAS (C) (004/02/2025 22:10),SAN LORENZO,ATENAS (C),SAN LORENZO,04/02/2025,0.0,0.0,0.0,0.0,0.0,0.0,0.0,0.0,0.0,0.0,0.0,0.0,0.0,0.0,0.0,0.0,0.0,0.0,0.0,0.0,0.0,0.0,0.0,0.0,0.0,0.0,0.0,3372.7999999999997,3289.6,0.0,0.0,3520.0,7999.333333333334,3760.0,3331.2,0.0,0.0,,,,,,,,,,,,,0.0,,,0.0,0.0,
328807,1903,69941,"MONTANO, I.","MONTANO MACIAS , IVAN",20,13.166666666666666,116.0,18.0,5.0,23.0,21.0,5.0,10.0,0.0,1.0,41.0,22.0,79.0,11.0,18.0,25.0,36.0,19.0,2.0,36.0,108.0,527.0,235.0,245.0,0.0,0.0,89.74999999999999,89.74999999999999,7.7,104.24000000000001,1556.3600000000001,1552.2,15800.0,263.3333333333333,1733.0,4199.966666666666,1669.0,1554.28,486.0372693467993,00:45,False,RIACHUELO (LR),RIACHUELO (LR) vs QUIMSA (011/05/2025 21:00),RIACHUELO (LR),QUIMSA,QUIMSA,11/05/2025,17.620253164556964,2.7341772151898738,0.759493670886076,3.4936708860759498,3.189873417721519,0.759493670886076,1.518987341772152,0.0,0.1518987341772152,6.227848101265824,3.3417721518987342,12.000000000000002,1.6708860759493671,2.7341772151898738,3.79746835443038,5.4683544303797476,2.886075949367089,0.3037974683544304,5.4683544303797476,16.405063291139243,80.0506329113924,35.696202531645575,37.21518987341773,13.632911392405063,13.632911392405063,1.169620253164557,15.833924050632914,236.40911392405064,235.77721518987346,2400.0000000000005,40.0,263.24050632911394,637.9696202531645,253.51898734177215,236.09316455696202,73.82844597672901,90.0,9.25925925925926,53.888888888888886,2.127659574468085,7.346938775510205,4.791666666666667,0.2111111111111111,40.98360655737705,37.93103448275862,90.47619047619048,58.444175735590484,20.49335863377609,2.1,90.4,111.28165771297004,33.57903176802089,0.0,0.0,4.5200000000000005
273565,1498,70040,"MONTERO, J.","MONTERO, JOSE IGNACIO",38,28.907894736842106,409.0,116.0,23.0,139.0,97.0,43.0,60.0,4.0,3.0,100.0,93.0,414.0,43.0,38.0,89.0,152.0,56.0,18.0,-59.0,409.0,2241.0,1037.0,982.0,0.0,0.0,242.58333333333331,252.58333333333331,69.03333333333333,391.56,2761.4,2774.96,65910.0,1098.5,2997.0,7649.933333333333,3058.0,2768.18,1987.640085646749,39:33,True,ATENAS (C),ATENAS (C) vs ARGENTINO (J) (001/12/2024 20:30),ATENAS (C),ARGENTINO (J),ARGENTINO (J),01/12/2024,14.893035958124717,4.223941738734639,0.8375056895766955,5.061447428311333,3.5320892125625853,1.565771506599909,2.1847974510696404,0.14565316340464268,0.10923987255348203,3.6413290851160673,3.3864360491579424,15.075102412380518,1.565771506599909,1.3837050523441055,3.2407828857533,5.534820209376422,2.0391442876649974,0.6554392353208921,-2.14838416021848,14.893035958124717,81.60218479745106,37.760582612653614,35.75785161583978,8.833257472310725,9.197390380822332,2.513730845091792,14.257988165680473,100.55166135639509,101.04542558033683,2400.0,40.0,109.13063268092854,278.55924745865576,111.35184342284933,100.79854346836595,72.37651654608098,322.0,14.66992665036675,54.81366459627329,2.2179363548698166,11.812627291242363,6.884596334819218,0.17391304347826086,36.92946058091287,53.086419753086425,75.67567567567568,57.67712093862816,18.25078090138331,1.6166666666666667,369.8,104.453978955971,79.3211825169387,0.0,0.0,9.73157894736842
88051,1882,69822,"MORALES, A.","MORALES PEREYRA, AUGUSTO",7,2.0238095238095237,4.0,2.0,0.0,2.0,0.0,1.0,0.0,0.0,0.0,0.0,1.0,0.0,0.0,1.0,1.0,6.0,1.0,1.0,-19.0,9.0,29.0,19.0,12.0,0.0,0.0,12.783333333333333,12.783333333333333,1.3166666666666667,8.879999999999999,2580.24,2601.24,850.0,14.166666666666666,2710.0,6799.9,2850.0,2590.7400000000002,27.08044829625642,00:00,False,OLIMPICO (LB),OLIMPICO (LB) vs LA UNION FSA. (017/11/2024 22:00),OLIMPICO (LB),LA UNION FSA.,LA UNION FSA.,17/11/2024,11.294117647058822,5.647058823529411,0.0,5.647058823529411,0.0,2.8235294117647056,0.0,0.0,0.0,0.0,2.8235294117647056,0.0,0.0,2.8235294117647056,2.8235294117647056,16.941176470588236,2.8235294117647056,2.8235294117647056,-53.64705882352942,25.411764705882355,81.88235294117648,53.64705882352942,33.88235294117647,36.09411764705882,36.09411764705882,3.7176470588235295,25.072941176470586,7285.383529411764,7344.677647058824,2400.0,40.0,7651.764705882353,19199.717647058824,8047.058823529413,7315.030588235295,76.46244224825342,8.0,0.0,18.75,0.0,16.666666666666664,6.451612903225806,0.125,14.285714285714285,0.0,50.0,22.52252252252252,31.03448275862069,,2.8000000000000007,45.04504504504505,1.1499002867391912,0.0,0.0,0.4000000000000001
209267,80,70071,"MORALES, J.","MORALES, JUAN SEBASTIAN",37,24.41351351351351,260.0,102.0,27.0,129.0,36.0,25.0,26.0,2.0,5.0,114.0,114.0,269.0,55.0,50.0,23.0,64.0,81.0,38.0,-25.0,274.0,1812.0,841.0,794.0,0.0,0.0,203.48333333333332,204.85,49.599999999999994,243.35999999999999,2807.84,2771.52,54198.0,903.3,3018.0,7650.033333333333,3125.0,2789.68,1649.6531029859846,00:00,False,PLATENSE,PLATENSE vs PEÑAROL (MDP) (011/10/2024 22:05),PLATENSE,PEÑAROL (MDP),PEÑAROL (MDP),11/10/2024,11.513339975644858,4.516771836599137,1.195616074393889,5.712387910993026,1.594154765858519,1.1070519207350824,1.1513339975644858,0.0885641536588066,0.2214103841470165,5.0481567585519755,5.0481567585519755,11.911878667109487,2.435514225617182,2.214103841470165,1.018487767076276,2.834052917081811,3.586848223181667,1.6827189195173253,-1.1070519207350824,12.133289051256504,80.23912321487877,37.24122661352818,35.15996900254622,9.010664600169747,9.071183438503267,2.1963910107384037,10.776486217203587,124.33698660467178,122.72866157422783,2400.0,40.0,133.64330787113917,338.7593638141629,138.38149009188533,123.53282408944979,73.05006544828893,192.0,9.48905109489051,46.614583333333336,3.2104637336504163,12.846347607052897,7.889908256880735,0.421875,26.436781609195403,52.38095238095239,68.0672268907563,53.20019643149452,15.121412803532008,1.3846153846153846,216.70000000000002,106.83760683760684,66.24487369786351,0.0,0.0,5.8567567567567576
326648,1882,69822,"MORALES, J.","MORALES, JULIAN",34,26.36519607843137,305.0,102.0,24.0,126.0,37.0,24.0,39.0,11.0,7.0,62.0,55.0,265.0,46.0,59.0,57.0,116.0,42.0,10.0,-100.0,341.0,1854.0,882.0,861.0,0.0,0.0,143.78333333333333,143.78333333333333,36.03333333333333,315.88,2649.52,2666.04,53785.0,896.4166666666666,2828.0,6999.9,2917.0,2657.78,1699.2327107123117,23:45,True,OLIMPICO (LB),OLIMPICO (LB) vs LA UNION FSA. (017/11/2024 22:00),OLIMPICO (LB),LA UNION FSA.,LA UNION FSA.,17/11/2024,13.609742493260203,4.551454866598494,1.0709305568467045,5.622385423445198,1.6510179418053361,1.0709305568467045,1.7402621548758948,0.4908431718880729,0.3123547457469555,2.76657060518732,2.4542158594403647,11.82485823184903,2.0526169006228505,2.632704285581482,2.543460072510923,5.1761643580924055,1.874128474481733,0.4462210653527936,-4.4622106535279356,15.21613832853026,82.72938551640792,39.35669796411639,38.419633726875524,6.415915217997583,6.415915217997583,1.6078832388212327,14.095231012364042,118.22716370735336,118.96432090731616,2400.0,40.0,126.19131728177001,312.35028353630196,130.16268476340989,118.59574230733477,75.82334304563629,278.0,11.436950146627565,47.302158273381295,2.7210884353741496,11.846689895470384,7.228915662650602,0.1510791366906475,32.947976878612714,43.80952380952381,80.76923076923077,50.68465833554906,18.39266450916936,0.9487179487179487,258.79999999999995,96.55565404584019,70.1706380750688,0.0,0.0,7.611764705882352
277049,46,69144,"MORAVANSKY, R.","MORAVANSKY, ROMAN",1,10.6,2.0,0.0,0.0,0.0,0.0,0.0,2.0,0.0,0.0,1.0,0.0,-2.0,1.0,0.0,0.0,1.0,0.0,0.0,-5.0,4.0,22.0,10.0,11.0,0.0,0.0,10.0,10.0,0.0,4.0,461.36,456.96000000000004,636.0,10.6,456.0,1199.9666666666667,532.0,459.16,20.2354,00:00,False,FERRO,FERRO vs INSTITUTO (005/04/2025 20:30),FERRO,INSTITUTO,INSTITUTO,05/04/2025,7.547169811320755,0.0,0.0,0.0,0.0,0.0,7.547169811320755,0.0,0.0,3.7735849056603774,0.0,-7.547169811320755,3.7735849056603774,0.0,0.0,3.7735849056603774,0.0,0.0,-18.867924528301888,15.09433962264151,83.01886792452831,37.735849056603776,41.509433962264154,37.735849056603776,37.735849056603776,0.0,15.09433962264151,1740.9811320754718,1724.3773584905662,2400.0,40.0,1720.754716981132,4528.176100628931,2007.5471698113208,1732.679245283019,76.36,2.0,50.0,50.0,0.0,0.0,0.0,0.0,0.0,100.0,,50.0,18.181818181818183,0.0,-1.0,50.0,5.106287952583495,0.0,0.0,-1.0
79954,1498,70040,"MORENO, C.","MORENO, CLAUDIO FRANCISCO",0,,0.0,0.0,0.0,0.0,0.0,0.0,0.0,0.0,0.0,0.0,0.0,0.0,0.0,0.0,0.0,0.0,0.0,0.0,0.0,0.0,0.0,0.0,0.0,0.0,0.0,0.0,0.0,0.0,0.0,75.36,81.12,0.0,0.0,79.0,200.01666666666665,84.0,78.24000000000001,0.0,00:00,False,ATENAS (C),FERRO vs ATENAS (C) (006/02/2025 21:00),FERRO,ATENAS (C),FERRO,06/02/2025,0.0,0.0,0.0,0.0,0.0,0.0,0.0,0.0,0.0,0.0,0.0,0.0,0.0,0.0,0.0,0.0,0.0,0.0,0.0,0.0,0.0,0.0,0.0,0.0,0.0,0.0,0.0,3014.4,3244.8,0.0,0.0,3160.0,8000.666666666666,3360.0,3129.6000000000004,0.0,0.0,,,,,,,,,,,,,0.0,,,0.0,0.0,
326735,1882,69822,"MORENO, G.","MORENO, GRACIANO",0,,0.0,0.0,0.0,0.0,0.0,0.0,0.0,0.0,0.0,0.0,0.0,0.0,0.0,0.0,0.0,0.0,0.0,0.0,0.0,0.0,0.0,0.0,0.0,0.0,0.0,0.0,0.0,0.0,0.0,291.48,293.4,0.0,0.0,329.0,799.8166666666666,354.0,292.44,0.0,00:00,False,OLIMPICO (LB),OLIMPICO (LB) vs OBERA (025/03/2025 22:00),OLIMPICO (LB),OBERA,OBERA,25/03/2025,0.0,0.0,0.0,0.0,0.0,0.0,0.0,0.0,0.0,0.0,0.0,0.0,0.0,0.0,0.0,0.0,0.0,0.0,0.0,0.0,0.0,0.0,0.0,0.0,0.0,0.0,0.0,11659.2,11736.0,0.0,0.0,13160.0,31992.666666666664,14160.0,11697.6,0.0,0.0,,,,,,,,,,,,,0.0,,,0.0,0.0,
79955,1498,70040,"MORENO, M.","MORENO, MARCELO AGUSTIN",0,,0.0,0.0,0.0,0.0,0.0,0.0,0.0,0.0,0.0,0.0,0.0,0.0,0.0,0.0,0.0,0.0,0.0,0.0,0.0,0.0,0.0,0.0,0.0,0.0,0.0,0.0,0.0,0.0,0.0,70.56,69.92,0.0,0.0,74.0,199.98333333333332,87.0,70.24000000000001,0.0,00:00,False,ATENAS (C),ATENAS (C) vs INSTITUTO (021/10/2024 22:10),ATENAS (C),INSTITUTO,INSTITUTO,21/10/2024,0.0,0.0,0.0,0.0,0.0,0.0,0.0,0.0,0.0,0.0,0.0,0.0,0.0,0.0,0.0,0.0,0.0,0.0,0.0,0.0,0.0,0.0,0.0,0.0,0.0,0.0,0.0,2822.4,2796.8,0.0,0.0,2960.0,7999.333333333333,3480.0,2809.6000000000004,0.0,0.0,,,,,,,,,,,,,0.0,,,0.0,0.0,
325825,1541,69636,"MORESCO, A.","MORESCO, AUGUSTO",7,4.116666666666666,4.0,5.0,1.0,6.0,2.0,1.0,1.0,0.0,0.0,4.0,1.0,-5.0,0.0,2.0,1.0,10.0,1.0,2.0,-12.0,15.0,60.0,32.0,26.0,0.0,0.0,5.916666666666667,5.916666666666667,0.4666666666666667,14.32,2702.32,2727.56,1729.0,28.816666666666666,2931.0,7074.833333333333,3042.0,2714.94,56.34781626343582,00:00,False,LA UNION FSA.,LA UNION FSA. vs ZARATE BASKET (003/12/2024 21:30),LA UNION FSA.,ZARATE BASKET,ZARATE BASKET,03/12/2024,5.552342394447658,6.940427993059572,1.3880855986119145,8.328513591671488,2.776171197223829,1.3880855986119145,1.3880855986119145,0.0,0.0,5.552342394447658,1.3880855986119145,-6.940427993059572,0.0,2.776171197223829,1.3880855986119145,13.880855986119144,1.3880855986119145,2.776171197223829,-16.657027183342976,20.821283979178716,83.28513591671486,44.418739155581264,36.090225563909776,8.212839791787161,8.212839791787161,0.6477732793522267,19.877385772122615,3751.0514748409487,3786.0867553499133,2400.0,40.0,4068.478889531521,9820.474262579526,4222.556390977444,3768.5691150954312,78.21559226850547,13.0,6.666666666666667,11.538461538461538,3.125,19.230769230769234,10.344827586206897,0.07692307692307693,9.090909090909092,0.0,33.33333333333333,13.966480446927374,25.0,2.0,1.2999999999999994,27.932960893854748,2.3255474821701023,0.0,0.0,0.18571428571428564
278373,1913,70011,"MORRISON, D.","MORRISON, DOMINIQUE MONTEL",29,23.35977011494253,371.0,108.0,23.0,131.0,30.0,20.0,27.0,2.0,4.0,69.0,99.0,358.0,74.0,97.0,34.0,76.0,121.0,22.0,-5.0,364.0,1383.0,567.0,569.0,0.0,0.0,154.14999999999998,154.14999999999998,45.73333333333333,347.92,2182.8,2183.88,40646.0,677.4333333333334,2430.0,5824.9,2513.0,2183.34,1267.8185909421627,18:30,True,UNION (SF),UNION (SF) vs RIACHUELO (LR) (003/12/2024 21:00),UNION (SF),RIACHUELO (LR),RIACHUELO (LR),03/12/2024,21.906214633666288,6.3770112680214535,1.35806721448605,7.735078482507504,1.7713920188948482,1.1809280125965653,1.5942528170053634,0.11809280125965653,0.23618560251931306,4.074201643458151,5.845593662352998,21.138611425478523,4.369433646607292,5.7275008610933416,2.007577621414161,4.487526447866949,7.14461447620922,1.299020813856222,-0.29523200314914133,21.492889829257493,81.6611720710525,33.479309157112624,33.59740195837229,9.102002657088025,9.102002657088025,2.700388722137479,20.543423707129854,128.88648329478914,128.95025340746938,2399.9999999999995,40.0,143.48275353048268,343.93937902868663,148.38360478275843,128.91836835112926,74.8601244467153,281.0,7.417582417582418,44.48398576512456,4.056437389770723,18.98066783831283,11.53169014084507,0.4306049822064057,30.909090909090907,43.27485380116959,84.61538461538461,53.93696208420563,26.31959508315257,1.1111111111111112,314.19999999999993,106.63370889859738,66.83545181799984,0.0,0.0,10.834482758620688
130590,2305,69510,"MOUSQUERE, M.","MOUSQUERE, MILTON NADIR",1,1.65,0.0,0.0,0.0,0.0,0.0,0.0,0.0,0.0,0.0,0.0,0.0,-2.0,0.0,1.0,0.0,1.0,0.0,0.0,-6.0,2.0,5.0,4.0,2.0,0.0,0.0,1.5999999999999999,1.5999999999999999,0.31666666666666665,2.0,683.28,694.44,99.0,1.65,778.0,1799.9666666666667,722.0,688.86,3.2834999999999996,01:39,False,OBERA,OBERA vs ATENAS (C) (015/11/2024 21:00),OBERA,ATENAS (C),ATENAS (C),15/11/2024,0.0,0.0,0.0,0.0,0.0,0.0,0.0,0.0,0.0,0.0,0.0,-48.484848484848484,0.0,24.242424242424242,0.0,24.242424242424242,0.0,0.0,-145.45454545454547,48.484848484848484,121.21212121212122,96.96969696969697,48.484848484848484,38.78787878787879,38.78787878787879,7.676767676767677,48.484848484848484,16564.363636363636,16834.909090909092,2400.0,40.0,18860.606060606064,43635.555555555555,17503.030303030304,16699.636363636364,79.6,2.0,0.0,0.0,0.0,0.0,0.0,0.0,0.0,0.0,,0.0,40.0,,-0.5999999999999999,0.0,0.4996211111683675,0.0,0.0,-0.5999999999999999
202585,1790,69616,"MOUSSA, F.","MOUSSA, FAUSTO",32,7.9875,69.0,11.0,7.0,18.0,14.0,7.0,8.0,0.0,5.0,36.0,14.0,25.0,10.0,10.0,14.0,32.0,7.0,6.0,-18.0,80.0,526.0,232.0,244.0,0.0,0.0,83.48333333333333,83.48333333333333,7.8999999999999995,72.72,2776.36,2782.68,15336.0,255.6,3053.0,7424.766666666666,2790.0,2779.52,486.556394375652,02:57,False,INSTITUTO,INSTITUTO vs QUIMSA (002/12/2024 22:10),INSTITUTO,QUIMSA,QUIMSA,02/12/2024,10.7981220657277,1.721439749608764,1.0954616588419406,2.8169014084507045,2.190923317683881,1.0954616588419406,1.2519561815336464,0.0,0.782472613458529,5.633802816901409,2.190923317683881,3.9123630672926444,1.564945226917058,1.564945226917058,2.190923317683881,5.007824726134586,1.0954616588419406,0.9389671361502347,-2.8169014084507045,12.519561815336465,82.31611893583725,36.30672926447574,38.18466353677621,13.064684402712572,13.064684402712572,1.2363067292644756,11.380281690140846,434.48513302034434,435.4741784037559,2400.0,40.0,477.77777777777777,1161.9353155972874,436.6197183098592,434.9796557120501,76.14341070041503,66.0,10.0,46.96969696969697,3.0172413793103448,4.508196721311475,3.7815126050420167,0.10606060606060606,30.434782608695656,50.0,53.84615384615385,48.1037367540435,15.209125475285171,1.75,49.40000000000001,94.88448844884488,17.57107540062508,0.0,0.0,1.5437500000000004
262642,2025,69418,"NALLY, J.","NALLY, JUAN TOMAS",38,18.185964912280703,237.0,177.0,75.0,252.0,23.0,14.0,31.0,7.0,10.0,121.0,88.0,338.0,84.0,70.0,0.0,2.0,69.0,49.0,-82.0,242.0,1497.0,699.0,658.0,0.0,0.0,149.76666666666665,149.76666666666665,31.43333333333333,164.04,2922.2,2941.84,41464.0,691.0666666666667,3237.0,7599.916666666667,3348.0,2932.02,1336.1076550797204,24:42,True,INDEPENDIENTE (O),INDEPENDIENTE (O) vs QUIMSA (030/11/2024 20:30),INDEPENDIENTE (O),QUIMSA,QUIMSA,30/11/2024,13.717923982249662,10.245031834844685,4.341115184256222,14.586147019100906,1.3312753231719079,0.8103415010611614,1.7943276094925718,0.4051707505305807,0.5788153579008296,7.0036658306000374,5.0935751495273,19.56395909704804,4.862049006366968,4.051707505305807,0.0,0.11576307158016592,3.993825969515724,2.836195253714065,-4.746285934786803,14.007331661200075,86.64865907775419,40.459193517267984,38.086050549874585,8.66872467682809,8.66872467682809,1.819409608334941,9.494887131005209,169.14142388578043,170.27821724869767,2399.9999999999995,40.0,187.36253135249854,439.89484854331465,193.78738182519777,169.70982056723903,77.33596305690065,156.0,12.8099173553719,53.84615384615385,10.72961373390558,26.899696048632222,18.570375829034635,0.4423076923076923,0.0,54.54545454545454,58.47457627118644,56.99307425933051,16.165664662658653,0.7419354838709677,231.79999999999995,144.47695683979518,52.03528246543312,0.0,0.0,6.099999999999999
321287,1474,68570,"NATION, A.","NATION, ANDRE JAMES",38,28.038157894736845,533.0,110.0,36.0,146.0,65.0,40.0,68.0,30.0,13.0,96.0,126.0,464.0,159.0,128.0,42.0,110.0,89.0,61.0,49.0,573.0,2184.0,992.0,891.0,0.0,0.0,230.06666666666666,230.06666666666666,77.55,537.0,2783.56,2770.04,63927.0,1065.45,3141.0,7600.05,2985.0,2776.8,1942.139891615597,36:40,True,GIMNASIA (CR),SAN MARTIN (C) vs GIMNASIA (CR) (004/12/2024 21:30),SAN MARTIN (C),GIMNASIA (CR),SAN MARTIN (C),04/12/2024,20.010324276127456,4.129710450983152,1.3515416021399407,5.481252053123093,2.4402834483082265,1.501712891266601,2.5529119151532216,1.1262846684499508,0.4880566896616453,3.6041109390398423,4.730395607489793,17.41986953869257,5.969308742784739,4.805481252053124,1.576798535829931,4.129710450983152,3.341311183068187,2.2901121591815663,1.839598291801586,21.51203716739406,81.9935238631564,37.2424797034117,33.450654652963536,8.637351979601732,8.637351979601732,2.9114458679431228,20.160495565254116,104.5026983903515,103.99511943310337,2400.0,40.0,117.92200478670983,285.32732648176824,112.0653245107701,104.24890891172744,72.91341279705652,439.0,11.8673647469459,50.569476082004556,3.6290322580645165,12.345679012345679,7.753584705257567,0.20273348519362186,27.631578947368425,55.400696864111495,59.333333333333336,52.772277227722775,26.236263736263737,0.9558823529411765,435.20000000000016,99.25512104283054,75.18621405341307,0.0,0.0,11.452631578947372
327187,1932,69789,"NAYLOR, C.","NAYLOR, CAMERON LEVELE",3,23.37777777777778,14.0,10.0,2.0,12.0,1.0,3.0,4.0,1.0,0.0,3.0,5.0,10.0,2.0,13.0,1.0,4.0,7.0,2.0,-26.0,28.0,144.0,72.0,54.0,0.0,0.0,8.066666666666666,8.066666666666666,2.466666666666667,25.96,226.76,216.56,4208.0,70.13333333333334,217.0,599.9833333333333,230.0,221.66000000000003,128.51090324193683,11:29,True,ARGENTINO (J),ARGENTINO (J) vs PEÑAROL (MDP) (021/10/2024 21:00),ARGENTINO (J),PEÑAROL (MDP),PEÑAROL (MDP),21/10/2024,7.984790874524714,5.7034220532319395,1.1406844106463878,6.844106463878327,0.5703422053231939,1.7110266159695817,2.2813688212927756,0.5703422053231939,0.0,1.7110266159695817,2.8517110266159698,5.7034220532319395,1.1406844106463878,7.41444866920152,0.5703422053231939,2.2813688212927756,3.992395437262357,1.1406844106463878,-14.82889733840304,15.969581749049429,82.12927756653991,41.064638783269956,30.79847908745247,4.600760456273764,4.600760456273764,1.4068441064638781,14.806083650190114,129.33079847908743,123.51330798479086,2399.9999999999995,40.0,123.76425855513307,342.1958174904943,131.17870722433457,126.42205323193917,73.29519196308183,20.0,14.285714285714285,17.5,2.7777777777777777,18.51851851851852,9.523809523809524,0.35,20.0,13.333333333333334,77.77777777777779,29.215358931552586,19.444444444444446,0.25,10.799999999999997,53.929121725731896,60.18983059289333,0.0,0.0,3.599999999999999
325183,1790,69616,"NEGRETE, A.","NEGRETE, ALEX",32,23.969791666666666,437.0,133.0,22.0,155.0,63.0,24.0,55.0,7.0,8.0,45.0,104.0,497.0,116.0,94.0,37.0,66.0,94.0,25.0,88.0,415.0,1575.0,724.0,718.0,0.0,0.0,218.11666666666662,219.11666666666662,35.55,398.36,2465.88,2465.56,46022.0,767.0333333333333,2700.0,6624.75,2516.0,2465.7200000000003,1429.0797336712042,27:02,True,INSTITUTO,REGATAS (C) vs INSTITUTO (011/10/2024 21:30),REGATAS (C),INSTITUTO,REGATAS (C),11/10/2024,22.789100864803792,6.935813306679415,1.1472773890747903,8.083090695754205,3.2853852505323546,1.2515753335361348,2.8681934726869756,0.365042805614706,0.4171917778453783,2.346703750380253,5.4234931119899175,25.918039198644127,6.049280778757986,4.902003389683195,1.9295119725348746,3.441832167224371,4.902003389683195,1.303724305766807,4.589109556299161,21.641823475729,82.13463126330886,37.75585589500673,37.4429620616227,11.374559993046802,11.426708965277474,1.8538959628004,20.774064577810613,128.5931076441702,128.57641997305637,2400.0,40.0,140.80222502281518,345.47390378514626,131.20681413237148,128.5847638086133,74.52503934663618,313.0,13.253012048192772,54.79233226837061,3.0386740331491713,18.52367688022284,10.748959778085991,0.3003194888178914,35.92233009708738,55.23809523809524,78.99159663865547,59.80402890299978,26.34920634920635,1.1454545454545455,388.4,109.69976905311778,59.13976347866572,0.0,0.0,12.1375
188967,88,69164,"NESCI, V.","NESCI, VALENTINO",1,3.7666666666666666,0.0,0.0,0.0,0.0,0.0,0.0,0.0,0.0,0.0,0.0,1.0,0.0,0.0,1.0,0.0,0.0,0.0,0.0,-5.0,1.0,8.0,6.0,3.0,0.0,0.0,3.5666666666666655,3.5666666666666655,0.16666666666666669,1.0,2139.84,2112.96,226.0,3.7666666666666666,2074.0,5424.983333333334,2188.0,2126.4,7.05743811984332,00:00,False,SAN LORENZO,OBRAS vs SAN LORENZO (027/11/2024 19:00),OBRAS,SAN LORENZO,OBRAS,27/11/2024,0.0,0.0,0.0,0.0,0.0,0.0,0.0,0.0,0.0,0.0,10.619469026548673,0.0,0.0,10.619469026548673,0.0,0.0,0.0,0.0,-53.097345132743364,10.619469026548673,84.95575221238938,63.716814159292035,31.858407079646017,37.87610619469025,37.87610619469025,1.769911504424779,10.619469026548673,22723.964601769912,22438.513274336285,2400.0,40.0,22024.77876106195,57610.44247787612,23235.398230088496,22581.2389380531,74.94624552046004,1.0,0.0,0.0,0.0,0.0,0.0,0.0,,0.0,,0.0,12.5,,-0.29999999999999993,0.0,0.34152446482195603,0.0,0.0,-0.29999999999999993
309704,2305,69510,"NIEBLES, E.","NIEBLES HERRERA, EDWIN JOSE",0,,0.0,0.0,0.0,0.0,0.0,0.0,0.0,0.0,0.0,0.0,0.0,0.0,0.0,0.0,0.0,0.0,0.0,0.0,0.0,0.0,0.0,0.0,0.0,0.0,0.0,0.0,0.0,0.0,0.0,150.48000000000002,147.92000000000002,0.0,0.0,169.0,400.0,151.0,149.2,0.0,00:00,False,OBERA,OBERA vs PLATENSE (028/11/2024 21:30),OBERA,PLATENSE,PLATENSE,28/11/2024,0.0,0.0,0.0,0.0,0.0,0.0,0.0,0.0,0.0,0.0,0.0,0.0,0.0,0.0,0.0,0.0,0.0,0.0,0.0,0.0,0.0,0.0,0.0,0.0,0.0,0.0,0.0,6019.200000000001,5916.800000000001,0.0,0.0,6760.0,16000.0,6040.0,5968.0,0.0,0.0,,,,,,,,,,,,,0.0,,,0.0,0.0,
326656,80,70071,"NOBLEGA, J.","NOBLEGA, JOAQUIN EXEQUIEL",12,21.375,50.0,16.0,4.0,20.0,28.0,11.0,4.0,2.0,0.0,26.0,14.0,46.0,9.0,19.0,9.0,29.0,5.0,1.0,-29.0,73.0,515.0,224.0,207.0,0.0,0.0,58.43333333333333,68.43333333333334,21.116666666666664,68.64,887.44,881.16,15390.0,256.5,1028.0,2449.9,1026.0,884.3,463.40044087766927,32:28,True,PLATENSE,PLATENSE vs PEÑAROL (MDP) (011/10/2024 22:05),PLATENSE,PEÑAROL (MDP),PEÑAROL (MDP),11/10/2024,7.797270955165692,2.4951267056530213,0.6237816764132553,3.1189083820662766,4.366471734892787,1.7153996101364521,0.6237816764132553,0.31189083820662766,0.0,4.05458089668616,2.1832358674463936,7.173489278752436,1.4035087719298245,2.962962962962963,1.4035087719298245,4.522417153996101,0.7797270955165692,0.15594541910331383,-4.522417153996101,11.38401559454191,80.31189083820664,34.9317738791423,32.280701754385966,9.112410656270304,10.671864847303445,3.29304743339831,10.704093567251462,138.39220272904484,137.41286549707604,2400.0,40.0,160.31189083820664,382.0506822612086,160.0,137.90253411306043,72.26517596532855,66.0,5.47945205479452,34.09090909090909,1.7857142857142856,7.729468599033816,4.640371229698376,0.07575757575757576,23.684210526315788,32.142857142857146,83.33333333333334,36.421911421911425,14.174757281553399,7.0,55.00000000000001,72.84382284382285,60.80090297548727,0.0,0.0,4.583333333333334
224531,1541,69636,"NOGUERA, N.","NOGUERA, NICOLAS EMANUEL",0,,0.0,0.0,0.0,0.0,0.0,0.0,0.0,0.0,0.0,0.0,0.0,0.0,0.0,0.0,0.0,0.0,0.0,0.0,0.0,0.0,0.0,0.0,0.0,0.0,0.0,0.0,0.0,0.0,0.0,611.88,616.84,0.0,0.0,661.0,1625.0,653.0,614.36,0.0,00:00,False,LA UNION FSA.,RIACHUELO (LR) vs LA UNION FSA. (013/11/2024 21:30),RIACHUELO (LR),LA UNION FSA.,RIACHUELO (LR),13/11/2024,0.0,0.0,0.0,0.0,0.0,0.0,0.0,0.0,0.0,0.0,0.0,0.0,0.0,0.0,0.0,0.0,0.0,0.0,0.0,0.0,0.0,0.0,0.0,0.0,0.0,0.0,0.0,24475.2,24673.600000000002,0.0,0.0,26440.0,65000.0,26120.0,24574.4,0.0,0.0,,,,,,,,,,,,,0.0,,,0.0,0.0,
326069,2025,69418,"OBENG, Y.","OBENG MENSAH, YAW",14,10.838095238095237,60.0,34.0,12.0,46.0,5.0,4.0,5.0,6.0,1.0,15.0,18.0,86.0,20.0,16.0,1.0,7.0,17.0,9.0,-14.0,62.0,323.0,149.0,146.0,0.0,0.0,42.78333333333333,42.78333333333333,1.0333333333333334,48.44,1308.28,1319.4,9104.0,151.73333333333332,1428.0,3400.0,1501.0,1313.84,296.5123423745598,09:25,False,INDEPENDIENTE (O),INDEPENDIENTE (O) vs QUIMSA (030/11/2024 20:30),INDEPENDIENTE (O),QUIMSA,QUIMSA,30/11/2024,15.817223198594025,8.963093145869948,3.163444639718805,12.126537785588754,1.318101933216169,1.054481546572935,1.318101933216169,1.5817223198594026,0.26362038664323373,3.9543057996485063,4.745166959578207,22.671353251318106,5.272407732864676,4.21792618629174,0.26362038664323373,1.8453427065026364,4.481546572934974,2.3725834797891037,-3.690685413005273,16.344463971880494,85.1493848857645,39.279437609841835,38.48857644991213,11.278558875219684,11.278558875219684,0.2724077328646749,12.769771528998245,344.88927943760984,347.8207381370827,2400.0000000000005,40.0,376.44991212653787,896.3093145869948,395.6942003514939,346.35500878734626,78.16669834127237,44.0,8.064516129032258,48.86363636363637,8.053691275167784,23.28767123287671,15.593220338983052,0.38636363636363635,12.5,55.55555555555556,65.38461538461539,54.112554112554115,19.195046439628484,1.0,62.5,123.86457473162676,25.783762128237132,0.0,0.0,4.464285714285714
209522,1498,70040,"OBERTO, J.","OBERTO, JUAN CRUZ MATEO",38,23.710526315789473,465.0,162.0,92.0,254.0,22.0,21.0,41.0,13.0,13.0,70.0,87.0,571.0,187.0,124.0,7.0,9.0,70.0,34.0,-80.0,415.0,1843.0,856.0,817.0,0.0,0.0,188.99999999999997,194.1,41.166666666666664,321.76,2761.4,2774.96,54060.0,901.0,2997.0,7649.933333333333,3058.0,2768.18,1632.3089179088834,25:13,True,ATENAS (C),ATENAS (C) vs ARGENTINO (J) (001/12/2024 20:30),ATENAS (C),ARGENTINO (J),ARGENTINO (J),01/12/2024,20.64372918978912,7.192008879023307,4.084350721420644,11.27635960044395,0.9766925638179801,0.932297447280799,1.8201997780244172,0.5771365149833518,0.5771365149833518,3.1076581576026636,3.8623751387347394,25.3496115427303,8.30188679245283,5.504994450610433,0.3107658157602664,0.39955604883462825,3.1076581576026636,1.5094339622641508,-3.551609322974473,18.423973362930077,81.82019977802442,38.00221975582686,36.2708102108768,8.390677025527191,8.617092119866815,1.8275989641139474,14.284572697003329,122.59267480577137,123.19467258601554,2400.0,40.0,133.05216426193118,339.6196818349981,135.76026637069924,122.89367369589344,72.46654463524455,327.0,9.879518072289157,60.39755351681957,10.74766355140187,19.828641370869033,15.182307232516438,0.21406727828746178,43.75,60.12861736334405,67.3076923076923,62.37257216439532,22.517634291915357,0.5365853658536586,442.79999999999995,144.5176529090005,65.14090480286698,0.0,0.0,11.652631578947368
328481,76,69063,"OPOKU, N.","OPOKU, NANA KWASI HYEAKURO",4,17.28333333333333,41.0,11.0,10.0,21.0,0.0,4.0,3.0,4.0,0.0,9.0,14.0,51.0,15.0,7.0,1.0,1.0,8.0,13.0,7.0,37.0,150.0,65.0,63.0,0.0,0.0,12.033333333333335,12.033333333333335,0.21666666666666667,26.24,304.6,301.72,4148.0,69.13333333333333,342.0,825.05,301.0,303.15999999999997,126.41290548089646,19:14,False,OBRAS,OBRAS vs SAN LORENZO (027/11/2024 19:00),OBRAS,SAN LORENZO,SAN LORENZO,27/11/2024,23.72227579556413,6.364513018322083,5.785920925747349,12.150433944069432,0.0,2.3143683702989395,1.7357762777242047,2.3143683702989395,0.0,5.207328833172614,8.100289296046288,29.508196721311478,8.678881388621024,4.050144648023144,0.5785920925747349,0.5785920925747349,4.628736740597879,7.521697203471554,4.050144648023144,21.40790742526519,86.78881388621024,37.60848601735776,36.451301832208294,6.962391513982644,6.962391513982644,0.12536162005785922,15.182256509161043,176.23915139826426,174.572806171649,2400.0000000000005,40.0,197.87849566055934,477.36740597878503,174.1562198649952,175.4059787849566,73.14150751064405,24.0,8.108108108108109,68.75,15.384615384615385,17.46031746031746,16.40625,0.3333333333333333,50.0,68.18181818181817,38.095238095238095,61.67268351383874,24.666666666666668,0.0,39.1,156.25,41.40224689211252,0.0,0.0,9.775
322972,1424,69990,"ORTEGA, I.","ORTEGA NAUMCHIK, IGNACIO",5,3.17,0.0,1.0,1.0,2.0,0.0,0.0,1.0,0.0,0.0,1.0,1.0,-1.0,0.0,2.0,0.0,0.0,0.0,0.0,-10.0,3.0,30.0,16.0,18.0,0.0,0.0,14.733333333333333,14.733333333333333,2.1333333333333333,2.0,1268.84,1262.52,951.0,15.85,1372.0,3400.0,1362.0,1265.68,28.91898767077353,00:00,False,REGATAS (C),LA UNION FSA. vs REGATAS (C) (010/11/2024 21:00),LA UNION FSA.,REGATAS (C),LA UNION FSA.,10/11/2024,0.0,2.5236593059936907,2.5236593059936907,5.047318611987381,0.0,0.0,2.5236593059936907,0.0,0.0,2.5236593059936907,2.5236593059936907,-2.5236593059936907,0.0,5.047318611987381,0.0,0.0,0.0,0.0,-25.236593059936908,7.5709779179810734,75.70977917981072,40.37854889589905,45.42586750788644,37.18191377497371,37.18191377497371,5.383806519453207,5.047318611987381,3202.1198738170347,3186.1703470031543,2400.0,40.0,3462.460567823344,8580.441640378549,3437.2239747634067,3194.1451104100947,72.98167235526444,2.0,33.33333333333333,0.0,6.25,5.555555555555555,5.88235294117647,0.0,,0.0,,0.0,10.0,0.0,-1.0,0.0,2.45875392255236,0.0,0.0,-0.2
326993,1541,69636,"OWENS, D.","OWENS, DEMARCO RASHAD",38,25.95438596491228,548.0,172.0,55.0,227.0,36.0,35.0,57.0,10.0,8.0,98.0,126.0,621.0,202.0,149.0,15.0,29.0,99.0,20.0,-63.0,499.0,2045.0,913.0,931.0,0.0,0.0,239.36666666666665,259.2833333333333,84.96666666666667,449.36,2941.76,2968.12,59176.0,986.2666666666667,3199.0,7699.816666666667,3286.0,2954.94,1891.5069147006043,27:12,True,LA UNION FSA.,LA UNION FSA. vs ZARATE BASKET (003/12/2024 21:30),LA UNION FSA.,ZARATE BASKET,ZARATE BASKET,03/12/2024,22.22522644315263,6.97580100040557,2.2306340408273626,9.206435041232933,1.4600513721779098,1.4194943896174126,2.3117480059483575,0.405569825604975,0.32445586048398,3.974584290928755,5.110179802622685,25.185886170068947,8.192510477220495,6.042990401514128,0.6083547384074626,1.1761524942544275,4.015141273489252,0.81113965120995,-2.5550899013113426,20.237934297688255,82.93902933621739,37.028525077734216,37.75855076382317,9.707989725564417,10.51574962822766,3.4459916182236046,18.224685683385157,119.30890901716913,120.37799107746383,2400.0,40.0,129.74178721103152,312.281330269028,133.27024469379478,119.8434500473165,76.71381295257284,395.0,11.422845691382765,56.835443037974684,6.024096385542169,18.474758324382385,12.310195227765727,0.25063291139240507,34.090909090909086,57.54985754985755,83.19327731092437,61.24821173104434,24.400977995110022,0.631578947368421,482.6,121.95121951219512,71.18472286624629,0.0,0.0,12.700000000000001
210721,2305,69510,"PALETTA, N.","PALETTA, NICOLAS OSCAR",4,19.225,12.0,11.0,1.0,12.0,16.0,3.0,8.0,0.0,2.0,8.0,3.0,18.0,2.0,8.0,2.0,2.0,2.0,0.0,36.0,23.0,153.0,53.0,79.0,0.0,0.0,8.399999999999999,8.399999999999999,0.0,21.88,308.96,301.32,4614.0,76.9,359.0,800.0166666666667,310.0,305.14,146.49853993556093,23:21,True,OBERA,OBERA vs RIACHUELO (LR) (001/12/2024 21:00),OBERA,RIACHUELO (LR),RIACHUELO (LR),01/12/2024,6.24187256176853,5.721716514954486,0.5201560468140441,6.24187256176853,8.322496749024706,1.5604681404421326,4.161248374512353,0.0,1.0403120936280883,4.161248374512353,1.5604681404421326,9.362808842652795,1.0403120936280883,4.161248374512353,1.0403120936280883,1.0403120936280883,1.0403120936280883,0.0,18.72561768530559,11.963589076723016,79.58387516254876,27.568270481144342,41.09232769830949,4.36931079323797,4.36931079323797,0.0,11.381014304291286,160.70741222366706,156.7334200260078,2399.9999999999995,40.0,186.73602080624187,416.13350671868227,161.24837451235368,158.72041612483744,76.20210139691075,14.0,34.78260869565217,35.714285714285715,1.8867924528301887,13.924050632911392,9.090909090909092,0.14285714285714285,50.0,20.0,100.0,40.32258064516129,15.032679738562091,2.0,14.8,54.84460694698355,48.78258107364869,0.0,0.0,3.7
40194,80,70071,"PAPPALARDI, G.","PAPPALARDI, GIOVANNI",4,2.966666666666667,4.0,2.0,1.0,3.0,0.0,0.0,0.0,0.0,0.0,1.0,0.0,4.0,2.0,2.0,0.0,0.0,0.0,0.0,-4.0,4.0,26.0,12.0,10.0,0.0,0.0,7.166666666666666,7.166666666666666,0.7,3.0,744.88,735.08,712.0,11.866666666666667,833.0,2000.0,833.0,739.98,21.27971516793066,01:58,False,PLATENSE,PLATENSE vs BOCA (014/05/2025 20:30),PLATENSE,BOCA,BOCA,14/05/2025,13.48314606741573,6.741573033707865,3.3707865168539324,10.112359550561798,0.0,0.0,0.0,0.0,0.0,3.3707865168539324,0.0,13.48314606741573,6.741573033707865,6.741573033707865,0.0,0.0,0.0,0.0,-13.48314606741573,13.48314606741573,87.64044943820224,40.449438202247194,33.70786516853932,24.157303370786515,24.157303370786515,2.3595505617977524,10.112359550561798,2510.8314606741574,2477.7977528089887,2400.0,40.0,2807.865168539326,6741.573033707865,2807.865168539326,2494.3146067415732,71.72937697055278,4.0,0.0,50.0,8.333333333333332,20.0,13.636363636363635,0.0,,50.0,,50.0,15.384615384615385,,3.6999999999999997,133.33333333333331,3.2373517651968866,0.0,0.0,0.9249999999999999
148526,2314,69185,"PASCOLATT, F.","PASCOLATT, FACUNDO",28,11.979761904761904,84.0,53.0,7.0,60.0,39.0,14.0,31.0,1.0,1.0,54.0,27.0,85.0,11.0,11.0,16.0,40.0,14.0,3.0,-95.0,117.0,688.0,301.0,314.0,0.0,0.0,93.51666666666667,93.51666666666667,3.3499999999999996,109.48,2203.84,2216.36,20126.0,335.43333333333334,2216.0,5810.833333333333,2506.0,2210.1,634.0922050844757,14:18,False,ZARATE BASKET,LA UNION FSA. vs ZARATE BASKET (003/12/2024 21:30),LA UNION FSA.,ZARATE BASKET,LA UNION FSA.,03/12/2024,10.016893570505815,6.3201828480572395,0.8347411308754844,7.1549239789327235,4.650700586306271,1.6694822617509688,3.6967107224485742,0.11924873298221206,0.11924873298221206,6.439431581039451,3.2197157905197256,10.136142303488025,1.3117360628043326,1.3117360628043326,1.907979727715393,4.769949319288482,1.6694822617509688,0.35774619894663623,-11.328629633310145,13.952101758918811,82.0431282917619,35.89386862764583,37.44410215641459,11.151744012719863,11.151744012719863,0.39948325549041036,13.055351286892577,262.80512769551825,264.29812183245554,2400.0,40.0,264.25519228858195,692.9345125708039,298.8373248534234,263.55162476398687,75.6146920502207,78.0,26.495726495726498,44.87179487179487,2.3255813953488373,16.878980891719745,9.75609756097561,0.1794871794871795,28.57142857142857,50.0,82.35294117647058,49.134300421151146,17.00581395348837,1.2580645161290323,69.60000000000002,76.72634271099744,32.53217622588912,0.0,0.0,2.4857142857142867
148490,2025,69418,"PAUTASSO, A.","PAUTASSO, AGUSTIN",36,23.711111111111112,259.0,99.0,34.0,133.0,66.0,37.0,26.0,11.0,1.0,94.0,55.0,277.0,55.0,47.0,42.0,101.0,23.0,15.0,-57.0,287.0,1826.0,816.0,785.0,0.0,0.0,148.54999999999998,148.54999999999998,30.83333333333333,253.72,2771.88,2787.04,51216.0,853.6,3062.0,7199.95,3188.0,2779.46,1644.5275700062127,25:31,True,INDEPENDIENTE (O),INDEPENDIENTE (O) vs QUIMSA (030/11/2024 20:30),INDEPENDIENTE (O),QUIMSA,QUIMSA,30/11/2024,12.136832239925024,4.639175257731958,1.593252108716026,6.232427366447984,3.0927835051546393,1.733833177132146,1.218369259606373,0.5154639175257731,0.04686035613870665,4.404873477038425,2.5773195876288657,12.980318650421744,2.5773195876288657,2.2024367385192125,1.9681349578256793,4.732895970009372,1.077788191190253,0.7029053420805997,-2.6710402999062794,13.44892221180881,85.56701030927834,38.238050609184626,36.78537956888472,6.961105904404873,6.961105904404873,1.4448609809434547,11.889409559512652,129.8912839737582,130.601686972821,2400.0,40.0,143.48641049671977,337.39222118088094,149.3908153701968,130.2464854732896,77.06314761041297,245.0,9.059233449477352,48.16326530612245,4.166666666666666,12.611464968152866,8.30730793254216,0.09387755102040816,29.37062937062937,53.92156862745098,60.526315789473685,49.48036069081461,15.717415115005476,2.5384615384615383,260.29999999999995,102.0810342109412,67.8643735788205,0.0,0.0,7.230555555555554
327000,1426,69281,"PAYTON, E.","PAYTON CLOTTEY, EMMANUEL TRAVON",13,19.02820512820513,70.0,15.0,5.0,20.0,11.0,9.0,18.0,1.0,8.0,11.0,10.0,12.0,19.0,41.0,8.0,30.0,8.0,1.0,-61.0,120.0,510.0,262.0,229.0,0.0,0.0,45.2,45.2,7.449999999999999,114.96000000000001,962.08,958.84,14842.0,247.36666666666667,921.0,2624.9666666666667,1004.0,960.46,453.0585277450522,15:25,False,SAN MARTIN (C),SAN MARTIN (C) vs GIMNASIA (CR) (004/12/2024 21:30),SAN MARTIN (C),GIMNASIA (CR),GIMNASIA (CR),04/12/2024,11.31922921439159,2.4255491173696266,0.8085163724565423,3.234065489826169,1.778736019404393,1.4553294704217759,2.9106589408435517,0.16170327449130845,1.2936261959304676,1.778736019404393,1.6170327449130846,1.9404392938957014,3.0723622153348606,6.629834254143646,1.2936261959304676,4.851098234739253,1.2936261959304676,0.16170327449130845,-9.863899743969816,19.404392938957013,82.46866999056732,42.366257916722816,37.030049858509635,7.308988007007143,7.308988007007143,1.2046893949602477,18.58940843552082,155.57148632259805,155.0475677132462,2400.0,40.0,148.9287158064951,424.46570543053497,162.35008758927367,155.3095270179221,73.26104747258626,98.0,15.0,31.632653061224488,1.9083969465648856,6.550218340611353,4.0733197556008145,0.08163265306122448,21.052631578947366,31.666666666666664,88.88888888888889,34.327187132208714,23.52941176470588,0.6111111111111112,43.20000000000001,60.89074460681976,49.30951063346247,0.0,0.0,3.3230769230769237
321588,1474,68570,"PAZ , E.","PAZ, EZEQUIEL",5,12.663333333333332,22.0,2.0,6.0,8.0,1.0,3.0,2.0,1.0,1.0,12.0,8.0,8.0,7.0,8.0,1.0,7.0,5.0,5.0,-40.0,30.0,144.0,74.0,45.0,0.0,0.0,9.18333333333333,9.18333333333333,5.033333333333334,23.4,372.28,366.15999999999997,3799.0,63.31666666666666,420.0,999.9666666666667,412.0,369.22,118.59424588368475,20:15,True,GIMNASIA (CR),GIMNASIA (CR) vs OBRAS (011/10/2024 21:00),GIMNASIA (CR),OBRAS,OBRAS,11/10/2024,13.898394314293236,1.263490392208476,3.7904711766254278,5.053961568833904,0.631745196104238,1.8952355883127139,1.263490392208476,0.631745196104238,0.631745196104238,7.5809423532508555,5.053961568833904,5.053961568833904,4.422216372729666,5.053961568833904,0.631745196104238,4.422216372729666,3.15872598052119,3.15872598052119,-25.26980784416952,18.95235588312714,90.97130823901027,46.74914451171361,28.42853382469071,5.80152671755725,5.80152671755725,3.179784153724665,14.782837588839168,235.1861016056857,231.31982100552776,2400.0000000000005,40.0,265.33298236377993,631.7241379310345,260.27902079494606,233.25296130560676,74.92134512262264,23.0,6.666666666666667,36.95652173913044,8.108108108108109,4.444444444444445,6.722689075630252,0.21739130434782608,12.5,46.666666666666664,50.0,40.14598540145985,20.833333333333336,0.5,15.500000000000004,94.01709401709402,35.844310375916685,0.0,0.0,3.1000000000000005
159031,1913,70011,"PERALTA, L.","PERALTA, LUCAS EDUARDO",3,2.772222222222222,11.0,0.0,0.0,0.0,0.0,0.0,0.0,0.0,0.0,1.0,0.0,8.0,1.0,1.0,3.0,1.0,0.0,0.0,4.0,6.0,18.0,5.0,7.0,0.0,0.0,1.6166666666666667,1.6166666666666667,0.23333333333333334,6.0,746.72,741.96,499.0,8.316666666666666,867.0,1999.8666666666666,877.0,744.34,16.06596220155778,00:00,False,UNION (SF),UNION (SF) vs ATENAS (C) (017/11/2024 20:30),UNION (SF),ATENAS (C),ATENAS (C),17/11/2024,52.90581162324649,0.0,0.0,0.0,0.0,0.0,0.0,0.0,0.0,4.809619238476954,0.0,38.476953907815634,4.809619238476954,4.809619238476954,14.428857715430862,4.809619238476954,0.0,0.0,19.238476953907817,28.857715430861724,86.57314629258516,24.048096192384772,33.66733466933868,7.775551102204409,7.775551102204409,1.122244488977956,28.857715430861724,3591.4388777555114,3568.5450901803606,2400.0,40.0,4169.9398797595195,9618.597194388778,4218.0360721442885,3579.991983967936,77.27116088925587,6.0,0.0,91.66666666666667,0.0,0.0,0.0,0.0,75.0,50.0,,91.66666666666666,33.33333333333333,,8.8,183.33333333333331,2.543127055043092,0.0,0.0,2.9333333333333336
182336,76,69063,"PEREZ, V.","PEREZ BARRIOS, VICTOR EMIR",0,,0.0,0.0,0.0,0.0,0.0,0.0,0.0,0.0,0.0,0.0,0.0,0.0,0.0,0.0,0.0,0.0,0.0,0.0,0.0,0.0,0.0,0.0,0.0,0.0,0.0,0.0,0.0,0.0,0.0,444.28,446.92,0.0,0.0,477.0,1225.0333333333333,477.0,445.6,0.0,00:00,False,OBRAS,PLATENSE vs OBRAS (026/03/2025 20:30),PLATENSE,OBRAS,PLATENSE,26/03/2025,0.0,0.0,0.0,0.0,0.0,0.0,0.0,0.0,0.0,0.0,0.0,0.0,0.0,0.0,0.0,0.0,0.0,0.0,0.0,0.0,0.0,0.0,0.0,0.0,0.0,0.0,0.0,17771.199999999997,17876.8,0.0,0.0,19080.0,49001.33333333333,19080.0,17824.0,0.0,0.0,,,,,,,,,,,,,0.0,,,0.0,0.0,
172004,88,69164,"PEREZ, L.","PEREZ BAZAN, LUCAS NAIM",16,33.045833333333334,226.0,48.0,2.0,50.0,103.0,12.0,56.0,2.0,5.0,34.0,62.0,219.0,34.0,60.0,40.0,74.0,38.0,7.0,50.0,284.0,1094.0,498.0,522.0,0.0,0.0,131.23333333333335,131.23333333333335,31.7,281.8,1250.48,1242.76,31724.0,528.7333333333333,1259.0,3225.0,1236.0,1246.62,1020.6642470339052,35:16,True,SAN LORENZO,OBRAS vs SAN LORENZO (027/11/2024 19:00),OBRAS,SAN LORENZO,OBRAS,27/11/2024,17.09746564115496,3.631320136174505,0.1513050056739377,3.7826251418484427,7.792207792207791,0.9078300340436263,4.236540158870255,0.1513050056739377,0.37826251418484425,2.572185096456941,4.690455175892069,16.567898121296178,2.572185096456941,4.539150170218131,3.026100113478754,5.598285209935695,2.874795107804817,0.5295675198587819,3.7826251418484427,21.485310805699154,82.76383810364393,37.674946412810485,39.49060648089774,9.92813012230488,9.92813012230488,2.3981843399319125,21.318875299457822,94.60194174757282,94.01790442567142,2400.0,40.0,95.2465010717438,243.97932164922454,93.5064935064935,94.3099230866221,77.21580484432519,208.0,19.718309859154928,45.19230769230769,0.4016064257028112,9.195402298850574,4.901960784313726,0.18269230769230768,35.08771929824561,36.17021276595745,84.44444444444444,49.60491659350307,25.95978062157221,1.8392857142857142,192.49999999999997,80.19872249822569,81.17781476949428,0.0,0.0,12.031249999999998
255093,1882,69822,"PEREZ, S.","PEREZ DOUTHAT, SANTIAGO",38,16.592543859649123,277.0,80.0,13.0,93.0,38.0,31.0,38.0,2.0,9.0,66.0,57.0,242.0,59.0,58.0,42.0,72.0,33.0,13.0,29.0,288.0,1304.0,584.0,606.0,0.0,0.0,215.4,215.4,11.48333333333333,276.24,2879.16,2904.52,37831.0,630.5166666666667,3067.0,7599.916666666667,3168.0,2891.84,1201.4825436337114,09:17,False,OLIMPICO (LB),OLIMPICO (LB) vs LA UNION FSA. (017/11/2024 22:00),OLIMPICO (LB),LA UNION FSA.,LA UNION FSA.,17/11/2024,17.572889957970975,5.075202875948297,0.8247204673415982,5.8999233432898945,2.4107213660754407,1.9666411144299647,2.4107213660754407,0.12688007189870742,0.5709603235441834,4.187042372657345,3.616082049113161,15.352488699743596,3.7429621210118684,3.6795220850625148,2.664481509872856,4.567682588353467,2.0935211863286725,0.8247204673415982,1.8397610425312574,18.270730353413867,82.72580687795724,37.048980994422564,38.44466178530835,13.664983743490788,13.664983743490788,0.7285030794850782,17.524675530649468,182.6540139039412,184.26285321561681,2400.0,40.0,194.5705902566678,482.1389865454257,200.97803388755253,183.45843355977902,76.22209576064358,231.0,13.194444444444445,52.81385281385281,2.2260273972602738,13.2013201320132,7.815126050420168,0.14285714285714285,36.84210526315789,50.427350427350426,71.73913043478261,55.12657220187867,22.085889570552148,1.0,230.20000000000005,100.27512308137851,45.51583002044049,0.0,0.0,6.0578947368421066
211628,1869,69992,"PEREZ, A.","PEREZ, AGUSTIN",37,23.370720720720723,415.0,75.0,16.0,91.0,81.0,25.0,35.0,3.0,7.0,76.0,85.0,373.0,94.0,86.0,52.0,106.0,71.0,17.0,193.0,409.0,1838.0,832.0,800.0,0.0,0.0,252.58333333333331,262.5833333333333,30.43333333333333,395.72,2847.64,2821.12,51883.0,864.7166666666667,3225.0,7450.05,2901.0,2834.38,1646.5547272795548,29:40,True,QUIMSA,INSTITUTO vs QUIMSA (002/12/2024 22:10),INSTITUTO,QUIMSA,INSTITUTO,02/12/2024,19.19703949270474,3.4693444866333865,0.7401268238151225,4.209471310448508,3.7468920455640573,1.156448162211129,1.6190274270955805,0.13877377946533545,0.3238054854191161,3.5156024131218317,3.931923751517838,17.25420658019004,4.348245089913845,3.9781816780062833,2.405412177399148,4.903340207775186,3.2843127806796057,0.7863847503035676,8.927779812269915,18.91949193377407,85.0220688857622,38.48659483838637,37.006341190756125,11.68398126553977,12.146560530424221,1.4077828961316807,18.30518667000752,131.72592178555595,130.49916157508238,2400.0,40.0,149.18181292523562,344.6238652352408,134.19424474297938,131.11254168031917,76.1662075336995,338.0,8.557457212713937,50.887573964497044,1.9230769230769231,9.375,5.575980392156863,0.21005917159763313,32.91139240506329,52.22222222222223,80.68181818181817,55.08069653854321,22.252448313384114,2.3142857142857145,358.90000000000003,104.87213181037096,59.458952568151844,0.0,0.0,9.700000000000001
272269,1541,69636,"PEREZ, M.","PEREZ, MATEO",29,14.847701149425287,180.0,28.0,15.0,43.0,28.0,16.0,22.0,2.0,9.0,49.0,41.0,137.0,58.0,39.0,14.0,46.0,22.0,8.0,-47.0,193.0,883.0,387.0,393.0,0.0,0.0,70.6,71.14999999999999,8.783333333333333,177.2,2444.72,2474.2,25835.0,430.5833333333333,2693.0,6474.85,2734.0,2459.46,816.9584787255436,18:46,False,LA UNION FSA.,LA UNION FSA. vs ZARATE BASKET (003/12/2024 21:30),LA UNION FSA.,ZARATE BASKET,ZARATE BASKET,03/12/2024,16.72150183859106,2.601122508225276,1.393458486549255,3.9945809947745308,2.601122508225276,1.486355718985872,2.043739113605574,0.185794464873234,0.836075091929553,4.551964389394233,3.8087865299012966,12.72692084381653,5.388039481323785,3.622992065028063,1.300561254112638,4.273272692084381,2.043739113605574,0.743177859492936,-4.366169924520999,17.92916586026708,82.0282562415328,35.95122895297078,36.50861234759048,6.55854461002516,6.6096380878652985,0.8159473582349526,16.46138958776853,227.1077220824463,229.84633249467777,2400.0,40.0,250.17224695180957,601.4956454422296,253.98103348171088,228.47702728856206,75.89318168923184,157.0,11.398963730569948,50.318471337579616,3.875968992248062,7.124681933842239,5.512820512820513,0.14012738853503184,23.333333333333332,59.79381443298969,73.33333333333333,52.87896592244419,21.857304643261607,1.2727272727272727,144.00000000000006,101.58013544018058,36.92619566700424,0.0,0.0,4.965517241379312
273363,76,69063,"PETRI, N.","PETRI, NICHOLAS",0,,0.0,0.0,0.0,0.0,0.0,0.0,0.0,0.0,0.0,0.0,0.0,0.0,0.0,0.0,0.0,0.0,0.0,0.0,0.0,0.0,0.0,0.0,0.0,0.0,0.0,0.0,0.0,0.0,0.0,70.92,77.92,0.0,0.0,98.0,200.0,73.0,74.42,0.0,00:00,False,OBRAS,OBRAS vs ZARATE BASKET (007/01/2025 20:00),OBRAS,ZARATE BASKET,ZARATE BASKET,07/01/2025,0.0,0.0,0.0,0.0,0.0,0.0,0.0,0.0,0.0,0.0,0.0,0.0,0.0,0.0,0.0,0.0,0.0,0.0,0.0,0.0,0.0,0.0,0.0,0.0,0.0,0.0,0.0,2836.8,3116.8,0.0,0.0,3920.0,8000.0,2920.0,2976.8,0.0,0.0,,,,,,,,,,,,,0.0,,,0.0,0.0,
273660,1869,69992,"PIKALUK, M.","PIKALUK, MATIAS",3,1.138888888888889,3.0,0.0,0.0,0.0,0.0,0.0,0.0,0.0,0.0,0.0,0.0,3.0,0.0,0.0,1.0,0.0,0.0,0.0,4.0,1.0,6.0,3.0,1.0,0.0,0.0,2.7666666666666666,2.7666666666666666,1.4000000000000001,1.0,1544.28,1521.64,205.0,3.416666666666667,1717.0,4025.0,1545.0,1532.96,6.357304271510304,00:00,False,QUIMSA,INSTITUTO vs QUIMSA (002/12/2024 22:10),INSTITUTO,QUIMSA,INSTITUTO,02/12/2024,35.12195121951219,0.0,0.0,0.0,0.0,0.0,0.0,0.0,0.0,0.0,0.0,35.12195121951219,0.0,0.0,11.707317073170731,0.0,0.0,0.0,46.829268292682926,11.707317073170731,70.24390243902438,35.12195121951219,11.707317073170731,32.390243902439025,32.390243902439025,16.390243902439025,11.707317073170731,18079.375609756094,17814.321951219514,2399.9999999999995,40.0,20101.463414634145,47121.95121951219,18087.804878048777,17946.848780487802,74.42697683719379,1.0,0.0,150.0,0.0,0.0,0.0,0.0,100.0,,,150.0,16.666666666666664,,2.7,300.0,0.41798771588740785,0.0,0.0,0.9
325397,2376,69996,"PINEDA, D.","PINEDA, DAMIAN",35,17.47285714285714,211.0,58.0,6.0,64.0,18.0,10.0,15.0,1.0,3.0,75.0,30.0,149.0,21.0,20.0,50.0,69.0,19.0,3.0,97.0,184.0,1227.0,565.0,571.0,0.0,0.0,201.71666666666664,201.71666666666664,23.03333333333333,178.68,2573.08,2572.64,36693.0,611.55,2850.0,6999.9,2737.0,2572.86,1124.6546148210678,20:16,False,PEÑAROL (MDP),PEÑAROL (MDP) vs SAN MARTIN (C) (027/11/2024 19:05),PEÑAROL (MDP),SAN MARTIN (C),SAN MARTIN (C),27/11/2024,13.800997465456629,3.7936391137274144,0.3924454255580084,4.186084539285423,1.1773362766740252,0.6540757092633473,0.9811135638950209,0.06540757092633473,0.1962227127790042,4.905567819475104,1.9622271277900418,9.745728068023874,1.3735589894530293,1.3081514185266947,3.2703785463167363,4.513122393917096,1.2427438476003598,0.1962227127790042,6.344534379854468,12.03499305044559,80.25508952661271,36.95527757337912,37.34772299893713,13.193797182023818,13.193797182023818,1.5065543836699096,11.68702477311749,168.29891259913336,168.2701332679258,2400.0000000000005,40.0,186.411577140054,457.8464557272505,179.02052162537814,168.28452293352956,73.56092648653865,160.0,8.152173913043478,60.0,1.0619469026548671,10.157618213660244,5.633802816901409,0.11875,42.016806722689076,51.21951219512195,86.36363636363636,62.17586044318717,14.995925020374898,1.2,161.7,118.08820237295723,46.500932287112924,0.0,0.0,4.62
324302,1869,69992,"PIZARRO, I.","PIZARRO, IGNACIO",0,,0.0,0.0,0.0,0.0,0.0,0.0,0.0,0.0,0.0,0.0,0.0,0.0,0.0,0.0,0.0,0.0,0.0,0.0,0.0,0.0,0.0,0.0,0.0,0.0,0.0,0.0,0.0,0.0,0.0,149.16,154.08,0.0,0.0,145.0,400.0,126.0,151.62,0.0,00:00,False,QUIMSA,SAN LORENZO vs QUIMSA (003/11/2024 19:10),SAN LORENZO,QUIMSA,SAN LORENZO,03/11/2024,0.0,0.0,0.0,0.0,0.0,0.0,0.0,0.0,0.0,0.0,0.0,0.0,0.0,0.0,0.0,0.0,0.0,0.0,0.0,0.0,0.0,0.0,0.0,0.0,0.0,0.0,0.0,5966.4,6163.200000000001,0.0,0.0,5800.0,16000.0,5040.0,6064.8,0.0,0.0,,,,,,,,,,,,,0.0,,,0.0,0.0,
324099,19,70600,"PIÑERO, F.","PIÑERO, FACUNDO",31,20.608064516129033,226.0,87.0,19.0,106.0,41.0,19.0,39.0,3.0,2.0,67.0,26.0,217.0,21.0,17.0,56.0,77.0,16.0,2.0,163.0,219.0,1293.0,524.0,631.0,0.0,0.0,167.86666666666665,177.38333333333333,37.333333333333336,198.92,2741.48,2766.84,38331.0,638.85,3008.0,7449.966666666667,2803.0,2754.16,1170.6411712379768,18:46,True,BOCA,BOCA vs ZARATE BASKET (012/10/2024 11:30),BOCA,ZARATE BASKET,ZARATE BASKET,12/10/2024,14.150426547702903,5.447288095797135,1.1896376301166158,6.636925725913752,2.5671127807779603,1.1896376301166158,2.4418877670814747,0.18783752054472883,0.12522501369648587,4.195037958832277,1.6279251780543165,13.586913986068716,1.3148626438131017,1.06441261642013,3.5063003835016042,4.821163027314706,1.001800109571887,0.12522501369648587,10.205838616263598,13.712138999765202,80.95797135477811,32.8089535884793,39.50849182124129,10.510552816258379,11.106415173097492,2.33753358900107,12.454879862252483,171.65093527432106,173.2387884479925,2400.0,40.0,188.33842059951476,466.4610889358483,175.50285669562496,172.44486186115677,73.29677835097294,171.0,17.80821917808219,61.40350877192982,3.6259541984732824,13.787638668779714,9.177489177489177,0.0935672514619883,42.10526315789473,55.26315789473685,88.88888888888889,63.15671808629556,16.937354988399072,1.0512820512820513,197.3,113.61351297003822,43.25912834680806,0.0,0.0,6.364516129032259
326167,2314,69185,"PIÑERO, P.","PIÑERO, PATRICIO",36,22.992592592592594,304.0,82.0,12.0,94.0,25.0,31.0,24.0,1.0,8.0,98.0,53.0,232.0,40.0,23.0,62.0,109.0,38.0,14.0,-256.0,277.0,1672.0,792.0,725.0,0.0,0.0,199.03333333333333,199.03333333333333,25.48333333333333,268.88,2742.28,2752.48,49664.0,827.7333333333333,2723.0,7210.866666666667,3077.0,2747.38,1572.8854316342192,27:21,True,ZARATE BASKET,BOCA vs ZARATE BASKET (012/10/2024 11:30),BOCA,ZARATE BASKET,BOCA,12/10/2024,14.690721649484535,3.962628865979381,0.5798969072164949,4.542525773195877,1.2081185567010309,1.4980670103092784,1.1597938144329898,0.04832474226804124,0.3865979381443299,4.735824742268041,2.561211340206185,11.211340206185568,1.9329896907216495,1.1114690721649483,2.9961340206185567,5.2673969072164954,1.836340206185567,0.6765463917525772,-12.371134020618557,13.385953608247423,80.79896907216495,38.27319587628865,35.035438144329895,9.618234536082474,9.618234536082474,1.2314755154639174,12.99355670103093,132.51997422680412,133.01288659793815,2400.0,40.0,131.58827319587627,348.4632731958763,148.6952319587629,132.76643041237114,76.00928310088044,234.0,8.664259927797833,56.837606837606835,1.5151515151515151,11.310344827586206,6.1964403427818056,0.1623931623931624,36.25730994152047,63.49206349206349,73.07692307692307,59.171597633136095,16.566985645933013,1.0416666666666667,247.20000000000005,113.0615888128533,64.11927718348383,0.0,0.0,6.866666666666668
323775,1932,69789,"PODESTA, F.","PODESTA, FERNANDO ARIEL",33,24.03030303030303,328.0,85.0,31.0,116.0,24.0,6.0,27.0,5.0,9.0,66.0,82.0,266.0,102.0,110.0,24.0,52.0,52.0,31.0,-258.0,352.0,1568.0,749.0,700.0,0.0,0.0,138.8,143.8,26.466666666666665,320.52,2522.32,2518.72,47580.0,793.0,2433.0,6825.016666666666,2888.0,2520.52,1458.6213940564592,32:59,True,ARGENTINO (J),ARGENTINO (J) vs BOCA (005/12/2024 21:00),ARGENTINO (J),BOCA,BOCA,05/12/2024,16.544766708701136,4.287515762925599,1.5636822194199242,5.851197982345523,1.210592686002522,0.3026481715006305,1.3619167717528375,0.25220680958385877,0.4539722572509458,3.329129886506936,4.136191677175284,13.417402269861288,5.145018915510718,5.548549810844893,1.210592686002522,2.6229508196721314,2.6229508196721314,1.5636822194199242,-13.013871374527113,17.755359394703657,79.09205548549811,37.780580075662044,35.30895334174023,7.0012610340479196,7.253467843631779,1.3350147120638922,16.167465321563682,127.22925598991174,127.04766708701135,2400.0,40.0,122.72383354350568,344.2631357713325,145.67465321563682,127.13846153846154,73.574849637148,288.0,7.670454545454546,47.916666666666664,4.138851802403204,12.142857142857142,8.005521048999311,0.18055555555555555,31.57894736842105,48.113207547169814,62.65060240963856,50.53617650684088,22.448979591836736,0.8888888888888888,249.3,102.33370772494696,66.30704805954915,0.0,0.0,7.554545454545455
271232,1790,69616,"POMOLI, N.","POMOLI LARRABURU, NICOLA",37,22.204954954954957,467.0,151.0,45.0,196.0,97.0,62.0,65.0,7.0,15.0,115.0,157.0,531.0,104.0,91.0,54.0,104.0,97.0,65.0,275.0,489.0,1744.0,772.0,784.0,0.0,0.0,151.0333333333333,151.0333333333333,35.68333333333333,444.28000000000003,2776.36,2782.68,49295.0,821.5833333333334,3053.0,7424.766666666666,2790.0,2779.52,1537.2411693170957,20:56,True,INSTITUTO,INSTITUTO vs QUIMSA (002/12/2024 22:10),INSTITUTO,QUIMSA,QUIMSA,02/12/2024,22.736585860634953,7.351658383203165,2.190891571153261,9.542549954356424,4.722588497819251,3.0185617202556037,3.164621158332488,0.34080535551272945,0.7302971903844203,5.598945126280555,7.643777259356932,25.852520539608477,5.063393853331981,4.430469621665483,2.6290698853839127,5.063393853331981,4.722588497819251,3.164621158332488,13.388781823714373,23.807688406532105,84.90922000202859,37.58596206511817,38.1701998174257,7.353281265848461,7.353281265848461,1.7372958717922706,21.630429049599353,135.17119383304595,135.47889238259455,2400.0,40.0,148.639821482909,361.48574906177095,135.83527741150218,135.32504310782025,74.8428604597024,353.0,13.29243353783231,52.40793201133145,5.829015544041451,19.260204081632654,12.596401028277635,0.2747875354107649,34.177215189873415,53.333333333333336,59.876543209876544,55.03441123786179,28.038990825688074,1.4923076923076923,435.70000000000005,105.11389214009183,55.51459359541698,0.0,0.0,11.775675675675677
325268,1903,69941,"PRIDDY, N.","PRIDDY, NATHAN WAYNE",20,27.395833333333332,207.0,33.0,9.0,42.0,23.0,24.0,21.0,3.0,1.0,46.0,18.0,146.0,18.0,21.0,51.0,81.0,18.0,1.0,108.0,198.0,1127.0,500.0,554.0,0.0,0.0,117.15,117.15,17.883333333333333,191.36,1482.04,1476.56,32875.0,547.9166666666666,1659.0,4000.0833333333335,1519.0,1479.3,1014.2886364239076,35:54,True,RIACHUELO (LR),UNION (SF) vs RIACHUELO (LR) (003/12/2024 21:00),UNION (SF),RIACHUELO (LR),UNION (SF),03/12/2024,15.111787072243349,2.409125475285171,0.6570342205323194,3.0661596958174906,1.679087452471483,1.752091254752852,1.5330798479087453,0.2190114068441065,0.07300380228136882,3.358174904942966,1.3140684410646388,10.658555133079847,1.3140684410646388,1.5330798479087453,3.72319391634981,5.913307984790875,1.3140684410646388,0.07300380228136882,7.884410646387833,14.454752851711028,82.27528517110267,36.50190114068441,40.44410646387833,8.552395437262359,8.552395437262359,1.3055513307984792,13.97000760456274,108.19455513307986,107.79449429657795,2400.0000000000005,40.0,121.11330798479088,292.0212927756654,110.89277566539926,107.99452471482891,74.04692706973015,171.0,10.606060606060606,55.26315789473684,1.7999999999999998,5.956678700361011,3.984819734345351,0.10526315789473684,38.63636363636363,46.15384615384615,94.73684210526315,57.705173951828726,17.56876663708962,1.0952380952380953,174.29999999999998,108.17307692307692,70.40577918501596,0.0,0.0,8.715
225063,19,70600,"PROME, T.","PROME, TIZIANO URIEL SEBASTIAN",5,5.159999999999999,6.0,2.0,1.0,3.0,0.0,1.0,3.0,1.0,2.0,2.0,0.0,-5.0,3.0,3.0,0.0,6.0,0.0,0.0,-10.0,15.0,62.0,25.0,28.0,0.0,0.0,17.43333333333333,17.43333333333333,0.8999999999999999,14.0,1270.36,1273.6399999999999,1548.0,25.799999999999997,1378.0,3449.95,1276.0,1272.0,47.55898592702303,09:29,False,BOCA,BOCA vs ZARATE BASKET (012/10/2024 11:30),BOCA,ZARATE BASKET,ZARATE BASKET,12/10/2024,9.30232558139535,3.1007751937984502,1.5503875968992251,4.651162790697675,0.0,1.5503875968992251,4.651162790697675,1.5503875968992251,3.1007751937984502,3.1007751937984502,0.0,-7.7519379844961245,4.651162790697675,4.651162790697675,0.0,9.30232558139535,0.0,0.0,-15.503875968992249,23.255813953488374,96.12403100775195,38.759689922480625,43.4108527131783,27.028423772609816,27.028423772609816,1.3953488372093024,21.70542635658915,1969.5503875968993,1974.6356589147288,2400.0000000000005,40.0,2136.434108527132,5348.759689922481,1978.294573643411,1972.093023255814,73.7348619023613,12.0,20.0,25.0,4.0,7.142857142857142,5.660377358490567,0.0,0.0,50.0,,25.0,24.193548387096776,0.0,1.6000000000000032,42.857142857142854,3.750677813940798,0.0,0.0,0.3200000000000006
75177,88,69164,"PUCCIO, M.","PUCCIO, MATEO EZEQUIEL",1,1.8833333333333333,0.0,0.0,0.0,0.0,0.0,0.0,1.0,0.0,0.0,0.0,0.0,-2.0,0.0,0.0,0.0,1.0,0.0,0.0,-3.0,2.0,4.0,2.0,2.0,0.0,0.0,1.6666666666666667,1.6666666666666667,0.0,2.0,1582.6399999999999,1550.72,113.0,1.8833333333333333,1593.0,3999.8333333333335,1557.0,1566.68,3.602175181265105,00:00,False,SAN LORENZO,UNION (SF) vs SAN LORENZO (008/10/2024 21:30),UNION (SF),SAN LORENZO,UNION (SF),08/10/2024,0.0,0.0,0.0,0.0,0.0,0.0,21.238938053097346,0.0,0.0,0.0,0.0,-42.47787610619469,0.0,0.0,0.0,21.238938053097346,0.0,0.0,-63.716814159292035,42.47787610619469,84.95575221238938,42.47787610619469,42.47787610619469,35.39823008849558,35.39823008849558,0.0,42.47787610619469,33613.59292035398,32935.64601769912,2400.0,40.0,33833.62831858407,84952.21238938053,33069.02654867257,33274.619469026555,76.50637553129427,1.0,50.0,0.0,0.0,0.0,0.0,0.0,0.0,,,0.0,50.0,0.0,-1.2999999999999998,0.0,0.22852720924662367,0.0,0.0,-1.2999999999999998
218490,2305,69510,"QUIROGA, N.","QUIROGA, NICOLAS ALEJO",31,9.196236559139784,76.0,22.0,14.0,36.0,13.0,8.0,14.0,1.0,9.0,27.0,11.0,39.0,25.0,18.0,7.0,32.0,5.0,6.0,3.0,101.0,603.0,285.0,290.0,0.0,0.0,80.7,80.7,12.45,86.84,2698.0,2698.52,17105.0,285.0833333333333,2961.0,7199.6,2799.0,2698.26,532.7763428776803,05:48,False,OBERA,OBERA vs ATENAS (C) (015/11/2024 21:00),OBERA,ATENAS (C),ATENAS (C),15/11/2024,10.663548669979539,3.086816720257235,1.9643379128909677,5.051154633148203,1.8240280619701843,1.1224788073662673,1.9643379128909677,0.1403098509207834,1.2627886582870507,3.788365974861152,1.5434083601286175,5.472084185910553,3.507746273019585,2.5255773165741013,0.9821689564454839,4.489915229465069,0.701549254603917,0.8418591055247004,0.4209295527623502,14.171294942999124,84.6068401052324,39.98830751242327,40.68985676702718,11.323004969307222,11.323004969307222,1.7468576439637533,12.184507453960832,378.5559777842736,378.62893890675247,2400.0000000000005,40.0,415.4574685764397,1010.1748026892723,392.72727272727275,378.5924583455131,74.75376924328751,82.0,13.861386138613863,43.292682926829265,4.912280701754386,7.586206896551724,6.260869565217392,0.06097560975609756,17.94871794871795,58.139534883720934,45.45454545454545,43.758636573007834,16.749585406301822,0.9285714285714286,58.400000000000006,87.51727314601567,20.482371757019383,0.0,0.0,1.8838709677419356
276149,1426,69281,"RAMALLO, G.","RAMALLO, GERONIMO GASTON",16,2.4458333333333333,6.0,3.0,4.0,7.0,1.0,0.0,1.0,1.0,0.0,1.0,2.0,8.0,2.0,2.0,0.0,5.0,2.0,0.0,-24.0,11.0,77.0,40.0,44.0,0.0,0.0,6.05,6.05,0.9333333333333333,9.879999999999999,1913.6,1905.32,2348.0,39.13333333333333,1903.0,5249.9,1889.0,1909.46,70.76744785911201,00:00,False,SAN MARTIN (C),SAN MARTIN (C) vs GIMNASIA (CR) (004/12/2024 21:30),SAN MARTIN (C),GIMNASIA (CR),GIMNASIA (CR),04/12/2024,6.132879045996593,3.0664395229982966,4.088586030664395,7.155025553662692,1.0221465076660987,0.0,1.0221465076660987,1.0221465076660987,0.0,1.0221465076660987,2.0442930153321974,8.17717206132879,2.0442930153321974,2.0442930153321974,0.0,5.110732538330494,2.0442930153321974,0.0,-24.531516183986373,11.243611584327088,78.70528109028962,40.88586030664395,44.97444633730835,6.183986371379898,6.183986371379898,0.9540034071550256,10.098807495741056,1955.9795570698466,1947.5161839863713,2400.0,40.0,1945.1448040885862,5366.166950596252,1930.8347529812609,1951.747870528109,72.33469968563409,9.0,9.090909090909092,22.22222222222222,10.0,6.8181818181818175,8.333333333333332,0.2222222222222222,0.0,50.0,100.0,30.364372469635626,14.285714285714285,1.0,7.0,60.72874493927126,3.666455370511947,0.0,0.0,0.4375
219574,2305,69510,"RAMIREZ, K.","RAMIREZ ALCANTARA, KELVIN LEANDRO",38,11.593859649122807,149.0,86.0,26.0,112.0,18.0,16.0,21.0,14.0,5.0,62.0,39.0,221.0,59.0,24.0,0.0,4.0,31.0,11.0,-19.0,124.0,896.0,398.0,457.0,0.0,0.0,123.31666666666666,123.31666666666666,0.45,101.16,2851.32,2848.88,26434.0,440.56666666666666,3137.0,7599.616666666667,2956.0,2850.1,829.7027445555636,13:44,False,OBERA,OBERA vs RIACHUELO (LR) (001/12/2024 21:00),OBERA,RIACHUELO (LR),RIACHUELO (LR),01/12/2024,13.528032079897104,7.808125898464099,2.360596201861239,10.168722100325338,1.634258908980858,1.4526745857607626,1.9066353938110008,1.2710902625406673,0.4539608080502383,5.629114019822955,3.540894302791859,20.065067715820533,5.356737534992813,2.179011878641144,0.0,0.36316864644019065,2.8145570099114776,0.9987137777105243,-1.7250510705909057,11.25822803964591,81.3497768026027,36.13528032079897,41.49201785579179,11.196186729212378,11.196186729212378,0.040856472724521455,9.184535068472421,258.8775062419611,258.6559733676326,2400.0,40.0,284.8150109707195,689.9856245744118,268.3816297193009,258.7667398047968,75.33050567198883,87.0,16.93548387096774,67.816091954023,6.532663316582915,18.818380743982495,13.099415204678364,0.3563218390804598,0.0,71.08433734939759,73.80952380952381,70.62950322335988,13.839285714285715,0.8571428571428571,155.1,147.29141953341244,30.193039814751646,0.0,0.0,4.0815789473684205
209311,1424,69990,"RAMIREZ, C.","RAMIREZ BARRIOS, CLAUDIO FABIAN",29,26.282183908045976,357.0,150.0,22.0,172.0,55.0,18.0,42.0,5.0,3.0,37.0,65.0,413.0,63.0,51.0,58.0,108.0,57.0,18.0,-16.0,351.0,1525.0,679.0,716.0,0.0,0.0,150.49999999999997,150.49999999999997,26.566666666666663,333.0,2114.44,2114.0,45731.0,762.1833333333333,2309.0,5800.033333333334,2253.0,2114.22,1392.2298613613432,24:15,True,REGATAS (C),REGATAS (C) vs GIMNASIA (CR) (002/12/2024 21:30),REGATAS (C),GIMNASIA (CR),GIMNASIA (CR),02/12/2024,18.7356497780499,7.872121755483152,1.1545778574708623,9.026699612954015,2.8864446436771556,0.9446546106579783,2.2041940915352827,0.26240405851610504,0.15744243510966305,1.9417900330191775,3.411252760709366,21.67457523343028,3.306291137302924,2.6765213968642714,3.0438870787868186,5.66792766394787,2.991406267083598,0.9446546106579783,-0.8396929872515362,18.420764907830577,80.03323784741205,35.63447114648707,37.57626117950625,7.898362161334761,7.898362161334761,1.3942402309155713,17.476110297172596,110.96752749775865,110.94443594060921,2400.0000000000005,40.0,121.17819422273732,304.390457239072,118.23926876735695,110.95598171918391,73.06535320170615,280.0,11.965811965811966,53.57142857142857,3.2400589101620034,20.949720670391063,12.329749103942653,0.20357142857142857,34.93975903614458,55.26315789473685,76.0,57.02875399361022,23.016393442622952,1.3095238095238095,329.4,107.2072072072072,70.17328173598074,0.0,0.0,11.358620689655172
272172,1541,69636,"RATTERO, R.","RATTERO, RAMIRO",5,5.903333333333334,0.0,4.0,0.0,4.0,1.0,0.0,3.0,0.0,0.0,2.0,2.0,1.0,0.0,0.0,0.0,1.0,0.0,0.0,-5.0,4.0,64.0,24.0,32.0,0.0,0.0,6.316666666666665,6.316666666666665,0.4666666666666667,4.0,962.8,972.4,1771.0,29.51666666666667,1006.0,2449.95,1053.0,967.5999999999999,58.785456918085735,00:00,False,LA UNION FSA.,LA UNION FSA. vs ZARATE BASKET (003/12/2024 21:30),LA UNION FSA.,ZARATE BASKET,ZARATE BASKET,03/12/2024,0.0,5.420666290231507,0.0,5.420666290231507,1.3551665725578768,0.0,4.06549971767363,0.0,0.0,2.7103331451157535,2.7103331451157535,1.3551665725578768,0.0,0.0,0.0,1.3551665725578768,0.0,0.0,-6.775832862789384,5.420666290231507,86.73066064370411,32.52399774138904,43.365330321852056,8.560135516657253,8.560135516657253,0.6324110671936758,5.420666290231507,1304.7543760587237,1317.7639751552795,2399.9999999999995,40.0,1363.2975719932242,3320.0903444381697,1426.9904009034442,1311.2591756070015,79.66408616793098,1.0,75.0,0.0,0.0,12.5,7.142857142857142,0.0,0.0,,,0.0,6.25,0.3333333333333333,-2.2,0.0,6.611762387506339,0.0,0.0,-0.44000000000000006
322836,1426,69281,"REARTE, M.","REARTE, MATEO",10,2.046666666666667,10.0,0.0,1.0,1.0,1.0,0.0,2.0,0.0,1.0,3.0,2.0,3.0,1.0,2.0,2.0,2.0,2.0,1.0,-11.0,10.0,44.0,18.0,10.0,0.0,0.0,14.416666666666666,14.416666666666666,1.5666666666666667,9.32,2647.28,2622.28,1228.0,20.46666666666667,2681.0,7274.916666666667,2635.0,2634.78,36.188892296789646,00:00,False,SAN MARTIN (C),SAN MARTIN (C) vs GIMNASIA (CR) (004/12/2024 21:30),SAN MARTIN (C),GIMNASIA (CR),GIMNASIA (CR),04/12/2024,19.543973941368076,0.0,1.9543973941368076,1.9543973941368076,1.9543973941368076,0.0,3.908794788273615,0.0,1.9543973941368076,5.8631921824104225,3.908794788273615,5.8631921824104225,1.9543973941368076,3.908794788273615,3.908794788273615,3.908794788273615,3.908794788273615,1.9543973941368076,-21.49837133550488,19.543973941368076,85.99348534201953,35.179153094462535,19.543973941368076,28.17589576547231,28.17589576547231,3.061889250814332,18.21498371335505,5173.837133550488,5124.977198697069,2399.9999999999995,40.0,5239.739413680782,14218.078175895764,5149.837133550489,5149.407166123779,70.72747680154328,7.0,20.0,57.142857142857146,5.555555555555555,0.0,3.571428571428571,0.2857142857142857,50.0,33.33333333333333,66.66666666666666,60.09615384615385,22.727272727272727,0.5,5.7,107.29613733905579,1.3736527766268334,0.0,0.0,0.5700000000000001
326668,1424,69990,"REESE, J.","REESE V, JAMES LANARD",14,22.28095238095238,170.0,21.0,4.0,25.0,30.0,10.0,19.0,2.0,3.0,34.0,24.0,125.0,41.0,40.0,24.0,35.0,16.0,5.0,15.0,168.0,639.0,288.0,302.0,0.0,0.0,53.883333333333326,53.883333333333326,6.199999999999999,164.24,1023.64,1031.76,18716.0,311.93333333333334,1122.0,2800.0666666666666,1111.0,1027.7,574.9237646717112,27:59,True,REGATAS (C),REGATAS (C) vs INSTITUTO (011/10/2024 21:30),REGATAS (C),INSTITUTO,INSTITUTO,11/10/2024,21.799529814062836,2.6928830946783497,0.5129301132720666,3.2058132079504165,3.8469758495404998,1.2823252831801668,2.4364180380423166,0.2564650566360333,0.38469758495405004,4.359905962812567,3.0775806796324003,16.029066039752085,5.257533661038684,5.129301132720667,3.0775806796324003,4.4881384911305835,2.0517204530882664,0.6411626415900834,1.9234879247702499,21.543064757426798,81.94058559521265,36.9309681555888,38.726223552041034,6.909596067535797,6.909596067535797,0.7950416755717032,21.06091045095106,131.2639452874546,132.30519341739688,2400.0,40.0,143.8768967728147,359.0596281256678,142.46633896131652,131.78456935242573,73.72392793396595,140.0,11.30952380952381,55.0,1.3888888888888888,6.95364238410596,4.23728813559322,0.11428571428571428,40.67796610169492,50.617283950617285,76.19047619047619,56.955239882069144,26.291079812206576,1.5789473684210527,134.90000000000003,103.50706283487578,60.47813424746453,0.0,0.0,9.635714285714288
322598,2305,69510,"REIZNER, T.","REIZNER, TOBIAS",3,1.611111111111111,2.0,0.0,0.0,0.0,0.0,0.0,0.0,0.0,0.0,0.0,0.0,2.0,1.0,0.0,0.0,0.0,0.0,0.0,-4.0,1.0,9.0,6.0,2.0,0.0,0.0,4.2333333333333325,4.2333333333333325,0.0,1.0,1194.76,1173.28,290.0,4.833333333333333,1330.0,3199.6833333333334,1263.0,1184.02,9.167291853688074,00:00,False,OBERA,OBERA vs RIACHUELO (LR) (001/12/2024 21:00),OBERA,RIACHUELO (LR),RIACHUELO (LR),01/12/2024,16.551724137931036,0.0,0.0,0.0,0.0,0.0,0.0,0.0,0.0,0.0,0.0,16.551724137931036,8.275862068965518,0.0,0.0,0.0,0.0,0.0,-33.10344827586207,8.275862068965518,74.48275862068967,49.6551724137931,16.551724137931036,35.03448275862068,35.03448275862068,0.0,8.275862068965518,9887.668965517243,9709.903448275862,2400.0000000000005,40.0,11006.89655172414,26480.137931034482,10452.41379310345,9798.786206896551,75.86724292707372,1.0,0.0,100.0,0.0,0.0,0.0,0.0,,100.0,,100.0,11.11111111111111,,1.7,200.0,0.8259658026380889,0.0,0.0,0.5666666666666667
77081,76,69063,"RESPAUD, J.","RESPAUD, JUAN IGNACIO",15,4.677777777777777,31.0,9.0,2.0,11.0,4.0,3.0,3.0,0.0,0.0,7.0,5.0,29.0,3.0,3.0,8.0,10.0,1.0,2.0,-24.0,28.0,134.0,71.0,64.0,0.0,0.0,20.716666666666665,20.716666666666665,3.6,26.32,2092.72,2101.76,4210.0,70.16666666666666,2283.0,5675.133333333333,2234.0,2097.2400000000002,127.92917532837978,01:46,False,OBRAS,OBRAS vs SAN LORENZO (027/11/2024 19:00),OBRAS,SAN LORENZO,SAN LORENZO,27/11/2024,17.672209026128268,5.130641330166271,1.140142517814727,6.270783847980999,2.280285035629454,1.7102137767220904,1.7102137767220904,0.0,0.0,3.9904988123515444,2.8503562945368177,16.53206650831354,1.7102137767220904,1.7102137767220904,4.560570071258908,5.700712589073635,0.5700712589073635,1.140142517814727,-13.681710213776723,15.961995249406177,76.38954869358672,40.475059382422806,36.48456057007127,11.80997624703088,11.80997624703088,2.052256532066509,15.004275534441806,1192.9995249406174,1198.1529691211404,2400.0000000000005,40.0,1301.472684085511,3235.230403800475,1273.53919239905,1195.5762470308791,72.92874603043029,24.0,10.714285714285714,62.5,2.8169014084507045,14.0625,8.148148148148149,0.041666666666666664,44.44444444444444,50.0,33.33333333333333,61.216429699842024,20.8955223880597,1.3333333333333333,27.099999999999998,117.78115501519757,6.497683030285771,0.0,0.0,1.8066666666666664
367186,1498,70040,"RIVATA, L.","RIVATA, LAUTARO TUPAC",3,14.933333333333332,17.0,6.0,0.0,6.0,3.0,1.0,1.0,2.0,0.0,3.0,3.0,23.0,0.0,0.0,5.0,5.0,2.0,0.0,-9.0,12.0,84.0,33.0,42.0,0.0,0.0,16.9,16.9,3.2,11.879999999999999,215.72,219.32,2688.0,44.8,243.0,599.9833333333333,240.0,217.51999999999998,80.80658827124482,19:08,False,ATENAS (C),ATENAS (C) vs OBERA (017/05/2025 11:30),ATENAS (C),OBERA,OBERA,17/05/2025,15.17857142857143,5.357142857142857,0.0,5.357142857142857,2.6785714285714284,0.8928571428571429,0.8928571428571429,1.7857142857142858,0.0,2.6785714285714284,2.6785714285714284,20.53571428571429,0.0,0.0,4.464285714285714,4.464285714285714,1.7857142857142858,0.0,-8.035714285714286,10.714285714285714,75.00000000000001,29.464285714285715,37.50000000000001,15.089285714285714,15.089285714285714,2.8571428571428577,10.607142857142858,192.60714285714286,195.82142857142858,2400.0000000000005,40.0,216.96428571428572,535.6994047619048,214.2857142857143,194.21428571428572,72.14873952789716,10.0,8.333333333333332,75.0,0.0,14.285714285714285,8.0,0.2,50.0,,100.0,78.12499999999999,14.285714285714285,3.0,18.099999999999998,143.0976430976431,40.99108026561381,0.0,0.0,6.033333333333332
319448,1474,68570,"RIVERO, C.","RIVERO, CARLOS EZEQUIEL",38,11.491666666666667,154.0,60.0,29.0,89.0,12.0,20.0,15.0,8.0,5.0,77.0,46.0,164.0,61.0,40.0,1.0,3.0,29.0,25.0,120.0,141.0,889.0,398.0,359.0,0.0,0.0,103.98333333333333,103.98333333333333,5.283333333333331,115.76,2783.56,2770.04,26201.0,436.68333333333334,3141.0,7600.05,2985.0,2776.8,802.7214288587419,06:11,False,GIMNASIA (CR),SAN MARTIN (C) vs GIMNASIA (CR) (004/12/2024 21:30),SAN MARTIN (C),GIMNASIA (CR),SAN MARTIN (C),04/12/2024,14.106331819396205,5.495973436128391,2.656387160795389,8.152360596923781,1.0991946872256784,1.8319911453761306,1.3739933590320978,0.7327964581504522,0.45799778634403265,7.0531659096981025,4.2135796343651,15.022327392084271,5.587572993397199,3.6639822907522612,0.09159955726880653,0.2747986718064196,2.656387160795389,2.2899889317201634,10.991946872256783,12.915537574901721,81.432006411969,36.456623792985,32.88424105950155,9.524827296668066,9.524827296668066,0.48395099423686105,10.603564749437044,254.9728636311591,253.73443761688486,2400.0,40.0,287.7142093813213,696.1612152207931,273.42467844738746,254.35365062402198,73.52892749364455,105.0,10.638297872340425,59.523809523809526,7.2864321608040195,16.71309192200557,11.756935270805812,0.2761904761904762,25.0,60.396039603960396,53.70370370370371,59.80118049083567,15.860517435320585,0.8,139.0,133.03386316516932,31.075817677185427,0.0,0.0,3.6578947368421053
327851,1882,69822,"RIVERO, F.","RIVERO, FACUNDO ALBERTO",10,4.096666666666667,6.0,9.0,3.0,12.0,3.0,0.0,3.0,1.0,1.0,6.0,1.0,6.0,3.0,6.0,0.0,1.0,0.0,0.0,-6.0,13.0,89.0,45.0,42.0,0.0,0.0,23.75,23.75,0.8166666666666667,12.0,1577.8,1595.44,2458.0,40.96666666666667,1670.0,4199.85,1702.0,1586.6200000000001,77.22708950879426,00:00,False,OLIMPICO (LB),OLIMPICO (LB) vs QUIMSA (012/11/2024 22:10),OLIMPICO (LB),QUIMSA,QUIMSA,12/11/2024,5.8584214808787625,8.787632221318145,2.9292107404393812,11.716842961757525,2.9292107404393812,0.0,2.9292107404393812,0.9764035801464604,0.9764035801464604,5.8584214808787625,0.9764035801464604,5.8584214808787625,2.9292107404393812,5.8584214808787625,0.0,0.9764035801464604,0.0,0.0,-5.8584214808787625,12.693246541903987,86.89991863303499,43.93816110659073,41.008950366151346,23.189585028478437,23.189585028478437,0.7973962571196094,11.716842961757525,1540.5695687550851,1557.793327908869,2400.0,40.0,1630.593978844589,4100.748576078112,1661.838893409276,1549.1814483319772,75.40480668067788,10.0,23.076923076923077,30.0,6.666666666666667,21.428571428571427,13.793103448275861,0.0,0.0,33.33333333333333,,30.0,14.606741573033707,1.0,5.1999999999999975,50.0,5.221518192419437,0.0,0.0,0.5199999999999998
209661,1869,69992,"ROBINSON, B.","ROBINSON, BRANDON LAMAR",18,24.94814814814815,288.0,64.0,8.0,72.0,35.0,16.0,25.0,2.0,2.0,33.0,79.0,311.0,62.0,45.0,31.0,58.0,71.0,18.0,114.0,258.0,963.0,423.0,436.0,0.0,0.0,83.6,88.60000000000001,21.816666666666663,252.16,1385.92,1375.48,26944.0,449.06666666666666,1630.0,3624.983333333333,1432.0,1380.7,851.1510656683756,28:51,True,QUIMSA,RIACHUELO (LR) vs QUIMSA (011/05/2025 21:00),RIACHUELO (LR),QUIMSA,RIACHUELO (LR),11/05/2025,25.653206650831354,5.7007125890736345,0.7125890736342043,6.4133016627078385,3.1175771971496435,1.4251781472684086,2.226840855106888,0.17814726840855108,0.17814726840855108,2.9394299287410925,7.036817102137767,27.701900237529692,5.522565320665082,4.008313539192399,2.761282660332541,5.166270783847981,6.324228028503564,1.6033254156769596,10.15439429928741,22.980997624703086,85.77790973871734,37.67814726840855,38.83610451306413,7.4465558194774335,7.891923990498814,1.9432897862232776,22.46080760095012,123.44893111638955,122.5190023752969,2400.0,40.0,145.19002375296913,322.8904394299287,127.55344418052258,122.98396674584323,75.8151186759242,196.0,9.689922480620156,55.357142857142854,1.8912529550827424,14.678899082568808,8.381839348079161,0.3622448979591837,34.831460674157306,57.943925233644855,79.7752808988764,61.23490389522027,26.791277258566975,1.4,250.49999999999994,114.21319796954315,63.93773145239375,0.0,0.0,13.916666666666664
172005,88,69164,"ROCA, T.","ROCA, THIAGO EMMANUEL",16,5.995833333333334,18.0,8.0,1.0,9.0,3.0,6.0,4.0,1.0,0.0,14.0,2.0,3.0,4.0,2.0,3.0,16.0,1.0,0.0,-41.0,29.0,219.0,115.0,96.0,0.0,0.0,38.633333333333326,38.633333333333326,1.8833333333333333,29.439999999999998,2936.84,2885.04,5756.0,95.93333333333334,2864.0,7424.833333333333,2942.0,2910.94,190.3476084699535,02:13,False,SAN LORENZO,OBRAS vs SAN LORENZO (027/11/2024 19:00),OBRAS,SAN LORENZO,OBRAS,27/11/2024,7.505211952744961,3.3356497567755383,0.4169562195969423,3.7526059763724806,1.2508686587908269,2.5017373175816537,1.6678248783877692,0.4169562195969423,0.0,5.837387074357192,0.8339124391938846,1.2508686587908269,1.6678248783877692,0.8339124391938846,1.2508686587908269,6.671299513551077,0.4169562195969423,0.0,-17.095205003474632,12.091730368311326,91.31341209173037,47.949965253648365,40.02779708130646,16.1084086170952,16.1084086170952,0.7852675469075747,12.275191104933981,1224.533703961084,1202.9353717859624,2400.0,40.0,1194.1626129256426,3095.83043780403,1226.6851980542042,1213.7345378735233,79.36661923695073,25.0,13.793103448275861,34.0,0.8695652173913043,8.333333333333332,4.265402843601896,0.04,15.789473684210526,66.66666666666666,100.0,35.37735849056604,13.24200913242009,0.75,12.8,61.141304347826086,6.609338082349912,0.0,0.0,0.8
275706,1903,69941,"RODRIGUEZ, J.","RODRIGUEZ LLARENA, JUAN MANUEL",17,5.670588235294118,46.0,12.0,5.0,17.0,2.0,7.0,6.0,0.0,1.0,20.0,10.0,26.0,10.0,7.0,7.0,17.0,5.0,5.0,30.0,52.0,203.0,92.0,87.0,0.0,0.0,48.849999999999994,48.849999999999994,2.5,46.4,2517.2,2511.16,5784.0,96.4,2807.0,6799.983333333334,2650.0,2514.18,179.35647864652643,00:00,False,RIACHUELO (LR),UNION (SF) vs RIACHUELO (LR) (003/12/2024 21:00),UNION (SF),RIACHUELO (LR),UNION (SF),03/12/2024,19.08713692946058,4.979253112033194,2.0746887966804977,7.053941908713693,0.8298755186721991,2.9045643153526965,2.489626556016597,0.0,0.41493775933609955,8.29875518672199,4.149377593360995,10.788381742738588,4.149377593360995,2.9045643153526965,2.9045643153526965,7.053941908713693,2.0746887966804977,2.0746887966804977,12.448132780082988,21.576763485477176,84.23236514522821,38.17427385892116,36.09958506224066,20.26970954356846,20.26970954356846,1.0373443983402488,19.25311203319502,1044.4813278008296,1041.9751037344397,2400.0,40.0,1164.7302904564315,2821.5698478561544,1099.5850622406638,1043.2282157676348,74.42177537200267,41.0,11.538461538461538,50.0,5.434782608695652,13.793103448275861,9.497206703910614,0.12195121951219512,29.166666666666668,58.82352941176471,50.0,50.66079295154186,25.615763546798032,0.3333333333333333,33.2,99.13793103448276,7.519186115666477,0.0,0.0,1.9529411764705884
324477,1541,69636,"RODRIGUEZ, M.","RODRIGUEZ ORTEGA, MANUEL",37,22.114864864864863,319.0,164.0,56.0,220.0,25.0,51.0,34.0,21.0,9.0,97.0,91.0,491.0,105.0,50.0,12.0,15.0,73.0,31.0,-90.0,264.0,1720.0,770.0,780.0,0.0,0.0,205.26666666666665,215.26666666666665,47.49999999999999,205.76,2864.6,2887.7599999999998,49095.0,818.25,3113.0,7499.833333333333,3196.0,2876.18,1569.2683633904524,24:00,True,LA UNION FSA.,LA UNION FSA. vs ZARATE BASKET (003/12/2024 21:30),LA UNION FSA.,ZARATE BASKET,ZARATE BASKET,03/12/2024,15.594256034219372,8.017109685304003,2.737549648640391,10.754659333944394,1.2221203788573174,2.4931255728689274,1.6620837152459518,1.0265811182401468,0.4399633363886343,4.741827069966392,4.448518179040636,24.00244424075772,5.132905591200734,2.444240757714635,0.5866177818515124,0.7332722273143905,3.5685915062633673,1.5154292697830738,-4.399633363886343,12.905591200733273,84.08188206538344,37.64130766880538,38.13015582034831,10.034423057337813,10.52327120888074,2.3220287198289027,10.058539566147264,140.03544149098684,141.16761380996027,2400.0,40.0,152.17842957531317,366.62796618800286,156.23586923311944,140.60152765047354,76.7133938718217,182.0,12.878787878787879,67.58241758241758,7.2727272727272725,21.025641025641026,14.193548387096774,0.4010989010989011,44.44444444444444,67.74193548387096,70.1923076923077,70.0298559887601,15.348837209302326,0.7352941176470589,350.8,155.03499222395024,60.628790717896244,0.0,0.0,9.481081081081081
68602,46,69144,"RODRIGUEZ, C.","RODRIGUEZ, CAMILO",8,3.8625000000000003,3.0,3.0,0.0,3.0,1.0,3.0,2.0,0.0,0.0,3.0,2.0,0.0,1.0,1.0,0.0,5.0,1.0,1.0,-8.0,10.0,67.0,35.0,27.0,0.0,0.0,11.616666666666667,11.616666666666667,1.7,9.88,2640.44,2626.84,1854.0,30.900000000000002,2801.0,6850.116666666667,2768.0,2633.64,57.14120860255902,00:00,False,FERRO,FERRO vs BOCA (003/12/2024 21:05),FERRO,BOCA,BOCA,03/12/2024,3.883495145631068,3.883495145631068,0.0,3.883495145631068,1.2944983818770226,3.883495145631068,2.588996763754045,0.0,0.0,3.883495145631068,2.588996763754045,0.0,1.2944983818770226,1.2944983818770226,0.0,6.472491909385113,1.2944983818770226,1.2944983818770226,-10.35598705501618,12.944983818770226,86.7313915857605,45.30744336569579,34.95145631067961,15.037756202804747,15.037756202804747,2.200647249190938,12.789644012944983,3418.0453074433653,3400.4401294498384,2399.9999999999995,40.0,3625.8899676375404,8867.464940668824,3583.1715210355987,3409.2427184466014,73.96920207451005,7.0,20.0,14.285714285714286,0.0,11.11111111111111,4.838709677419355,0.14285714285714285,0.0,50.0,50.0,19.03553299492386,14.925373134328357,0.5,1.9000000000000012,30.364372469635626,2.2803713901845653,0.0,0.0,0.23750000000000016
74902,46,69144,"RODRIGUEZ, F.","RODRIGUEZ, FELIPE SALVADOR",38,23.314912280701755,343.0,127.0,47.0,174.0,34.0,48.0,29.0,7.0,10.0,104.0,103.0,391.0,48.0,43.0,51.0,102.0,94.0,30.0,95.0,329.0,1854.0,843.0,812.0,0.0,0.0,226.81666666666666,236.81666666666666,52.06666666666667,280.56,2947.88,2931.12,53158.0,885.9666666666667,3108.0,7650.066666666667,3131.0,2939.5,1698.631482136847,15:25,False,FERRO,FERRO vs BOCA (003/12/2024 21:05),FERRO,BOCA,BOCA,03/12/2024,15.485909928891228,5.733850031980134,2.1219759960871363,7.855826028067271,1.5350464652545242,2.1671244215357985,1.309304338011212,0.3160389781406373,0.45148425448662477,4.695436246660897,4.650287821212235,17.653034350427028,2.1671244215357985,1.9413822942924865,2.3025696978817862,4.6051393957635725,4.2439519921742725,1.3544527634598744,4.289100417622935,14.853831972609955,83.70518078182023,38.060122653222464,36.66052146431393,10.240415365514126,10.69189962000075,2.35072801836036,12.666842243876744,133.09214041160314,132.33545280108356,2400.0,40.0,140.321306294443,345.38846457729784,141.3597200797622,132.71379660634335,76.69053683600649,244.0,8.814589665653495,51.02459016393443,5.575326215895611,15.64039408866995,10.513595166163142,0.38524590163934425,33.33333333333333,52.74725274725275,75.80645161290323,57.44239013933547,17.745415318230854,1.1724137931034482,334.90000000000003,122.2554890219561,61.55152778702932,0.0,0.0,8.813157894736843
150488,1869,69992,"ROLFI, F.","ROLFI, FORTUNATO JOSE",35,10.81,111.0,30.0,10.0,40.0,49.0,25.0,26.0,2.0,3.0,46.0,24.0,89.0,30.0,43.0,12.0,41.0,15.0,3.0,67.0,161.0,797.0,373.0,352.0,0.0,0.0,131.26666666666665,131.26666666666665,6.2,149.92000000000002,2925.36,2897.48,22701.0,378.35,3320.0,7650.05,2973.0,2911.42,721.8054050578123,07:47,False,QUIMSA,INSTITUTO vs QUIMSA (002/12/2024 22:10),INSTITUTO,QUIMSA,INSTITUTO,02/12/2024,11.735165851724593,3.171666446412052,1.0572221488040174,4.22888859521607,5.180388529139686,2.6430553720100436,2.748777586890445,0.21144442976080347,0.3171666446412052,4.86322188449848,2.5373331571296416,9.409277124355755,3.171666446412052,4.546055239857274,1.2686665785648208,4.334610810096471,1.585833223206026,0.3171666446412052,7.083388396986916,17.02127659574468,84.26060525968019,39.43438615038985,37.214219637901415,13.8778027399674,13.8778027399674,0.6554777322584908,15.84987445486983,309.27553852253203,306.32800317166647,2399.9999999999995,40.0,350.99775340293377,808.7802299458173,314.3121448394344,307.80177084709925,76.31086613535744,126.0,16.149068322981368,38.095238095238095,2.680965147453083,8.522727272727272,5.517241379310345,0.11904761904761904,22.641509433962266,41.0958904109589,83.33333333333334,41.44265232974911,20.200752823086574,1.8846153846153846,104.30000000000001,74.03948772678761,25.31717673665112,0.0,0.0,2.9800000000000004
324210,1869,69992,"ROMANO, N.","ROMANO, NICOLAS",26,22.055769230769233,288.0,97.0,26.0,123.0,30.0,15.0,30.0,3.0,4.0,50.0,87.0,324.0,71.0,71.0,22.0,45.0,80.0,22.0,33.0,284.0,1186.0,507.0,499.0,0.0,0.0,132.2,137.2,25.53333333333333,257.88,2001.68,1991.44,34407.0,573.45,2281.0,5250.05,2053.0,1996.56,1086.5033565315096,28:51,True,QUIMSA,INSTITUTO vs QUIMSA (002/12/2024 22:10),INSTITUTO,QUIMSA,INSTITUTO,02/12/2024,20.088935391054147,6.7660650449036535,1.8135844450257212,8.579649489929373,2.09259743656814,1.04629871828407,2.09259743656814,0.20925974365681402,0.27901299154241865,3.487662394280233,6.068532566047606,22.600052314935915,4.952480599877932,4.952480599877932,1.5345714534833026,3.13889615485221,5.580259830848373,1.5345714534833026,2.301857180224954,19.809922399511727,82.72735199232713,35.364896678001564,34.80687069491673,9.221379370476937,9.57014560990496,1.7810329293457725,17.98796756473973,139.62368122765716,138.90940796930857,2399.9999999999995,40.0,159.10715842706426,366.2080390618188,143.20341790914637,139.26654459848285,75.78713795668389,209.0,10.56338028169014,49.760765550239235,5.128205128205128,19.438877755511022,12.226640159045726,0.3827751196172249,32.83582089552239,50.0,78.43137254901961,56.71971009925949,23.946037099494095,1.0,251.90000000000003,111.67985109353187,55.957479682418196,0.0,0.0,9.68846153846154
326739,1882,69822,"ROMEGIALLI, S.","ROMEGIALLI, SANTINO ALBERTO",2,12.216666666666667,4.0,6.0,3.0,9.0,0.0,1.0,2.0,0.0,0.0,4.0,1.0,2.0,2.0,3.0,0.0,4.0,0.0,0.0,-17.0,11.0,55.0,27.0,27.0,0.0,0.0,12.849999999999998,12.849999999999998,0.0,8.0,155.28,157.36,1466.0,24.433333333333334,145.0,400.01666666666665,203.0,156.32,47.664801721384336,11:51,False,OLIMPICO (LB),INDEPENDIENTE (O) vs OLIMPICO (LB) (010/10/2024 21:00),INDEPENDIENTE (O),OLIMPICO (LB),INDEPENDIENTE (O),10/10/2024,6.548431105047748,9.822646657571623,4.911323328785811,14.733969986357437,0.0,1.637107776261937,3.274215552523874,0.0,0.0,6.548431105047748,1.637107776261937,3.274215552523874,3.274215552523874,4.911323328785811,0.0,6.548431105047748,0.0,0.0,-27.830832196452935,18.00818553888131,90.04092769440655,44.2019099590723,44.2019099590723,21.03683492496589,21.03683492496589,0.0,13.096862210095496,254.2100954979536,257.6152796725785,2400.0,40.0,237.38062755798092,654.8703956343792,332.3328785811733,255.91268758526604,78.03241755206167,9.0,18.181818181818183,22.22222222222222,11.11111111111111,22.22222222222222,16.666666666666664,0.0,0.0,40.0,,22.22222222222222,20.0,0.0,2.5999999999999996,50.0,39.598976350383055,0.0,0.0,1.2999999999999998
323778,1932,69789,"ROMERO, G.","ROMERO, GONZALO EMMANUEL",7,21.48333333333333,41.0,24.0,7.0,31.0,5.0,9.0,3.0,1.0,1.0,18.0,19.0,64.0,13.0,5.0,0.0,7.0,15.0,8.0,-55.0,38.0,302.0,152.0,116.0,0.0,0.0,34.783333333333324,34.783333333333324,3.816666666666666,31.12,521.64,511.72,9023.0,150.38333333333333,491.0,1400.0333333333333,587.0,516.6800000000001,278.50544042314544,18:18,False,ARGENTINO (J),ARGENTINO (J) vs PLATENSE (014/11/2024 21:30),ARGENTINO (J),PLATENSE,PLATENSE,14/11/2024,10.905463814695777,6.383686135431676,1.8619084561675718,8.245594591599247,1.3299346115482655,2.393882300786878,0.7979607669289595,0.26598692230965315,0.26598692230965315,4.787764601573756,5.05375152388341,17.0231630278178,3.4578299900254903,1.3299346115482655,0.0,1.8619084561675718,3.9898038346447966,2.127895378477225,-14.629280727030922,10.10750304776682,80.32805053751524,40.43001219106728,30.85448298791976,9.251911781004099,9.251911781004099,1.0151834201485093,8.277513022276406,138.74941815360745,136.1108278842957,2400.0,40.0,130.5995788540397,372.39055746425805,156.1343233957664,137.4301230189516,74.0788049446469,25.0,7.894736842105263,52.0,4.605263157894736,20.689655172413794,11.567164179104477,0.6,0.0,72.22222222222221,65.21739130434783,58.37129840546697,12.582781456953644,1.6666666666666667,45.400000000000006,131.74807197943443,61.24469935200699,0.0,0.0,6.485714285714287
328864,1541,69636,"ROQUE, R.","ROQUE MARTINEZ, ROMARIO JOSE",12,23.804166666666664,134.0,41.0,4.0,45.0,28.0,14.0,26.0,0.0,1.0,42.0,37.0,101.0,24.0,34.0,20.0,39.0,26.0,15.0,-55.0,162.0,615.0,285.0,277.0,0.0,0.0,69.6,74.60000000000001,20.333333333333332,157.04,992.72,1003.56,17139.0,285.65,1124.0,2624.9,1130.0,998.14,544.4827196905059,00:00,False,LA UNION FSA.,LA UNION FSA. vs ARGENTINO (J) (030/04/2025 21:00),LA UNION FSA.,ARGENTINO (J),ARGENTINO (J),30/04/2025,18.764221949938737,5.741291790652897,0.5601260283563803,6.301417819009277,3.920882198494662,1.960441099247331,3.640819184316472,0.0,0.14003150708909506,5.881323297741993,5.181165762296517,14.1431822159986,3.3607561701382815,4.761071241029232,2.8006301417819013,5.461228776474707,3.640819184316472,2.100472606336426,-7.701732889900228,22.685104148433403,86.11937685979345,39.908979520392094,38.78872746367933,9.746192893401016,10.446350428846491,2.8473073108115994,21.99054787327149,139.01207771748645,140.53001925433225,2400.0000000000005,40.0,157.39541396814283,367.5687029581656,158.2356030106774,139.77104848590932,76.24473582223084,117.0,16.049382716049383,46.15384615384615,1.4035087719298245,14.801444043321299,8.007117437722421,0.2222222222222222,33.89830508474576,41.37931034482759,63.41463414634146,49.61492890995261,26.34146341463415,1.0769230769230769,98.80000000000003,85.32857870606215,61.757887232343315,0.0,0.0,8.233333333333336
272375,2376,69996,"ROSSI, G.","ROSSI, GIAN LUCA",5,2.816666666666667,4.0,2.0,0.0,2.0,2.0,0.0,0.0,0.0,0.0,1.0,1.0,4.0,1.0,0.0,0.0,4.0,2.0,0.0,-4.0,6.0,29.0,13.0,11.0,0.0,0.0,12.333333333333332,12.333333333333332,1.1666666666666667,5.88,1998.0,1985.3600000000001,845.0,14.083333333333334,2191.0,5424.966666666666,2131.0,1991.68,25.7722188415905,00:00,False,PEÑAROL (MDP),PLATENSE vs PEÑAROL (MDP) (011/10/2024 22:05),PLATENSE,PEÑAROL (MDP),PLATENSE,11/10/2024,11.360946745562131,5.680473372781066,0.0,5.680473372781066,5.680473372781066,0.0,0.0,0.0,0.0,2.840236686390533,2.840236686390533,11.360946745562131,2.840236686390533,0.0,0.0,11.360946745562131,5.680473372781066,0.0,-11.360946745562131,17.041420118343193,82.36686390532543,36.92307692307692,31.242603550295858,35.02958579881656,35.02958579881656,3.3136094674556213,16.70059171597633,5674.792899408284,5638.892307692308,2400.0,40.0,6222.958579881656,15408.189349112425,6052.544378698225,5656.842603550295,73.19920144357064,5.0,0.0,20.0,0.0,18.181818181818183,8.333333333333332,0.4,0.0,100.0,100.0,34.01360544217687,20.689655172413794,,4.1,68.02721088435374,1.3845240642844296,0.0,0.0,0.82
271509,46,69144,"ROVERES, A.","ROVERES, AUGUSTO DANIEL",22,6.325,38.0,17.0,6.0,23.0,1.0,2.0,3.0,1.0,0.0,27.0,19.0,29.0,8.0,5.0,2.0,15.0,16.0,5.0,-55.0,41.0,273.0,144.0,104.0,0.0,0.0,58.06666666666666,58.06666666666666,2.0666666666666664,36.24,2947.88,2931.12,8349.0,139.15,3108.0,7650.066666666667,3131.0,2939.5,262.39571000358524,05:03,False,FERRO,FERRO vs BOCA (003/12/2024 21:05),FERRO,BOCA,BOCA,03/12/2024,10.923463887890765,4.886812791951131,1.7247574559827525,6.6115702479338845,0.2874595759971254,0.5749191519942508,0.8623787279913763,0.2874595759971254,0.0,7.761408551922385,5.461731943945383,8.336327703916636,2.2996766079770032,1.437297879985627,0.5749191519942508,4.311893639956881,4.5993532159540065,1.437297879985627,-15.810276679841897,11.78584261588214,78.47646424721523,41.394178943586056,29.89579590370104,16.69181937956641,16.69181937956641,0.5940831237273924,10.417535034135826,847.396334890406,842.5785123966942,2400.0,40.0,893.4243621990657,2199.0849203497423,900.0359324469996,844.9874236435501,75.42815954109528,30.0,7.317073170731707,36.666666666666664,4.166666666666666,16.346153846153847,9.274193548387096,0.5333333333333333,11.76470588235294,61.53846153846154,76.19047619047619,48.41997961264016,15.018315018315018,0.3333333333333333,25.900000000000002,104.85651214128036,9.508158188122998,0.0,0.0,1.1772727272727275
275758,2314,69185,"RUIZ, J.","RUIZ RUIZ, JOSE DANIEL",0,,0.0,0.0,0.0,0.0,0.0,0.0,0.0,0.0,0.0,0.0,0.0,0.0,0.0,0.0,0.0,0.0,0.0,0.0,0.0,0.0,0.0,0.0,0.0,0.0,0.0,0.0,0.0,0.0,0.0,541.16,531.72,0.0,0.0,534.0,1400.0666666666666,579.0,536.44,0.0,00:00,False,ZARATE BASKET,LA UNION FSA. vs ZARATE BASKET (003/12/2024 21:30),LA UNION FSA.,ZARATE BASKET,LA UNION FSA.,03/12/2024,0.0,0.0,0.0,0.0,0.0,0.0,0.0,0.0,0.0,0.0,0.0,0.0,0.0,0.0,0.0,0.0,0.0,0.0,0.0,0.0,0.0,0.0,0.0,0.0,0.0,0.0,0.0,21646.399999999998,21268.800000000003,0.0,0.0,21360.0,56002.666666666664,23160.0,21457.600000000002,0.0,0.0,,,,,,,,,,,,,0.0,,,0.0,0.0,
27878,88,69164,"RUTENBERG, F.","RUTENBERG, FACUNDO OSVALDO",21,23.084126984126982,240.0,59.0,11.0,70.0,31.0,17.0,42.0,2.0,2.0,45.0,65.0,220.0,31.0,36.0,44.0,70.0,46.0,10.0,-36.0,245.0,1047.0,488.0,464.0,0.0,0.0,106.98333333333332,109.56666666666665,19.45,236.64000000000001,1739.68,1714.36,29086.0,484.76666666666665,1718.0,4424.8,1774.0,1727.02,950.1207019423257,00:00,False,SAN LORENZO,OBRAS vs SAN LORENZO (027/11/2024 19:00),OBRAS,SAN LORENZO,OBRAS,27/11/2024,19.8033418139311,4.868321529258062,0.9076531664718422,5.775974695729904,2.5579316509661005,1.4027367118201197,3.465584817437943,0.16502784844942583,0.16502784844942583,3.7131265901120813,5.36340507460634,18.153063329436844,2.5579316509661005,2.970501272089665,3.630612665887369,5.775974695729904,3.795640514336794,0.8251392422471292,-2.970501272089665,20.215911435054664,86.39207866327442,40.2667950216599,38.2864608402668,8.82761465997387,9.04077563088771,1.6048958261706665,19.52609502853607,143.54782369524858,141.45857113387882,2400.0,40.0,141.75892181805682,365.1076119095097,146.37970157464073,142.50319741456372,78.39818760440012,181.0,17.142857142857142,53.591160220994475,2.2540983606557377,12.71551724137931,7.352941176470589,0.2541436464088398,38.59649122807017,46.26865671641791,82.14285714285714,58.35440575763471,23.400191021967526,0.7380952380952381,187.19999999999996,101.41987829614605,56.51464458145557,0.0,0.0,8.914285714285713
35820,46,69144,"RYZWANIUK, J.","RYZWANIUK, JUAN MANUEL",0,,0.0,0.0,0.0,0.0,0.0,0.0,0.0,0.0,0.0,0.0,0.0,0.0,0.0,0.0,0.0,0.0,0.0,0.0,0.0,0.0,0.0,0.0,0.0,0.0,0.0,0.0,0.0,0.0,0.0,75.56,75.24,0.0,0.0,85.0,200.0,83.0,75.4,0.0,00:00,False,FERRO,FERRO vs OBRAS (018/10/2024 22:00),FERRO,OBRAS,OBRAS,18/10/2024,0.0,0.0,0.0,0.0,0.0,0.0,0.0,0.0,0.0,0.0,0.0,0.0,0.0,0.0,0.0,0.0,0.0,0.0,0.0,0.0,0.0,0.0,0.0,0.0,0.0,0.0,0.0,3022.4,3009.6,0.0,0.0,3400.0,8000.0,3320.0,3016.0,0.0,0.0,,,,,,,,,,,,,0.0,,,0.0,0.0,
326165,2314,69185,"SAFAR, S.","SAFAR, SELEM",36,24.407407407407405,375.0,82.0,4.0,86.0,89.0,28.0,72.0,2.0,8.0,78.0,99.0,251.0,52.0,92.0,65.0,167.0,76.0,11.0,-6.0,484.0,1912.0,913.0,860.0,0.0,0.0,207.9333333333333,212.9333333333333,44.08333333333333,482.28000000000003,2929.6,2884.68,52720.0,878.6666666666666,2866.0,7411.900000000001,3032.0,2907.14,1724.2478008803619,26:56,True,ZARATE BASKET,BOCA vs ZARATE BASKET (012/10/2024 11:30),BOCA,ZARATE BASKET,BOCA,12/10/2024,17.071320182094084,3.732928679817906,0.1820940819423369,3.915022761760243,4.051593323216995,1.274658573596358,3.277693474962064,0.09104704097116845,0.3641881638846738,3.550834597875569,4.5068285280728375,11.42640364188164,2.3672230652503794,4.188163884673749,2.959028831562974,7.6024279210925645,3.4597875569044008,0.5007587253414264,-0.27314112291350534,22.033383915022764,87.04097116843704,41.56297420333839,39.150227617602425,9.46585735963581,9.693474962063732,2.0068285280728375,21.95508345978756,133.36570561456753,131.32078907435508,2400.0,40.0,130.47040971168437,337.4157814871017,138.02731411229135,132.3432473444613,78.49383008560069,376.0,14.87603305785124,39.76063829787234,0.43811610076670315,9.534883720930234,4.850535815002821,0.20212765957446807,28.01724137931034,36.11111111111111,87.35632183908046,45.25924495510284,25.313807531380757,1.2361111111111112,273.70000000000005,77.75566061209256,61.86185052201995,0.0,0.0,7.602777777777779
271403,1790,69616,"SAIZ, J.","SAIZ, JAVIER ALEJANDRO",32,20.2296875,254.0,89.0,38.0,127.0,26.0,14.0,26.0,13.0,8.0,43.0,52.0,326.0,109.0,59.0,3.0,5.0,27.0,19.0,160.0,221.0,1343.0,593.0,622.0,0.0,0.0,126.09999999999998,130.89999999999998,25.783333333333335,184.24,2398.28,2406.8,38841.0,647.35,2618.0,6424.866666666667,2407.0,2402.54,1210.4520061650333,21:12,True,INSTITUTO,INSTITUTO vs QUIMSA (002/12/2024 22:10),INSTITUTO,QUIMSA,QUIMSA,02/12/2024,15.69475554182436,5.499343477253418,2.3480342936587624,7.84737777091218,1.6065497798717847,0.8650652660848073,1.6065497798717847,0.8032748899358924,0.49432300919131844,2.656986174403337,3.2130995597435694,20.143662624546227,6.735151000231713,3.645632192785974,0.18537112844674442,0.308951880744574,1.6683401560206998,1.1740171468293812,9.886460183826369,13.65567312891017,82.98447516799258,36.64169305630648,38.43361396462501,7.7917664323781555,8.088360237892946,1.5931618650395203,11.384258901676063,148.19062331041943,148.71707731520817,2400.0,40.0,161.76720475785896,396.99492803995776,148.72943539043794,148.45385031281378,74.79428477114594,176.0,11.76470588235294,64.48863636363636,6.408094435075886,14.308681672025724,10.452674897119342,0.1534090909090909,37.5,64.88095238095238,58.69565217391305,64.71667346106807,16.455696202531644,1.0,245.0,137.86365610073815,50.47586571092037,0.0,0.0,7.65625
74729,88,69164,"SALOMON, N.","SALOMON, NICOLAS GABRIEL",6,2.65,1.0,1.0,0.0,1.0,0.0,0.0,0.0,0.0,0.0,0.0,1.0,0.0,0.0,0.0,0.0,2.0,1.0,1.0,4.0,3.0,36.0,19.0,15.0,0.0,0.0,12.216666666666665,12.216666666666665,0.7833333333333332,2.88,1751.28,1709.96,954.0,15.899999999999999,1658.0,4400.0,1764.0,1730.6200000000001,31.97790925953652,03:18,False,SAN LORENZO,OBRAS vs SAN LORENZO (027/11/2024 19:00),OBRAS,SAN LORENZO,OBRAS,27/11/2024,2.5157232704402515,2.5157232704402515,0.0,2.5157232704402515,0.0,0.0,0.0,0.0,0.0,0.0,2.5157232704402515,0.0,0.0,0.0,0.0,5.031446540880503,2.5157232704402515,2.5157232704402515,10.062893081761006,7.547169811320755,90.56603773584908,47.79874213836479,37.735849056603776,30.733752620545076,30.733752620545076,1.970649895178197,7.245283018867925,4405.735849056604,4301.786163522012,2400.0000000000005,40.0,4171.069182389937,11069.182389937107,4437.735849056604,4353.761006289309,80.44757046424282,2.0,0.0,0.0,0.0,6.666666666666667,2.941176470588235,0.5,0.0,,50.0,17.36111111111111,8.333333333333332,,0.3000000000000001,34.72222222222222,1.883679916063659,0.0,0.0,0.05000000000000002
322221,1790,69616,"SALVETTI, L.","SALVETTI, LUCA",10,1.4433333333333334,4.0,1.0,0.0,1.0,1.0,2.0,1.0,0.0,1.0,1.0,2.0,3.0,2.0,2.0,0.0,0.0,0.0,2.0,-16.0,6.0,23.0,15.0,11.0,0.0,0.0,12.066666666666666,12.066666666666666,4.933333333333334,5.88,1251.72,1256.8400000000001,866.0,14.433333333333334,1379.0,3399.8166666666666,1315.0,1254.28,27.152186621729708,00:00,False,INSTITUTO,OBRAS vs INSTITUTO (020/05/2025 20:00),OBRAS,INSTITUTO,OBRAS,20/05/2025,11.085450346420323,2.771362586605081,0.0,2.771362586605081,2.771362586605081,5.542725173210162,2.771362586605081,0.0,2.771362586605081,2.771362586605081,5.542725173210162,8.314087759815243,5.542725173210162,5.542725173210162,0.0,0.0,0.0,5.542725173210162,-44.34180138568129,16.628175519630485,63.74133949191686,41.570438799076214,30.48498845265589,33.44110854503464,33.44110854503464,13.672055427251733,16.295612009237875,3468.969976905312,3483.1593533487303,2400.0,40.0,3821.7090069284063,9422.124711316397,3644.3418013856813,3476.064665127021,75.24855414798071,4.0,16.666666666666664,50.0,0.0,9.090909090909092,3.8461538461538463,0.0,,50.0,0.0,40.98360655737705,26.08695652173913,1.0,3.5999999999999996,68.02721088435374,2.269568929400531,0.0,0.0,0.36
324476,1541,69636,"SANCHEZ, R.","SANCHEZ, RODRIGO HERNAN",37,24.943693693693692,412.0,164.0,75.0,239.0,49.0,26.0,55.0,1.0,19.0,87.0,126.0,479.0,159.0,139.0,1.0,12.0,91.0,62.0,-14.0,429.0,1912.0,836.0,884.0,0.0,0.0,228.5333333333333,242.53333333333333,82.23333333333333,358.32,2858.44,2884.6,55375.0,922.9166666666666,3125.0,7499.833333333333,3194.0,2871.52,1764.160495110138,11:45,False,LA UNION FSA.,LA UNION FSA. vs ZARATE BASKET (003/12/2024 21:30),LA UNION FSA.,ZARATE BASKET,ZARATE BASKET,03/12/2024,17.856433408577878,7.107900677200903,3.250564334085779,10.358465011286683,2.1237020316027087,1.12686230248307,2.383747178329571,0.04334085778781038,0.8234762979683974,3.7706546275395034,5.4609480812641085,20.760270880361173,6.891196388261851,6.024379232505643,0.04334085778781038,0.5200902934537246,3.9440180586907454,2.687133182844244,-0.6067720090293454,18.593227990970654,82.86772009029346,36.23295711060948,38.31331828442438,9.904830699774266,10.511602708803611,3.5640632054176073,15.529896162528216,123.88724153498872,125.02103837471782,2400.0,40.0,135.44018058690745,325.0492099322799,138.43069977426637,124.45413995485328,76.46022913344166,311.0,12.82051282051282,51.60771704180064,8.971291866028707,18.552036199095024,13.895348837209303,0.29260450160771706,7.6923076923076925,53.355704697986575,59.47712418300654,54.45125819412138,22.43723849372385,0.8909090909090909,366.79999999999995,114.98102254967625,68.33738006704311,0.0,0.0,9.913513513513513
329309,1498,70040,"SANDERS, N.","SANDERS, NAKIE GERALD",18,17.62314814814815,184.0,71.0,43.0,114.0,7.0,8.0,19.0,20.0,4.0,49.0,64.0,266.0,70.0,33.0,0.0,1.0,44.0,25.0,58.0,152.0,622.0,257.0,298.0,0.0,0.0,109.61666666666666,109.61666666666666,23.049999999999997,110.36,1310.28,1328.08,19033.0,317.2166666666667,1427.0,3599.95,1425.0,1319.18,579.6528340513493,21:37,False,ATENAS (C),ATENAS (C) vs OBERA (017/05/2025 11:30),ATENAS (C),OBERA,OBERA,17/05/2025,23.20180738716965,8.952871328744811,5.4221615089581245,14.375032837702935,0.8826774549466715,1.0087742342247674,2.3958388062838227,2.5219355855619185,0.5043871171123837,6.178742184626699,8.07019387379814,33.54174328797352,8.826774549466714,4.1611937161771655,0.0,0.12609677927809593,5.548258288236221,3.152419481952398,7.313613198129564,19.166710450270582,78.43219671097566,32.40687227447066,37.57684022487258,13.82230862186728,13.82230862186728,2.9065307623601107,13.916040561130668,165.22208795250353,167.46661062365362,2399.9999999999995,40.0,179.94010402984287,453.9421005621814,179.68791047128667,166.3443492880786,73.09235547329575,104.0,12.5,67.3076923076923,16.731517509727624,23.825503355704697,20.54054054054054,0.4230769230769231,0.0,67.96116504854369,63.76811594202898,68.47275974992557,24.437299035369776,0.3684210526315789,182.50000000000003,166.72707502718376,47.46729454714483,0.0,0.0,10.138888888888891
324474,1541,69636,"SANDRINI, J.","SANDRINI, JEREMIAS",29,28.877586206896552,257.0,69.0,9.0,78.0,127.0,38.0,45.0,1.0,5.0,68.0,39.0,265.0,60.0,82.0,36.0,71.0,29.0,4.0,35.0,308.0,1775.0,788.0,803.0,0.0,0.0,213.66666666666666,223.78333333333336,78.55,299.52,2257.6,2275.92,50247.0,837.45,2418.0,5874.883333333333,2520.0,2266.7599999999998,1618.351829091756,25:44,True,LA UNION FSA.,LA UNION FSA. vs ZARATE BASKET (003/12/2024 21:30),LA UNION FSA.,ZARATE BASKET,ZARATE BASKET,03/12/2024,12.275359722968535,3.295719147411786,0.429876410531972,3.7255955579437576,6.066033793062272,1.8150337333572153,2.14938205265986,0.04776404561466356,0.23882022807331782,3.247955101797122,1.8627977789718788,12.657472087885843,2.8658427368798134,3.916651740402412,1.719505642127888,3.391247238641113,1.3851573228252432,0.19105618245865424,1.6717415965132245,14.711326049316376,84.78118096602782,37.63806794435488,38.35452862857484,10.20558441299978,10.688797341134794,3.7518657830318225,14.30628694250403,107.83210937966444,108.7071466953251,2400.0,40.0,115.49346229625648,280.60819551416,120.36539494895217,108.26962803749475,77.29903058531283,249.0,14.61038961038961,45.78313253012048,1.1421319796954315,8.59277708592777,4.902576995600252,0.11646586345381527,33.64485981308411,42.25352112676056,87.87878787878788,48.7629022465088,17.35211267605634,2.8222222222222224,263.1,85.80395299145299,79.37239684617957,0.0,0.0,9.072413793103449
271903,1869,69992,"SANSIMONI, B.","SANSIMONI, BRUNO",31,16.90806451612903,198.0,46.0,4.0,50.0,85.0,20.0,30.0,0.0,4.0,67.0,76.0,235.0,16.0,24.0,41.0,59.0,43.0,10.0,151.0,192.0,1102.0,519.0,471.0,0.0,0.0,166.56666666666663,166.56666666666663,6.683333333333334,189.32,2464.88,2442.0,31449.0,524.15,2830.0,6450.016666666666,2542.0,2453.44,999.226995130467,13:07,False,QUIMSA,INSTITUTO vs QUIMSA (002/12/2024 22:10),INSTITUTO,QUIMSA,INSTITUTO,02/12/2024,15.110178384050368,3.510445483163217,0.30525612897071447,3.8157016121339318,6.486692740627683,1.5262806448535726,2.2894209672803587,0.0,0.30525612897071447,5.113040160259468,5.7998664504435755,17.933797577029477,1.2210245158828579,1.8315367738242871,3.128875321949824,4.502527902318039,3.281503386435181,0.7631403224267863,11.523418868644473,14.652294190594297,84.09806353143183,39.606982733950204,35.94390918630163,12.7113739705555,12.7113739705555,0.5100321154885689,14.447772584183918,188.10493179433368,186.35886673662122,2400.0,40.0,215.9687112467805,492.22677986581454,193.99026996088907,187.23189926547747,76.25504112414133,140.0,15.625,55.357142857142854,0.7707129094412332,9.766454352441615,5.05050505050505,0.30714285714285716,41.0,40.0,81.13207547169812,60.61719324026451,17.422867513611614,2.8333333333333335,191.3,104.58482991759983,42.19862149473589,0.0,0.0,6.170967741935484
78474,1424,69990,"SANZ, M.","SANZ PIERLORENZI, MATIAS",0,,0.0,0.0,0.0,0.0,0.0,0.0,0.0,0.0,0.0,0.0,0.0,0.0,0.0,0.0,0.0,0.0,0.0,0.0,0.0,0.0,0.0,0.0,0.0,0.0,0.0,0.0,0.0,0.0,0.0,581.6,589.84,0.0,0.0,613.0,1599.95,685.0,585.72,0.0,00:00,False,REGATAS (C),REGATAS (C) vs GIMNASIA (CR) (002/12/2024 21:30),REGATAS (C),GIMNASIA (CR),GIMNASIA (CR),02/12/2024,0.0,0.0,0.0,0.0,0.0,0.0,0.0,0.0,0.0,0.0,0.0,0.0,0.0,0.0,0.0,0.0,0.0,0.0,0.0,0.0,0.0,0.0,0.0,0.0,0.0,0.0,0.0,23264.0,23593.600000000002,0.0,0.0,24520.0,63998.0,27400.0,23428.800000000003,0.0,0.0,,,,,,,,,,,,,0.0,,,0.0,0.0,
328636,19,70600,"SCALA, S.","SCALA, SANTIAGO NICOLAS",22,25.521212121212123,177.0,45.0,2.0,47.0,63.0,13.0,31.0,0.0,2.0,67.0,38.0,162.0,14.0,18.0,42.0,58.0,23.0,0.0,113.0,174.0,1108.0,465.0,540.0,0.0,0.0,143.85,148.85,35.483333333333334,171.12,1645.12,1653.6,33688.0,561.4666666666667,1811.0,4450.083333333333,1676.0,1649.36,1040.6661949594702,23:46,True,BOCA,BOCA vs ARGENTINO (J) (020/05/2025 20:30),BOCA,ARGENTINO (J),ARGENTINO (J),20/05/2025,12.609831393968179,3.2058893374495367,0.14248397055331274,3.3483733080028495,4.4882450724293514,0.9261458085965328,2.2085015435763475,0.0,0.14248397055331274,4.773213013535977,2.707195440512942,11.541201614818332,0.9973877938731892,1.2823557349798147,2.9921633816195676,4.13203514604607,1.6385656613630966,0.0,8.05034433626217,12.39610543813821,78.93611968653526,33.127523153645214,38.47067204939444,10.248159582047018,10.6043695084303,2.5279031109000236,12.19092852054144,117.20161481833293,117.80574685347898,2400.0,40.0,129.01923533602468,317.0327713132272,119.40156732367609,117.50368083590594,74.13912573921658,132.0,17.81609195402299,58.333333333333336,0.43010752688172044,8.333333333333332,4.676616915422885,0.17424242424242425,42.0,43.75,100.0,62.27132001125809,15.703971119133575,2.032258064516129,151.60000000000002,103.43618513323982,64.11467064321012,0.0,0.0,6.8909090909090915
326521,76,69063,"SCHATTMANN, C.","SCHATTMANN, CARLOS LEONEL",35,25.831904761904763,356.0,89.0,14.0,103.0,62.0,26.0,58.0,0.0,9.0,83.0,79.0,306.0,70.0,43.0,56.0,115.0,48.0,12.0,106.0,364.0,1825.0,752.0,868.0,0.0,0.0,166.11666666666667,182.03333333333333,55.74999999999999,354.4,2596.32,2628.6,54247.0,904.1166666666667,2926.0,7100.183333333333,2806.0,2612.46,1664.602314179439,28:09,True,OBRAS,GIMNASIA (CR) vs OBRAS (011/10/2024 21:00),GIMNASIA (CR),OBRAS,GIMNASIA (CR),11/10/2024,15.750179733441481,3.9375449333603703,0.619389090640957,4.556934024001327,2.7430088299813815,1.1502940254760632,2.5660405183696793,0.0,0.3981787011263296,3.6720924659428174,3.495124154331115,13.538075838295205,3.0969454532047855,1.9024093498257968,2.477556362563828,5.087838958836434,2.123619739340424,0.530904934835106,4.689660257710104,16.104116356664882,80.74179217283906,33.27004258299998,38.40212361973934,7.349346507640976,8.05353291426254,2.4664958430880968,15.679392408796799,114.86659170092355,116.29472597562997,2400.0,40.0,129.45231994396005,314.12686415838664,124.14327059560897,115.58065883827678,73.64546526131682,284.0,15.934065934065933,54.225352112676056,1.8617021276595744,10.253456221198157,6.3580246913580245,0.16901408450704225,32.748538011695906,61.94690265486725,80.0,57.34536082474227,19.945205479452056,1.0689655172413792,280.70000000000005,100.45146726862303,68.44085689674604,0.0,0.0,8.020000000000001
274496,2314,69185,"SCIAMANNA, G.","SCIAMANNA, GINO",4,3.5,4.0,1.0,0.0,1.0,1.0,1.0,0.0,0.0,0.0,6.0,2.0,2.0,1.0,0.0,0.0,1.0,2.0,0.0,7.0,3.0,30.0,15.0,13.0,0.0,0.0,0.8500000000000001,0.8500000000000001,0.0,2.88,1212.84,1217.32,840.0,14.0,1229.0,3212.05,1386.0,1215.08,25.74170833333333,00:00,False,ZARATE BASKET,BOCA vs ZARATE BASKET (012/10/2024 11:30),BOCA,ZARATE BASKET,BOCA,12/10/2024,11.428571428571427,2.8571428571428568,0.0,2.8571428571428568,2.8571428571428568,2.8571428571428568,0.0,0.0,0.0,17.142857142857142,5.7142857142857135,5.7142857142857135,2.8571428571428568,0.0,0.0,2.8571428571428568,5.7142857142857135,0.0,20.0,8.571428571428571,85.71428571428571,42.857142857142854,37.142857142857146,2.428571428571429,2.428571428571429,0.0,8.228571428571428,3465.2571428571428,3478.0571428571425,2400.0,40.0,3511.4285714285716,9177.285714285716,3960.0,3471.657142857143,73.54773809523809,2.0,0.0,50.0,0.0,7.6923076923076925,3.571428571428571,1.0,0.0,100.0,100.0,69.44444444444444,10.0,,2.999999999999999,138.88888888888889,2.4165307531985225,0.0,0.0,0.7499999999999998
326696,1882,69822,"SHRIVER, D.","SHRIVER, DAVID RANDALL",38,27.68201754385965,384.0,142.0,25.0,167.0,35.0,23.0,20.0,6.0,5.0,68.0,32.0,369.0,55.0,39.0,82.0,138.0,28.0,8.0,-116.0,347.0,2201.0,1034.0,1001.0,0.0,0.0,204.4,204.4,37.68333333333333,324.84000000000003,2879.16,2904.52,63115.0,1051.9166666666667,3067.0,7599.916666666667,3168.0,2891.84,2004.1038769406575,35:35,True,OLIMPICO (LB),OLIMPICO (LB) vs LA UNION FSA. (017/11/2024 22:00),OLIMPICO (LB),LA UNION FSA.,LA UNION FSA.,17/11/2024,14.601917135387783,5.399667274023607,0.9506456468351421,6.35031292085875,1.330903905569199,0.8745939950883308,0.7605165174681138,0.2281549552404341,0.19012912936702844,2.585756159391587,1.216826427948982,14.031529747286697,2.0914204230373126,1.483007209062822,3.1181177216192664,5.247563970529985,1.0647231244553592,0.3042066069872455,-4.410995801315059,13.194961578071773,83.69484274736591,39.318703953101476,38.06385169927909,7.772478808524123,7.772478808524123,1.4329398716628374,12.352309276717104,109.48243682167471,110.44677176582428,2399.9999999999995,40.0,116.62520795373524,288.9931078190604,120.46581636694921,109.9646042937495,76.2077050567627,314.0,5.763688760806916,56.68789808917197,2.4177949709864603,14.185814185814186,8.206388206388207,0.08917197452229299,37.27272727272727,58.51063829787234,77.77777777777779,58.210041232112545,15.765561108587006,1.75,351.2000000000001,118.21204285186553,75.92157862756761,0.0,0.0,9.242105263157898
328572,2376,69996,"SIMON, M.","SIMON GARCIA, MIGUEL ANGEL",4,25.608333333333334,36.0,27.0,7.0,34.0,4.0,1.0,6.0,3.0,2.0,13.0,11.0,49.0,15.0,11.0,0.0,0.0,6.0,8.0,-11.0,38.0,200.0,92.0,82.0,0.0,0.0,16.316666666666666,16.316666666666666,0.0,31.16,289.72,288.64,6146.0,102.43333333333334,326.0,800.0,326.0,289.18,184.6947588141617,21:16,True,PEÑAROL (MDP),INSTITUTO vs PEÑAROL (MDP) (022/12/2024 22:10),INSTITUTO,PEÑAROL (MDP),INSTITUTO,22/12/2024,14.057923852912463,10.543442889684346,2.733485193621868,13.276928083306213,1.561991539212496,0.390497884803124,2.342987308818744,1.171493654409372,0.780995769606248,5.0764725024406125,4.295476732834364,19.134396355353076,5.85746827204686,4.295476732834364,0.0,0.0,2.342987308818744,3.123983078424992,-4.295476732834364,14.838919622518711,78.0995769606248,35.9258054018874,32.02082655385617,6.3716238203709725,6.3716238203709725,0.0,12.167914090465343,113.13504718516108,112.7133094695737,2400.0,40.0,127.30231044581842,312.3983078424992,127.30231044581842,112.92417832736739,72.12291265115329,26.0,15.789473684210526,57.69230769230769,7.608695652173914,32.926829268292686,19.54022988505747,0.23076923076923078,,57.692307692307686,42.857142857142854,55.97014925373135,19.0,0.6666666666666666,32.699999999999996,115.53273427471116,72.00077632181572,0.0,0.0,8.174999999999999
328971,2305,69510,"SINIGOJ, D.","SINIGOJ, DRAZEN",1,0.13333333333333333,0.0,0.0,0.0,0.0,0.0,0.0,0.0,0.0,0.0,0.0,0.0,0.0,0.0,0.0,0.0,0.0,0.0,0.0,0.0,0.0,0.0,0.0,1.0,0.0,0.0,0.0,0.0,0.0,0.0,902.32,877.8,8.0,0.13333333333333333,1020.0,2399.7166666666667,938.0,890.06,0.2289524127010584,00:00,False,OBERA,OBERA vs LA UNION FSA. (020/05/2025 21:00),OBERA,LA UNION FSA.,LA UNION FSA.,20/05/2025,0.0,0.0,0.0,0.0,0.0,0.0,0.0,0.0,0.0,0.0,0.0,0.0,0.0,0.0,0.0,0.0,0.0,0.0,0.0,0.0,0.0,0.0,40.0,0.0,0.0,0.0,0.0,36092.8,35112.0,320.0,5.333333333333333,40800.0,95988.66666666667,37520.0,35602.399999999994,9.158096508042336,0.0,,,,0.0,0.0,,,,,,,,0.0,,0.027113894551480673,0.0,0.0,0.0
181021,1932,69789,"SLIDER, J.","SLIDER, JONATAN",33,29.06111111111111,295.0,156.0,10.0,166.0,49.0,27.0,41.0,2.0,10.0,89.0,143.0,325.0,28.0,46.0,53.0,140.0,80.0,31.0,-352.0,357.0,1923.0,956.0,837.0,0.0,0.0,211.75,216.75,47.78333333333334,346.84,2440.24,2441.12,57541.0,959.0166666666667,2348.0,6625.05,2786.0,2440.6800000000003,1765.1740871482946,39:21,True,ARGENTINO (J),ARGENTINO (J) vs BOCA (005/12/2024 21:00),ARGENTINO (J),BOCA,BOCA,05/12/2024,12.304269998783477,6.506664812916007,0.4170938982638467,6.923758711179855,2.0437601014928486,1.126153525312386,1.7100849828817712,0.08341877965276932,0.4170938982638467,3.7121356945482353,5.964442745173008,13.555551693575016,1.1678629151387707,1.9186319320136946,2.2105976607983875,5.839314575693853,3.3367511861107735,1.2929910846179247,-14.681705218887402,14.890252168019325,80.20715663613771,39.874176674023744,34.91075928468396,8.831963295736953,9.040510244868877,1.9930136772040807,14.466484767383257,101.78092142993691,101.81762569298414,2400.0,40.0,97.93364731235118,276.32679306928975,116.20236005630767,101.79927356146054,73.62433411230091,267.0,11.484593837535014,40.262172284644194,1.0460251046025104,18.63799283154122,9.258226436140546,0.299625468164794,27.461139896373055,37.83783783783784,72.07207207207207,46.700861195542046,18.564742589703588,1.1951219512195121,242.39999999999998,85.05362703263754,82.55568491395599,0.0,0.0,7.345454545454545
328509,80,70071,"SMANIOTTI, F.","SMANIOTTI, FRANCO NAHUEL",38,22.315350877192984,336.0,113.0,16.0,129.0,37.0,35.0,28.0,4.0,2.0,92.0,71.0,308.0,51.0,43.0,65.0,126.0,39.0,13.0,-25.0,334.0,1684.0,782.0,749.0,0.0,0.0,239.73333333333332,249.73333333333332,51.18333333333333,319.88,2815.16,2798.2,50879.0,847.9833333333333,3007.0,7650.033333333333,3123.0,2806.68,1553.8297744564738,30:27,False,PLATENSE,OBERA vs PLATENSE (028/11/2024 21:30),OBERA,PLATENSE,OBERA,28/11/2024,15.849368108649935,5.330293441301912,0.7547318146976159,6.085025255999527,1.7453173214882367,1.6509758446510348,1.3207806757208278,0.18868295367440396,0.09434147683720198,4.339707934511291,3.3491224277206704,14.528587432929106,2.405707659348651,2.028341751999843,3.0660979972090647,5.943513040743725,1.8396587983254387,0.6132195994418129,-1.1792684604650248,15.755026631812733,79.43552349692408,36.88751744334598,35.33088307553214,11.308398356885945,11.780105741071953,2.4143556280587273,15.088975805342086,132.79317596650878,131.9931602429293,2400.0,40.0,141.8424104247332,360.8577212602449,147.3142160812909,132.39316810471902,73.2952978379201,285.0,8.383233532934131,52.10526315789474,2.0460358056265986,15.086782376502002,8.425865447419987,0.1368421052631579,34.031413612565444,54.25531914893617,75.0,54.56671430427439,19.83372921615202,1.3214285714285714,289.29999999999995,105.03938977116418,61.60182633086845,0.0,0.0,7.613157894736841
342787,1882,69822,"SPAGNOLI, L.","SPAGNOLI, LUIS FABRICIO",8,4.254166666666666,7.0,5.0,2.0,7.0,2.0,0.0,2.0,0.0,0.0,6.0,0.0,3.0,3.0,3.0,0.0,1.0,1.0,1.0,-22.0,10.0,73.0,39.0,38.0,0.0,0.0,23.916666666666664,23.916666666666664,1.1333333333333333,7.88,1218.72,1226.88,2042.0,34.03333333333333,1302.0,3199.9833333333336,1364.0,1222.8,64.22088267991556,09:43,False,OLIMPICO (LB),LA UNION FSA. vs OLIMPICO (LB) (014/05/2025 21:30),LA UNION FSA.,OLIMPICO (LB),LA UNION FSA.,14/05/2025,8.22722820763957,5.876591576885407,2.3506366307541624,8.22722820763957,2.3506366307541624,0.0,2.3506366307541624,0.0,0.0,7.051909892262488,0.0,3.525954946131244,3.525954946131244,3.525954946131244,0.0,1.1753183153770812,1.1753183153770812,1.1753183153770812,-25.85700293829579,11.753183153770815,85.79823702252695,45.83741429970617,44.6620959843291,28.10969637610186,28.10969637610186,1.3320274240940255,9.261508325171402,1432.3839373163564,1441.9745347698338,2400.0,40.0,1530.26444662096,3760.9990205680706,1603.134182174339,1437.179236043095,75.47997964338754,7.0,20.0,42.857142857142854,5.128205128205128,13.157894736842104,9.090909090909092,0.14285714285714285,0.0,50.0,50.0,44.41624365482234,13.698630136986301,1.0,4.4,88.83248730964468,5.8584754670973025,0.0,0.0,0.55
22581,46,69144,"SPANO, T.","SPANO, TOMAS",38,26.157456140350877,443.0,90.0,7.0,97.0,97.0,33.0,60.0,4.0,16.0,89.0,76.0,392.0,91.0,101.0,66.0,80.0,63.0,12.0,36.0,426.0,2072.0,941.0,920.0,0.0,0.0,229.2833333333333,234.29999999999998,71.83333333333333,424.0,2947.88,2931.12,59639.0,993.9833333333333,3108.0,7650.066666666667,3131.0,2939.5,1914.085773316959,26:51,True,FERRO,FERRO vs BOCA (003/12/2024 21:05),FERRO,BOCA,BOCA,03/12/2024,17.827260685122152,3.6217911098442297,0.28169486409899563,3.9034859739432246,3.9034859739432246,1.3279900736095507,2.4145274065628195,0.16096849377085465,0.6438739750834186,3.5815489864015158,3.058401381646238,15.774912389543754,3.662033233286943,4.0644544677140795,2.6559801472191014,3.219369875417093,2.5352537768909604,0.4829054813125639,1.4487164439376918,17.14314458659602,83.38167977330271,37.86783815959355,37.02275356729657,9.226848203356862,9.42872952262781,2.890725867301598,17.06266033971059,118.62895085430674,117.95449286540686,2400.0,40.0,125.07251965995405,307.854927144989,125.99808849913646,118.2917218598568,77.0268759697631,338.0,14.084507042253522,56.21301775147929,0.7438894792773645,9.782608695652174,5.212251477700161,0.1863905325443787,45.20547945205479,47.39583333333333,84.0,59.703504043126685,20.55984555984556,1.6166666666666667,376.79999999999995,104.48113207547169,69.35871900529439,0.0,0.0,9.915789473684208
181745,19,70600,"STENTA, N.","STENTA, NICOLAS",40,21.725,251.0,80.0,40.0,120.0,40.0,25.0,31.0,13.0,10.0,65.0,39.0,263.0,81.0,48.0,23.0,52.0,20.0,19.0,9.0,250.0,1863.0,839.0,854.0,0.0,0.0,201.46666666666667,201.46666666666667,20.7,212.16,3098.72,3068.6,52140.0,869.0,3182.0,8024.75,3128.0,3083.66,1691.1287984687865,21:30,True,BOCA,BOCA vs ZARATE BASKET (012/10/2024 11:30),BOCA,ZARATE BASKET,ZARATE BASKET,12/10/2024,11.553509781357882,3.6823935558112773,1.8411967779056386,5.523590333716916,1.8411967779056386,1.1507479861910241,1.42692750287687,0.5983889528193326,0.46029919447640966,2.991944764096663,1.7951668584579976,12.105868814729575,3.7284234752589187,2.2094361334867663,1.0586881472957423,2.3935558112773303,0.9205983889528193,0.8745684695051783,0.41426927502876865,11.507479861910241,85.75373993095512,38.61910241657077,39.309551208285384,9.2734944380514,9.2734944380514,0.952819332566168,9.765707710011508,142.63383199079402,141.24741081703107,2400.0,40.0,146.46720368239355,369.3785960874568,143.98158803222094,141.94062140391253,77.8425223691041,204.0,12.4,56.61764705882353,4.767580452920143,9.367681498829041,7.088009450679269,0.09803921568627451,30.666666666666664,62.7906976744186,51.28205128205128,56.74624706095135,13.419216317767043,1.2903225806451613,239.30000000000007,118.30693815987934,55.63150559714874,0.0,0.0,5.982500000000002
328796,1474,68570,"STOKES, K.","STOKES, KAMAU THUTMOSES",6,16.175,40.0,5.0,2.0,7.0,10.0,3.0,8.0,0.0,0.0,17.0,15.0,25.0,7.0,7.0,7.0,16.0,5.0,2.0,-18.0,47.0,200.0,93.0,70.0,0.0,0.0,30.749999999999996,30.749999999999996,0.9166666666666665,46.08,448.44,444.08,5823.0,97.05,494.0,1200.0666666666666,475.0,446.26,180.62548636919146,09:49,False,GIMNASIA (CR),GIMNASIA (CR) vs INSTITUTO (021/01/2025 21:00),GIMNASIA (CR),INSTITUTO,INSTITUTO,21/01/2025,16.486347243688822,2.060793405461103,0.8243173621844411,2.8851107676455436,4.121586810922206,1.2364760432766615,3.2972694487377643,0.0,0.0,7.006697578567749,6.182380216383308,10.303967027305514,2.8851107676455436,2.8851107676455436,2.8851107676455436,6.594538897475529,2.060793405461103,0.8243173621844411,-7.41885625965997,19.371458011334365,82.43173621844412,38.33075734157651,28.851107676455435,12.673879443585781,12.673879443585781,0.37781212433453537,18.992272024729523,184.82843894899537,183.03142709943327,2400.0,40.0,203.60638845955694,494.6178945560707,195.77537351880477,183.9299330242143,74.4463622335668,37.0,17.02127659574468,47.2972972972973,2.1505376344086025,7.142857142857142,4.294478527607362,0.13513513513513514,30.434782608695656,50.0,71.42857142857143,49.90019960079841,23.5,1.25,26.200000000000003,86.80555555555556,43.08311348823861,0.0,0.0,4.366666666666667
181801,1932,69789,"SUAREZ, F.","SUAREZ, FRANCISCO",1,0.26666666666666666,0.0,0.0,0.0,0.0,0.0,0.0,0.0,0.0,0.0,0.0,0.0,0.0,0.0,0.0,0.0,0.0,0.0,0.0,3.0,0.0,1.0,0.0,0.0,0.0,0.0,0.05,0.05,0.0,0.0,289.28,292.15999999999997,16.0,0.26666666666666666,294.0,800.0,329.0,290.72,0.4960826804467412,00:16,False,ARGENTINO (J),ARGENTINO (J) vs INSTITUTO (018/05/2025 20:30),ARGENTINO (J),INSTITUTO,INSTITUTO,18/05/2025,0.0,0.0,0.0,0.0,0.0,0.0,0.0,0.0,0.0,0.0,0.0,0.0,0.0,0.0,0.0,0.0,0.0,0.0,120.0,0.0,40.0,0.0,0.0,2.0,2.0,0.0,0.0,11571.199999999999,11686.399999999998,640.0,10.666666666666666,11760.0,32000.0,13160.0,11628.800000000001,19.843307217869647,0.0,,,,,,,,,,,0.0,,0.0,,0.19311268322269842,0.0,0.0,0.0
323433,1869,69992,"TABAREZ, P.","TABAREZ, PATRICIO CARLOS",36,24.214351851851852,449.0,119.0,43.0,162.0,68.0,32.0,57.0,16.0,5.0,83.0,111.0,487.0,81.0,55.0,66.0,132.0,89.0,19.0,97.0,437.0,1906.0,810.0,813.0,0.0,0.0,227.39999999999998,227.39999999999998,47.86666666666666,395.52,2779.32,2771.2400000000002,52303.0,871.7166666666667,3085.0,7224.966666666666,2982.0,2775.2799999999997,1677.5977398254556,16:20,False,QUIMSA,INSTITUTO vs QUIMSA (002/12/2024 22:10),INSTITUTO,QUIMSA,INSTITUTO,02/12/2024,20.60302468309657,5.460489838059002,1.9731181767776227,7.433608014836625,3.1202799074622867,1.4683670152763704,2.615528745961035,0.7341835076381852,0.22943234613693286,3.8085769458730856,5.09339808423991,22.346710513737264,3.7168040074183124,2.5237558075062614,3.028506969007514,6.057013938015028,4.083895761237405,0.8718429153203449,4.4509875150564975,20.052387052367934,87.45961034739881,37.168040074183125,37.30569948186528,10.434583102307705,10.434583102307705,2.1964323270175705,18.149016308815938,127.53318165306005,127.16241898170279,2400.0,40.0,141.55975756648758,331.5282106188937,136.83345123606676,127.3478003173814,76.97903706443404,334.0,13.043478260869565,53.89221556886228,5.3086419753086425,14.637146371463713,9.981515711645102,0.26646706586826346,33.33333333333333,59.55882352941176,82.4074074074074,58.843573076116584,22.927597061909758,1.1929824561403508,407.6,113.52144012944984,64.95054205058015,0.0,0.0,11.322222222222223
225815,46,69144,"TAMAGUSUKU, T.","TAMAGUSUKU, TOBIAS",1,5.266666666666667,0.0,0.0,0.0,0.0,0.0,0.0,0.0,0.0,0.0,0.0,1.0,0.0,0.0,0.0,0.0,1.0,0.0,0.0,-3.0,1.0,12.0,7.0,6.0,0.0,0.0,5.1499999999999995,5.1499999999999995,0.0,1.0,307.44,304.28,316.0,5.266666666666667,307.0,799.95,363.0,305.86,10.054066666666667,00:00,False,FERRO,LA UNION FSA. vs FERRO (029/03/2025 21:30),LA UNION FSA.,FERRO,LA UNION FSA.,29/03/2025,0.0,0.0,0.0,0.0,0.0,0.0,0.0,0.0,0.0,0.0,7.59493670886076,0.0,0.0,0.0,0.0,7.59493670886076,0.0,0.0,-22.78481012658228,7.59493670886076,91.13924050632912,53.164556962025316,45.56962025316456,39.1139240506329,39.1139240506329,0.0,7.59493670886076,2334.987341772152,2310.9873417721515,2400.0,40.0,2331.6455696202534,6075.569620253164,2756.9620253164558,2322.987341772152,76.36000000000001,1.0,0.0,0.0,0.0,0.0,0.0,0.0,0.0,,,0.0,8.333333333333332,,-0.29999999999999993,0.0,3.9013472413226102,0.0,0.0,-0.29999999999999993
331821,76,69063,"TAVARES, M.","TAVARES DE OLIVEIRA, MAIQUE",6,8.497222222222222,11.0,10.0,5.0,15.0,2.0,1.0,2.0,0.0,1.0,13.0,3.0,6.0,4.0,8.0,1.0,2.0,0.0,0.0,-17.0,17.0,101.0,43.0,43.0,0.0,0.0,14.549999999999997,14.549999999999997,0.15,12.0,607.04,609.24,3059.0,50.983333333333334,677.0,1650.1,683.0,608.14,94.285506767748,00:00,False,OBRAS,OBRAS vs SAN MARTIN (C) (007/04/2025 20:30),OBRAS,SAN MARTIN (C),SAN MARTIN (C),07/04/2025,8.630271330500163,7.845701209545602,3.922850604772801,11.768551814318403,1.5691402419091205,0.7845701209545602,1.5691402419091205,0.0,0.7845701209545602,10.199411572409286,2.353710362863681,4.707420725727362,3.138280483818241,6.276560967636482,0.7845701209545602,1.5691402419091205,0.0,0.0,-13.337692056227526,13.337692056227526,79.24158221641059,33.736515201046096,33.736515201046096,11.41549525988885,11.41549525988885,0.11768551814318405,9.414841451454723,476.26544622425627,477.9915004903563,2400.0,40.0,531.1539718862373,1294.61915658712,535.8613926119647,477.1284733573063,73.97359144903406,15.0,11.76470588235294,36.666666666666664,11.627906976744185,23.25581395348837,17.441860465116278,0.0,33.33333333333333,33.33333333333333,,36.666666666666664,16.831683168316832,1.0,8.2,91.66666666666666,17.41245169733254,0.0,0.0,1.3666666666666665
276313,1424,69990,"THOMAS, C.","THOMAS III, CHARLES PRICE",34,20.47549019607843,456.0,134.0,55.0,189.0,41.0,19.0,53.0,10.0,8.0,71.0,141.0,585.0,165.0,92.0,8.0,13.0,102.0,34.0,99.0,386.0,1385.0,610.0,650.0,0.0,0.0,133.3833333333333,136.29999999999998,39.63333333333333,335.84,2483.96,2488.7200000000003,41770.0,696.1666666666666,2707.0,6824.966666666667,2647.0,2486.34,1264.3105709494637,23:35,True,REGATAS (C),REGATAS (C) vs GIMNASIA (CR) (002/12/2024 21:30),REGATAS (C),GIMNASIA (CR),GIMNASIA (CR),02/12/2024,26.200622456308356,7.699305721809911,3.1601627962652623,10.859468518075175,2.3557577208522864,1.0916926023461815,3.04524778549198,0.5745750538664114,0.4596600430931291,4.07948288245152,8.1015082595164,33.61264065118506,9.480488388795788,5.286090495570984,0.4596600430931291,0.7469475700263348,5.860665549437396,1.9535551831457985,5.688293033277471,22.178597079243477,79.57864496049797,35.049078285851095,37.34737850131673,7.663873593488147,7.831457984199185,2.2772324634905434,19.296528609049556,142.7221450802011,142.99564280584153,2400.0,40.0,155.53746708163754,392.1455590136462,152.09001675843908,142.85889394302131,72.64413144071614,278.0,13.730569948186528,63.669064748201436,9.01639344262295,20.615384615384617,15.0,0.3669064748201439,38.095238095238095,64.2023346303502,75.0,67.48756807956428,27.870036101083034,0.7735849056603774,411.0,135.77894235350166,54.13611356396016,0.0,0.0,12.088235294117647
327540,2376,69996,"THOMAS, M.","THOMAS JR, MARCUS WILEY",38,28.088596491228074,596.0,119.0,21.0,140.0,84.0,32.0,67.0,0.0,5.0,67.0,169.0,607.0,160.0,159.0,44.0,84.0,144.0,32.0,82.0,587.0,2160.0,984.0,952.0,0.0,0.0,236.68333333333334,241.68333333333334,62.63333333333333,570.4399999999999,2798.76,2800.6,64042.0,1067.3666666666668,3085.0,7624.916666666667,2990.0,2799.6800000000003,1960.7263856243464,35:21,True,PEÑAROL (MDP),PLATENSE vs PEÑAROL (MDP) (011/10/2024 22:05),PLATENSE,PEÑAROL (MDP),PLATENSE,11/10/2024,22.33534243152931,4.459573404952999,0.7869835420505293,5.246556947003528,3.1479341682021174,1.1992130164579493,2.510852253208831,0.0,0.18737703382155457,2.510852253208831,6.333343743168545,22.747571905936724,5.996065082289746,5.9585896755254355,1.6489178976296803,3.1479341682021174,5.396458574060771,1.1992130164579493,3.0729833546734953,21.99806377065051,80.94687861091158,36.875800256081945,35.67658723962399,8.869804190999655,9.05718122482121,2.3472096436713406,21.377471034633516,104.88466943568284,104.95362418412915,2399.9999999999995,40.0,115.61162986789918,285.746853627307,112.05146622528964,104.91914680990601,73.47901885478953,447.0,11.41396933560477,50.5592841163311,2.1341463414634148,12.5,7.231404958677685,0.3221476510067114,34.375,50.15673981191222,81.81818181818183,56.82251544504614,27.175925925925924,1.2537313432835822,496.5,104.48075170044177,74.79480577053009,0.0,0.0,13.06578947368421
329464,1882,69822,"THOMAS, D.","THOMAS, DISCHON KYIR",20,22.184166666666666,243.0,59.0,16.0,75.0,11.0,10.0,24.0,8.0,1.0,29.0,49.0,242.0,47.0,40.0,35.0,46.0,44.0,14.0,-4.0,217.0,910.0,395.0,389.0,0.0,0.0,143.96666666666667,143.96666666666667,16.2,201.52,1513.56,1523.4,26621.0,443.68333333333334,1631.0,3999.8166666666666,1728.0,1518.48,844.8096502908246,21:23,False,OLIMPICO (LB),LA UNION FSA. vs OLIMPICO (LB) (014/05/2025 21:30),LA UNION FSA.,OLIMPICO (LB),LA UNION FSA.,14/05/2025,21.907516622215546,5.319108974118177,1.4424702302693362,6.761579204387513,0.9916982833101686,0.9015438939183351,2.1637053454040043,0.7212351151346681,0.09015438939183351,2.614477292363172,4.417565080199842,21.81736223282371,4.237256301416175,3.6061755756733405,3.155403628714173,4.1471019120243415,3.9667931332406745,1.2621614514856692,-0.36061755756733405,19.563502498027873,82.04049434656851,35.61098380977424,35.07005747342323,12.979226926110965,12.979226926110965,1.4605011081477028,18.167912550242292,136.4540776079035,137.3411967995192,2400.0,40.0,147.04180909808048,360.6010292626122,155.7867848690883,136.89763720371135,76.1632981742977,168.0,11.059907834101383,59.226190476190474,4.050632911392405,15.167095115681233,9.566326530612244,0.2619047619047619,43.20987654320987,54.02298850574713,75.86206896551724,62.78420835055808,23.846153846153847,0.4583333333333333,203.59999999999997,120.583564906709,63.31243419114611,0.0,0.0,10.179999999999998
359634,1932,69789,"THORNTON, R.","THORNTON, RAYNERE ZYNIQUE",8,35.864583333333336,128.0,42.0,16.0,58.0,20.0,14.0,15.0,4.0,5.0,21.0,33.0,139.0,44.0,53.0,7.0,12.0,19.0,12.0,-104.0,145.0,574.0,275.0,241.0,0.0,0.0,65.78333333333333,65.78333333333333,6.333333333333333,128.64,576.4399999999999,587.08,17215.0,286.9166666666667,566.0,1600.05,670.0,581.76,521.4862910944793,36:57,True,ARGENTINO (J),BOCA vs ARGENTINO (J) (020/05/2025 20:30),BOCA,ARGENTINO (J),BOCA,20/05/2025,17.84490270113273,5.8553586988091775,2.2306128376415915,8.085971536450769,2.788266047051989,1.9517862329363924,2.091199535288992,0.5576532094103979,0.6970665117629973,2.9276793494045887,4.600638977635782,19.378449027011328,6.134185303514377,7.388905024687772,0.9758931164681962,1.6729596282311938,2.64885274469939,1.6729596282311938,-14.498983444670344,20.214928841126923,80.0232355503921,38.33865814696485,33.59860586697647,9.171071739761835,9.171071739761835,0.8829509148997966,17.934127214638394,80.36340400813243,81.8467615451641,2399.9999999999995,40.0,78.9079291315713,223.06825442927678,93.40691257624165,81.10508277664827,72.70212597309035,116.0,10.344827586206897,46.98275862068966,5.818181818181818,17.42738589211618,11.24031007751938,0.16379310344827586,36.84210526315789,45.36082474226804,61.29032258064516,49.36747917309473,25.261324041811843,1.3333333333333333,119.60000000000002,99.50248756218907,103.24435222082323,0.0,0.0,14.950000000000003
211116,2376,69996,"THORNTON, W.","THORNTON, WILLIE ALFORD",37,29.625225225225222,669.0,187.0,45.0,232.0,47.0,16.0,47.0,16.0,12.0,73.0,200.0,770.0,171.0,161.0,46.0,83.0,189.0,34.0,36.0,601.0,2185.0,989.0,955.0,0.0,0.0,269.26666666666665,274.26666666666665,63.86666666666667,561.12,2723.28,2727.12,65768.0,1096.1333333333332,3004.0,7424.916666666667,2924.0,2725.2000000000003,2014.866341330977,33:18,True,PEÑAROL (MDP),PLATENSE vs PEÑAROL (MDP) (011/10/2024 22:05),PLATENSE,PEÑAROL (MDP),PLATENSE,11/10/2024,24.413088432064228,6.823987349470868,1.6421359931881767,8.466123342659044,1.7151198151076512,0.5838705753557962,1.7151198151076512,0.5838705753557962,0.4379029315168471,2.6639095000608206,7.298382191947452,28.09877143899769,6.240116774115072,5.8751976645176995,1.678627904147914,3.028828609658193,6.8969711713903425,1.240724972631067,1.3137087945505415,21.931638486802093,79.73482544702593,36.09049993918015,34.849774966549084,9.826055224425254,10.008514779223939,2.33061671329522,20.476341077727774,99.3776912784333,99.51782021651867,2400.0000000000005,40.0,109.62170052305075,270.9493978834692,106.70234764627175,99.44775574747601,73.5263231236216,461.0,7.820299500831947,52.060737527114966,4.550050556117291,19.581151832460733,11.934156378600823,0.40997830802603036,35.65891472868217,51.50602409638554,84.75336322869956,59.82615538703677,27.50572082379863,1.0,588.6,119.22583404619334,79.32810232615228,0.0,0.0,15.90810810810811
326655,80,70071,"THYGESEN, F.","THYGESEN, FERMIN VALDEMAR",38,13.728947368421053,158.0,44.0,8.0,52.0,73.0,19.0,24.0,0.0,1.0,68.0,45.0,169.0,24.0,23.0,29.0,52.0,23.0,10.0,-80.0,167.0,1021.0,479.0,456.0,0.0,0.0,125.33333333333334,125.33333333333334,12.066666666666666,158.52,2807.84,2771.52,31302.0,521.7,3018.0,7650.033333333333,3125.0,2789.68,951.492486712032,16:32,False,PLATENSE,PLATENSE vs PEÑAROL (MDP) (011/10/2024 22:05),PLATENSE,PEÑAROL (MDP),PEÑAROL (MDP),11/10/2024,12.114241901475944,3.3735863523097565,0.613379336783592,3.9869656890933487,5.597086448150278,1.4567759248610312,1.840138010350776,0.0,0.076672417097949,5.213724362660532,3.4502587694077054,12.957638489553382,1.840138010350776,1.763465593252827,2.2235000958405213,3.9869656890933487,1.763465593252827,0.7667241709794901,-6.133793367835921,12.804293655357483,78.28253785700593,36.72608778991757,34.962622196664746,9.60960960960961,9.60960960960961,0.9251804996485846,12.154111558366878,215.28387962430514,212.4991374353076,2399.9999999999995,40.0,231.3973548016101,586.5465465465464,239.60130343109063,213.89150852980637,72.95322880674962,128.0,14.37125748502994,52.734375,1.6701461377870561,9.649122807017543,5.561497326203209,0.1796875,35.80246913580247,51.06382978723404,69.6969696969697,55.43081672747684,16.35651322233105,3.0416666666666665,153.29999999999995,99.67196568256371,38.20894192397985,0.0,0.0,4.034210526315788
189628,2376,69996,"TOLOSA, F.","TOLOSA, FACUNDO GERMAN",34,7.009313725490196,102.0,22.0,2.0,24.0,7.0,5.0,5.0,4.0,2.0,24.0,18.0,77.0,8.0,6.0,22.0,38.0,20.0,8.0,-3.0,93.0,487.0,222.0,226.0,0.0,0.0,76.4,76.4,1.7333333333333334,89.32,2798.76,2800.6,14299.0,238.31666666666666,3085.0,7624.916666666667,2990.0,2799.6800000000003,443.6293451026239,02:37,False,PEÑAROL (MDP),PLATENSE vs PEÑAROL (MDP) (011/10/2024 22:05),PLATENSE,PEÑAROL (MDP),PLATENSE,11/10/2024,17.120078327155746,3.6925659137002587,0.33568781033638717,4.028253724036646,1.174907336177355,0.8392195258409679,0.8392195258409679,0.6713756206727743,0.33568781033638717,4.028253724036646,3.0211902930274848,12.923980697950906,1.3427512413455487,1.0070634310091615,3.6925659137002587,6.378068396391356,3.3568781033638717,1.3427512413455487,-0.5035317155045808,15.609483180642004,81.73998181691027,37.26134694733898,37.93272256801175,12.823274354849993,12.823274354849993,0.2909294356248689,14.99181760962305,469.7548080285335,470.0636408140429,2400.0,40.0,517.7984474438772,1279.7957899153787,501.8532764528988,469.9092244212883,74.46048172923264,74.0,5.376344086021505,55.4054054054054,0.9009009009009009,9.734513274336283,5.357142857142857,0.2702702702702703,36.666666666666664,57.14285714285714,71.42857142857143,59.082483781278974,19.096509240246405,1.4,82.69999999999999,114.1961486789073,16.92289701629759,0.0,0.0,2.4323529411764704
205785,1498,70040,"TOMATIS, T.","TOMATIS, TIAGO",11,1.8560606060606062,7.0,2.0,0.0,2.0,1.0,0.0,0.0,0.0,0.0,4.0,1.0,4.0,1.0,1.0,1.0,2.0,2.0,0.0,9.0,6.0,38.0,13.0,21.0,0.0,0.0,17.45,17.45,3.0500000000000003,5.88,2415.04,2427.96,1225.0,20.416666666666668,2613.0,6649.9,2690.0,2421.5,37.187667234341674,00:00,False,ATENAS (C),ATENAS (C) vs ARGENTINO (J) (001/12/2024 20:30),ATENAS (C),ARGENTINO (J),ARGENTINO (J),01/12/2024,13.714285714285715,3.9183673469387754,0.0,3.9183673469387754,1.9591836734693877,0.0,0.0,0.0,0.0,7.836734693877551,1.9591836734693877,7.836734693877551,1.9591836734693877,1.9591836734693877,1.9591836734693877,3.9183673469387754,3.9183673469387754,0.0,17.632653061224488,11.755102040816325,74.44897959183673,25.46938775510204,41.14285714285714,34.18775510204081,34.18775510204081,5.975510204081633,11.52,4731.506938775509,4756.819591836735,2400.0,40.0,5119.34693877551,13028.37551020408,5270.2040816326535,4744.163265306122,72.8574704999347,5.0,0.0,50.0,0.0,9.523809523809524,5.88235294117647,0.4,33.33333333333333,50.0,100.0,59.523809523809526,15.789473684210526,,5.199999999999999,119.04761904761905,1.7060248791078914,0.0,0.0,0.47272727272727266
269193,1474,68570,"TORETTA, E.","TORETTA, EMILIANO",38,21.049122807017543,323.0,90.0,21.0,111.0,104.0,41.0,49.0,1.0,9.0,74.0,80.0,351.0,49.0,42.0,56.0,124.0,57.0,11.0,146.0,348.0,1621.0,734.0,676.0,0.0,0.0,270.8666666666667,270.8666666666667,56.349999999999994,328.92,2783.56,2770.04,47992.0,799.8666666666667,3141.0,7600.05,2985.0,2776.8,1459.511846555019,20:31,False,GIMNASIA (CR),SAN MARTIN (C) vs GIMNASIA (CR) (004/12/2024 21:30),SAN MARTIN (C),GIMNASIA (CR),SAN MARTIN (C),04/12/2024,16.152692115352558,4.500750125020836,1.0501750291715286,5.550925154192365,5.20086681113519,2.0503417236206034,2.4504084014002334,0.050008334722453744,0.45007501250208365,3.7006167694615772,4.000666777796299,17.552925487581263,2.4504084014002334,2.100350058343057,2.8004667444574096,6.201033505584263,2.8504750791798634,0.5500916819469912,7.301216869478246,17.4029004834139,81.06351058509752,36.70611768628105,33.80563427237873,13.545590931821971,13.545590931821971,2.8179696616102676,16.448741456909485,139.20120020003333,138.52508751458575,2400.0,40.0,157.0761793632272,380.06584430738457,149.27487914652443,138.86314385730955,72.98775695390994,271.0,14.080459770114942,49.07749077490775,2.861035422343324,13.313609467455622,7.872340425531915,0.21033210332103322,31.11111111111111,53.84615384615385,83.82352941176471,53.6687491692144,21.46822948797039,2.122448979591837,314.9,98.20017025416514,56.5021966658092,0.0,0.0,8.286842105263156
323987,1932,69789,"TORNE, E.","TORNE, EDGARDO RUBEN",11,14.506060606060606,48.0,20.0,13.0,33.0,3.0,4.0,7.0,0.0,4.0,18.0,12.0,50.0,14.0,12.0,4.0,4.0,8.0,5.0,-47.0,47.0,322.0,147.0,140.0,0.0,0.0,48.050000000000004,48.050000000000004,7.866666666666666,33.72,819.04,817.88,9574.0,159.56666666666666,800.0,2225.0166666666664,937.0,818.46,298.9138924583705,06:43,False,ARGENTINO (J),ARGENTINO (J) vs BOCA (005/12/2024 21:00),ARGENTINO (J),BOCA,BOCA,05/12/2024,12.032588259870483,5.013578441612702,3.2588259870482554,8.272404428660957,0.7520367662419052,1.00271568832254,1.7547524545644455,0.0,1.00271568832254,4.512220597451432,3.0081470649676207,12.533946104031752,3.509504909128891,3.0081470649676207,1.00271568832254,1.00271568832254,2.00543137664508,1.2533946104031755,-11.781909337789848,11.781909337789848,80.71861290996449,36.84980154585335,35.095049091288914,12.045122205974517,12.045122205974517,1.9720075203676624,8.452893252559013,205.31606434092333,205.0252767913098,2400.0,40.0,200.54313766450804,557.7647796114477,234.88614998955507,205.1706705661166,74.93141235639119,34.0,14.893617021276595,58.8235294117647,8.843537414965986,14.285714285714285,11.498257839721255,0.23529411764705882,50.0,53.84615384615385,61.53846153846154,60.42296072507553,14.596273291925465,0.42857142857142855,42.800000000000004,142.34875444839858,41.81104193490119,0.0,0.0,3.890909090909091
218487,2305,69510,"TORRESI, J.","TORRESI, JONATAN FABIAN",37,21.05045045045045,339.0,105.0,29.0,134.0,39.0,29.0,36.0,3.0,2.0,55.0,47.0,366.0,111.0,62.0,32.0,53.0,21.0,17.0,126.0,310.0,1626.0,691.0,759.0,0.0,0.0,200.14999999999998,200.14999999999998,33.08333333333333,281.72,2851.32,2848.88,46732.0,778.8666666666667,3137.0,7599.616666666667,2956.0,2850.1,1460.2467878301284,19:07,False,OBERA,OBERA vs RIACHUELO (LR) (001/12/2024 21:00),OBERA,RIACHUELO (LR),RIACHUELO (LR),01/12/2024,17.40991183771292,5.392450569203115,1.4893434905418128,6.881794059744929,2.0029102114183,1.4893434905418128,1.8488401951553541,0.15407001626294614,0.10271334417529743,2.82461696482068,2.41376358811949,18.796541984079433,5.700590601729008,3.1841136694342205,1.6434135068047588,2.7219036206453824,1.078490113840623,0.8730634254900282,6.470940683043739,15.920568347171102,83.50594881451683,35.48746041256527,38.97971411452538,10.27903791834289,10.27903791834289,1.6990499015663783,14.468201660532397,146.43430625695456,146.3089959770607,2400.0,40.0,161.10588033895402,390.29102114183,151.8103226910896,146.37165111700762,74.99341544963426,258.0,11.612903225806452,61.627906976744185,4.196816208393632,13.83399209486166,9.241379310344827,0.08139534883720931,37.64705882352941,64.16184971098265,55.26315789473685,61.69918462434478,19.06519065190652,1.0833333333333333,307.00000000000006,120.3322447820531,53.13865681851519,0.0,0.0,8.297297297297298
268139,19,70600,"TORRIANI, M.","TORRIANI, MARTIN",5,0.95,0.0,0.0,0.0,0.0,0.0,0.0,0.0,0.0,0.0,1.0,0.0,-3.0,0.0,0.0,0.0,2.0,0.0,0.0,-6.0,2.0,8.0,4.0,5.0,0.0,0.0,3.5,3.5,0.016666666666666666,2.0,1676.16,1702.92,285.0,4.75,1811.0,4599.966666666667,1731.0,1689.54,8.43568150540323,00:00,False,BOCA,ARGENTINO (J) vs BOCA (005/12/2024 21:00),ARGENTINO (J),BOCA,ARGENTINO (J),05/12/2024,0.0,0.0,0.0,0.0,0.0,0.0,0.0,0.0,0.0,8.421052631578947,0.0,-25.263157894736842,0.0,0.0,0.0,16.842105263157894,0.0,0.0,-50.526315789473685,16.842105263157894,67.36842105263158,33.68421052631579,42.10526315789473,29.473684210526315,29.473684210526315,0.14035087719298245,16.842105263157894,14115.031578947368,14340.378947368423,2400.0,40.0,15250.526315789473,38736.56140350878,14576.842105263158,14227.705263157895,71.03731794023771,2.0,0.0,0.0,0.0,0.0,0.0,0.0,0.0,,,0.0,25.0,,-0.9999999999999999,0.0,0.5115728923705912,0.0,0.0,-0.19999999999999998
337593,2314,69185,"TRELLES, M.","TRELLES FALCON, MARTIN",17,25.409803921568624,169.0,71.0,3.0,74.0,51.0,16.0,44.0,0.0,15.0,48.0,40.0,152.0,28.0,31.0,29.0,51.0,26.0,9.0,-144.0,198.0,860.0,373.0,388.0,0.0,0.0,96.11666666666666,96.13333333333333,14.98333333333333,195.4,1288.2,1319.24,25918.0,431.96666666666664,1309.0,3423.7833333333333,1473.0,1303.72,826.4960408643863,07:05,True,ZARATE BASKET,PLATENSE vs ZARATE BASKET (011/05/2025 20:00),PLATENSE,ZARATE BASKET,PLATENSE,11/05/2025,15.649355660158964,6.574581372019447,0.2777992129022301,6.852380584921677,4.722586619337912,1.4815958021452276,4.074388455899375,0.0,1.3889960645111508,4.444787406435681,3.7039895053630683,14.07516012037966,2.592792653754148,2.870591866656378,2.6853923913882243,4.722586619337912,2.4075931784859943,0.8333976387066904,-13.334362219307046,18.33474805154719,79.63577436530598,34.539702137510616,35.928698202021764,8.90037811559534,8.901921444555907,1.3874527355505826,18.093988733698588,119.28698202021762,122.16127787637936,2400.0000000000005,40.0,121.21305656300642,317.0414383825913,136.39941353499498,120.72412994829848,76.53331653964531,139.0,22.22222222222222,51.43884892086331,0.8042895442359249,18.298969072164947,9.724047306176084,0.18705035971223022,36.25,47.45762711864407,74.28571428571429,54.72797927461139,23.02325581395349,1.1590909090909092,135.59999999999997,86.48925281473899,71.63683973985799,0.0,0.0,7.976470588235292
211353,1903,69941,"TRIGO, L.","TRIGO, LAUTARO EZEQUIEL",0,,0.0,0.0,0.0,0.0,0.0,0.0,0.0,0.0,0.0,0.0,0.0,0.0,0.0,0.0,0.0,0.0,0.0,0.0,0.0,0.0,0.0,0.0,0.0,0.0,0.0,0.0,0.0,0.0,0.0,80.36,77.16,0.0,0.0,90.0,200.0,86.0,78.75999999999999,0.0,00:00,False,RIACHUELO (LR),RIACHUELO (LR) vs LA UNION FSA. (013/11/2024 21:30),RIACHUELO (LR),LA UNION FSA.,LA UNION FSA.,13/11/2024,0.0,0.0,0.0,0.0,0.0,0.0,0.0,0.0,0.0,0.0,0.0,0.0,0.0,0.0,0.0,0.0,0.0,0.0,0.0,0.0,0.0,0.0,0.0,0.0,0.0,0.0,0.0,3214.4,3086.3999999999996,0.0,0.0,3600.0,8000.0,3440.0,3150.3999999999996,0.0,0.0,,,,,,,,,,,,,0.0,,,0.0,0.0,
338268,1903,69941,"TROCHA, T.","TROCHA MORELOS, TONNY JOSE",16,16.316666666666666,69.0,34.0,13.0,47.0,9.0,9.0,10.0,11.0,1.0,13.0,11.0,86.0,8.0,11.0,14.0,32.0,11.0,3.0,-4.0,82.0,536.0,254.0,243.0,0.0,0.0,100.98333333333332,100.98333333333332,10.266666666666667,68.16,1181.68,1183.52,15664.0,261.06666666666666,1283.0,3199.883333333333,1298.0,1182.6,484.97318065717286,28:46,False,RIACHUELO (LR),PEÑAROL (MDP) vs RIACHUELO (LR) (019/05/2025 21:00),PEÑAROL (MDP),RIACHUELO (LR),PEÑAROL (MDP),19/05/2025,10.572012257405516,5.2093973442288055,1.9918283963227785,7.201225740551584,1.3789581205311543,1.3789581205311543,1.5321756894790604,1.6853932584269662,0.15321756894790603,1.9918283963227785,1.6853932584269662,13.176710929519919,1.2257405515832482,1.6853932584269662,2.1450459652706844,4.902962206332993,1.6853932584269662,0.4596527068437181,-0.6128702757916241,12.563840653728295,82.12461695607763,38.91726251276813,37.23186925434116,15.472420837589375,15.472420837589375,1.5730337078651688,10.443309499489274,181.05413687436163,181.33605720122574,2400.0,40.0,196.57814096016347,490.2783452502553,198.87640449438203,181.19509703779363,74.30641174522566,65.0,12.195121951219512,44.61538461538461,5.118110236220472,13.991769547325102,9.456740442655935,0.16923076923076924,30.434782608695656,42.10526315789473,78.57142857142857,48.48229342327151,15.298507462686567,0.9,75.39999999999999,101.2323943661972,45.01082036737969,0.0,0.0,4.7124999999999995
175587,1882,69822,"TUNDIS, L.","TUNDIS, LUCIANO",1,0.9666666666666667,0.0,0.0,0.0,0.0,0.0,0.0,0.0,0.0,0.0,0.0,0.0,0.0,0.0,0.0,0.0,0.0,0.0,0.0,-2.0,0.0,0.0,0.0,0.0,0.0,0.0,0.7333333333333333,0.7333333333333333,0.0,0.0,825.4,822.6,58.0,0.9666666666666667,901.0,2200.0833333333335,890.0,824.0,1.8231333333333335,00:00,False,OLIMPICO (LB),FERRO vs OLIMPICO (LB) (029/04/2025 20:30),FERRO,OLIMPICO (LB),FERRO,29/04/2025,0.0,0.0,0.0,0.0,0.0,0.0,0.0,0.0,0.0,0.0,0.0,0.0,0.0,0.0,0.0,0.0,0.0,0.0,-80.0,0.0,0.0,0.0,0.0,29.333333333333332,29.333333333333332,0.0,0.0,33016.0,32904.0,2320.0,38.666666666666664,36040.0,88003.33333333334,35600.0,32960.0,72.92533333333334,0.0,,,,,,,,,,,,,0.0,,0.23897653976088198,0.0,0.0,0.0
327199,88,69164,"VALDIVIESO, A.","VALDIVIESO, AYRTON",9,8.012962962962963,10.0,10.0,2.0,12.0,8.0,1.0,5.0,1.0,1.0,15.0,7.0,11.0,5.0,3.0,0.0,3.0,0.0,1.0,-39.0,16.0,152.0,72.0,66.0,0.0,0.0,16.550000000000004,16.550000000000004,1.5833333333333333,15.440000000000001,1325.96,1301.32,4327.0,72.11666666666666,1280.0,3399.8166666666666,1349.0,1313.64,141.15503166367446,03:39,False,SAN LORENZO,OBRAS vs SAN LORENZO (027/11/2024 19:00),OBRAS,SAN LORENZO,OBRAS,27/11/2024,5.546568061012249,5.546568061012249,1.1093136122024498,6.655881673214699,4.437254448809799,0.5546568061012249,2.7732840305061246,0.5546568061012249,0.5546568061012249,8.319852091518374,3.8825976427085744,6.101224867113474,2.7732840305061246,1.6639704183036748,0.0,1.6639704183036748,0.0,0.5546568061012249,-21.631615437947772,8.874508897619599,84.30783452738618,39.9352900392882,36.607349202680844,9.179570140975276,9.179570140975276,0.8782066096602728,8.563901086202913,735.4527386179802,721.7859949156459,2400.0000000000005,40.0,709.9607118095679,1885.731453663046,748.2320314305524,728.6193667668131,78.29259902769095,11.0,31.25,45.45454545454545,2.7777777777777777,15.151515151515152,8.695652173913043,0.0,0.0,62.5,0.0,43.70629370629371,10.526315789473683,1.6,7.0,64.76683937823834,11.035544997868477,0.0,0.0,0.7777777777777778
235314,1498,70040,"VALFRE, F.","VALFRE, FACUNDO NICOLAS",2,1.3333333333333333,0.0,0.0,0.0,0.0,0.0,0.0,0.0,0.0,0.0,0.0,0.0,0.0,0.0,0.0,0.0,0.0,0.0,0.0,0.0,0.0,7.0,3.0,1.0,0.0,0.0,2.016666666666667,2.016666666666667,0.06666666666666667,0.0,1142.28,1159.04,160.0,2.6666666666666665,1258.0,3199.95,1250.0,1150.66,4.65663610509209,00:00,False,ATENAS (C),ATENAS (C) vs OBERA (017/05/2025 11:30),ATENAS (C),OBERA,OBERA,17/05/2025,0.0,0.0,0.0,0.0,0.0,0.0,0.0,0.0,0.0,0.0,0.0,0.0,0.0,0.0,0.0,0.0,0.0,0.0,0.0,0.0,105.0,45.0,15.0,30.250000000000007,30.250000000000007,1.0,0.0,17134.2,17385.6,2400.0,40.0,18870.0,47999.25,18750.0,17259.9,69.84954157638136,0.0,,,0.0,0.0,0.0,,,,,,0.0,,0.0,,0.43965429177091925,0.0,0.0,0.0
324888,2025,69418,"VALLEJOS, R.","VALLEJOS, ROLANDO EXEQUIEL",38,27.03859649122807,484.0,141.0,31.0,172.0,27.0,14.0,34.0,5.0,7.0,67.0,54.0,401.0,104.0,82.0,78.0,147.0,42.0,18.0,-71.0,470.0,2205.0,983.0,1003.0,0.0,0.0,220.26666666666665,220.26666666666665,56.599999999999994,440.4,2922.2,2941.84,61648.0,1027.4666666666667,3237.0,7599.916666666667,3348.0,2932.02,1986.7324664174791,27:34,True,INDEPENDIENTE (O),INDEPENDIENTE (O) vs QUIMSA (030/11/2024 20:30),INDEPENDIENTE (O),QUIMSA,QUIMSA,30/11/2024,18.842460420451598,5.489229172073708,1.206851803789255,6.696080975862964,1.051128990397093,0.5450298468725668,1.3236439138333767,0.19465351674020245,0.2725149234362834,2.6083571243187125,2.102257980794186,15.611212042564235,4.048793148196211,3.19231767453932,3.0365948611471576,5.722813392161951,1.6350895406177004,0.7007526602647287,-2.7640799377108745,18.297430573579028,85.84220088242928,38.2688813911238,39.04749545808461,8.575136257461718,8.575136257461718,2.2034778094990912,17.14508175447703,113.7633013236439,114.52790033739943,2400.0,40.0,126.01868673760706,295.8701012198287,130.33999480923956,114.14560083052166,77.34489228201969,411.0,7.234042553191489,53.771289537712896,3.1536113936927768,14.057826520438685,8.66062437059416,0.10218978102189781,34.66666666666667,55.91397849462365,70.0,55.32693187014175,21.31519274376417,0.7941176470588235,393.09999999999997,109.90009082652135,77.37414322883426,0.0,0.0,10.344736842105263
272035,1869,69992,"VASIRANI, E.","VASIRANI, EDUARDO MARTIN",38,16.169736842105266,203.0,92.0,52.0,144.0,20.0,29.0,20.0,13.0,5.0,76.0,36.0,246.0,93.0,85.0,0.0,0.0,17.0,13.0,180.0,212.0,1326.0,620.0,573.0,0.0,0.0,203.71666666666664,203.71666666666664,2.75,159.2,2925.36,2897.48,36867.0,614.45,3320.0,7650.05,2973.0,2911.42,1174.6537154793825,15:45,False,QUIMSA,INSTITUTO vs QUIMSA (002/12/2024 22:10),INSTITUTO,QUIMSA,INSTITUTO,02/12/2024,13.215070388152006,5.989095939458052,3.385141183171942,9.374237122629994,1.3019773781430546,1.8878671983074293,1.3019773781430546,0.8462852957929855,0.32549434453576365,4.947514036943607,2.3435592806574985,16.01432175115957,6.054194808365204,5.533403857107983,0.0,0.0,1.1066807714215965,0.8462852957929855,11.717796403287492,13.80096020831638,86.32110017088452,40.3612987224347,37.30165188379851,13.261724577535464,13.261724577535464,0.17902188949467002,10.363739930018713,190.43762714622832,188.6226706810969,2399.9999999999995,40.0,216.1282447717471,498.00960208316377,193.5389372609651,189.53014891366263,76.4686282352922,178.0,9.433962264150944,52.247191011235955,8.38709677419355,16.05584642233857,12.070410729253982,0.09550561797752809,,52.24719101123596,56.666666666666664,53.08577405857741,15.987933634992457,1.0,210.1,127.51256281407035,41.20073846880312,0.0,0.0,5.528947368421052
22406,80,70071,"VAZQUEZ, F.","VAZQUEZ, FACUNDO",33,27.585353535353534,421.0,111.0,16.0,127.0,143.0,35.0,72.0,0.0,17.0,104.0,149.0,483.0,65.0,82.0,67.0,93.0,90.0,24.0,-16.0,428.0,1839.0,843.0,801.0,0.0,0.0,208.6,213.60000000000002,55.449999999999996,413.15999999999997,2439.8,2418.32,54619.0,910.3166666666666,2598.0,6625.033333333333,2681.0,2429.06,1670.501215349298,33:41,True,PLATENSE,OBERA vs PLATENSE (028/11/2024 21:30),OBERA,PLATENSE,OBERA,28/11/2024,18.499057104670538,4.877423607169666,0.7030520514839158,5.580475658653582,6.2835277101374984,1.537926362621066,3.163734231677622,0.0,0.7469928047016606,4.569838334645453,6.547172229443968,21.223383804170712,2.8561489591534084,3.603141763855069,2.944030465588898,4.086490049250261,3.9546677895970266,1.0545780772258737,-0.7030520514839158,18.806642377194752,80.80704516743259,37.042054962558815,35.19654332741354,9.166041121221554,9.385744887310278,2.436514765923946,18.15456159944342,107.20664970065364,106.26280232153647,2400.0000000000005,40.0,114.15807685970086,291.10895475933285,117.80515937677366,106.73472601109503,73.40308165360616,307.0,16.822429906542055,53.90879478827362,1.8979833926453145,13.857677902621724,7.7250608272506085,0.2931596091205212,41.875,44.21768707482993,78.94736842105263,58.937171015791236,23.27351821642197,1.9861111111111112,385.29999999999995,101.89756994868817,75.9059142251789,0.0,0.0,11.675757575757574
266364,19,70600,"VEGA, S.","VEGA, SEBASTIAN ERNESTO",34,24.379411764705882,310.0,139.0,31.0,170.0,84.0,45.0,68.0,10.0,10.0,95.0,77.0,352.0,74.0,65.0,33.0,94.0,63.0,12.0,116.0,368.0,1694.0,728.0,808.0,0.0,0.0,147.45,152.45,51.416666666666664,336.0,2673.28,2694.0,49734.0,828.9,2937.0,7249.966666666667,2735.0,2683.64,1541.182990914523,16:29,False,BOCA,BOCA vs ZARATE BASKET (012/10/2024 11:30),BOCA,ZARATE BASKET,ZARATE BASKET,12/10/2024,14.959584992158284,6.707684883580649,1.4959584992158281,8.203643382796477,4.053564965617083,2.1715526601520088,3.281457353118591,0.4825672578115575,0.4825672578115575,4.584388949209796,3.715767885148993,16.986367474966823,3.5709977078055255,3.1366871757751236,1.59247195077814,4.53613222342864,3.0401737242128126,0.579080709373869,5.597780190614067,17.758475087465314,81.74689347327784,35.130896368681384,38.99143443117384,7.115454216431415,7.356737845337193,2.4811999839144248,16.21425986246833,129.00373989624805,130.0036192544336,2400.0,40.0,141.73000361925443,349.8596533558532,131.98214501146097,129.5036795753408,74.3724449711436,266.0,18.478260869565215,46.42857142857143,4.258241758241758,17.2029702970297,11.067708333333332,0.23684210526315788,25.984251968503933,53.23741007194245,84.0,51.83946488294314,21.723730814639904,1.2352941176470589,293.59999999999997,92.26190476190477,58.5287834743225,0.0,0.0,8.635294117647058
43613,76,69063,"VENEGAS, J.","VENEGAS SCHAEFER, JUAN PABLO",33,15.116161616161616,181.0,44.0,16.0,60.0,68.0,20.0,28.0,3.0,3.0,50.0,62.0,223.0,29.0,27.0,25.0,49.0,48.0,14.0,-12.0,185.0,960.0,431.0,454.0,0.0,0.0,169.08333333333334,169.08333333333334,16.366666666666667,169.28,2463.84,2488.44,29930.0,498.8333333333333,2748.0,6700.15,2655.0,2476.14,921.1274651548131,13:44,False,OBRAS,OBRAS vs SAN LORENZO (027/11/2024 19:00),OBRAS,SAN LORENZO,SAN LORENZO,27/11/2024,14.513865686602072,3.528232542599399,1.2829936518543268,4.811226194453726,5.452723020380889,1.6037420648179084,2.245238890745072,0.2405613097226863,0.2405613097226863,4.009355162044772,4.971600400935516,17.88172402271968,2.3254259939859674,2.1650517875041766,2.004677581022386,3.9291680588038758,3.848980955562981,1.122619445372536,-0.9622452388907452,14.834614099565652,76.97961911125961,34.56064149682593,36.404944871366524,13.558302706314736,13.558302706314736,1.3123955897093218,13.574072836618779,197.56819244904779,199.5407951887738,2400.0,40.0,220.35415970598063,537.2656197794855,212.89675910457734,198.5544938189108,73.86254314639329,130.0,15.135135135135137,51.15384615384615,3.7122969837587005,9.691629955947137,6.779661016949152,0.36923076923076925,33.78378378378378,51.78571428571429,77.41935483870968,57.540691759918616,19.270833333333336,2.4285714285714284,182.49999999999997,106.9234404536862,39.88821314736986,0.0,0.0,5.530303030303029
326882,1498,70040,"VICENS, A.","VICENS MOREY, ANTONI JAUME",8,11.277083333333334,41.0,9.0,5.0,14.0,2.0,4.0,2.0,0.0,0.0,7.0,15.0,42.0,10.0,10.0,4.0,10.0,9.0,5.0,26.0,43.0,182.0,78.0,75.0,0.0,0.0,9.366666666666665,12.866666666666664,3.499999999999999,37.16,813.88,809.36,5413.0,90.21666666666667,908.0,2250.0166666666664,848.0,811.62,166.42942693049943,11:27,False,ATENAS (C),ATENAS (C) vs ARGENTINO (J) (001/12/2024 20:30),ATENAS (C),ARGENTINO (J),ARGENTINO (J),01/12/2024,18.17845926473305,3.990393497136523,2.2168852761869573,6.20727877332348,0.8867541104747829,1.7735082209495658,0.8867541104747829,0.0,0.0,3.10363938666174,6.650655828560872,18.62183631997044,4.433770552373915,4.433770552373915,1.7735082209495658,4.433770552373915,3.990393497136523,2.2168852761869573,11.527803436172178,19.065213375207833,80.69462405320525,34.583410308516534,33.25327914280436,4.152965084056899,5.704784777387769,1.5518196933308697,16.475891372621465,360.8557177166082,358.8516534269352,2400.0,40.0,402.58636615555145,997.6057639017179,375.98374284130796,359.8536855717717,73.79098921729145,34.0,4.651162790697675,47.05882352941177,6.41025641025641,12.0,9.15032679738562,0.2647058823529412,28.57142857142857,50.0,64.28571428571429,51.04581673306773,23.626373626373624,1.0,35.60000000000001,110.33369214208828,21.425149283428777,0.0,0.0,4.450000000000001
367703,1903,69941,"VIETA, F.","VIETA STECHINA, FRANCO ADRIAN",3,19.51111111111111,35.0,10.0,0.0,10.0,2.0,1.0,4.0,0.0,3.0,7.0,9.0,25.0,9.0,7.0,3.0,10.0,8.0,1.0,-17.0,37.0,121.0,51.0,44.0,0.0,0.0,11.08333333333333,11.08333333333333,1.3,36.96,227.56,234.88,3512.0,58.53333333333333,252.0,599.9666666666667,278.0,231.22,113.24941233677835,27:53,True,RIACHUELO (LR),PEÑAROL (MDP) vs RIACHUELO (LR) (019/05/2025 21:00),PEÑAROL (MDP),RIACHUELO (LR),PEÑAROL (MDP),19/05/2025,23.917995444191344,6.833712984054669,0.0,6.833712984054669,1.366742596810934,0.683371298405467,2.733485193621868,0.0,2.050113895216401,4.783599088838269,6.150341685649203,17.084282460136674,6.150341685649203,4.783599088838269,2.050113895216401,6.833712984054669,5.466970387243736,0.683371298405467,-11.617312072892938,25.284738041002278,82.68792710706151,34.851936218678816,30.068337129840547,7.57403189066059,7.57403189066059,0.8883826879271072,25.25740318906606,155.5079726651481,160.51025056947609,2400.0,40.0,172.20956719817767,410.0,189.9772209567198,158.00911161731207,77.39139795224033,29.0,10.81081081081081,46.55172413793103,0.0,22.727272727272727,10.526315789473683,0.27586206896551724,23.076923076923077,56.25,88.88888888888889,53.09466019417476,30.57851239669421,0.5,24.500000000000004,94.69696969696969,58.90318651629452,0.0,0.0,8.166666666666668
266354,19,70600,"VILDOZA, J.","VILDOZA, JOSE IGNACIO",36,29.083796296296295,499.0,159.0,11.0,170.0,135.0,34.0,71.0,3.0,9.0,74.0,103.0,538.0,88.0,78.0,86.0,159.0,65.0,15.0,218.0,514.0,2113.0,902.0,1004.0,0.0,0.0,224.21666666666664,229.23333333333332,68.31666666666666,506.2,2744.12,2763.32,62821.0,1047.0166666666667,3025.0,7449.983333333334,2820.0,2753.72,1933.0818179933576,20:04,True,BOCA,BOCA vs ZARATE BASKET (012/10/2024 11:30),BOCA,ZARATE BASKET,ZARATE BASKET,12/10/2024,19.06368889384123,6.074401871985483,0.42024163894239186,6.494643510927874,5.1575110233839006,1.298928702185575,2.7124687604463475,0.11461135607519779,0.34383406822559337,2.8270801165215453,3.934989891915124,20.553636522818802,3.361933111539135,2.9798952579551425,3.2855255408223365,6.074401871985483,2.483246048295952,0.573056780375989,8.328425208131039,19.63674567421722,80.72459846229764,34.45981439327613,38.35660049983286,8.565925407109088,8.757581063657057,2.609955269734643,19.338756148421705,104.83577147769057,105.56928415657185,2400.0,40.0,115.56645070915776,284.61756419031855,107.73467471068592,105.2025278171312,73.85104285484246,411.0,13.813229571984436,52.798053527980535,1.2195121951219512,15.836653386454183,8.919202518363065,0.15815085158150852,35.10204081632653,53.01204819277109,81.25,55.916629314208876,24.32560340747752,1.9014084507042253,455.0999999999999,98.57763729751086,71.88943409560757,0.0,0.0,12.641666666666664
222956,1790,69616,"VILDOZA, L.","VILDOZA, LEANDRO",34,24.901470588235295,207.0,82.0,27.0,109.0,128.0,65.0,48.0,0.0,7.0,72.0,46.0,334.0,25.0,22.0,46.0,68.0,19.0,4.0,307.0,219.0,1763.0,771.0,792.0,0.0,0.0,160.9833333333333,165.1833333333333,36.166666666666664,192.12,2556.16,2562.0,50799.0,846.65,2815.0,6824.766666666666,2549.0,2559.08,1587.1908398299838,21:28,True,INSTITUTO,INSTITUTO vs QUIMSA (002/12/2024 22:10),INSTITUTO,QUIMSA,QUIMSA,02/12/2024,9.779720073229788,3.87409200968523,1.2756156617256245,5.149707671410855,6.0473631370696275,3.07092659304317,2.2677611764011103,0.0,0.3307151715584952,3.4016417646016657,2.1732711273843974,15.77983818579106,1.1811256127089116,1.0393905391838423,2.1732711273843974,3.2126616665682395,0.8976554656587727,0.18898009803342586,14.504222524065435,10.346660367330065,83.29297820823244,36.425913895942834,37.41805941061832,7.60566152877025,7.804090631705347,1.7086950530522254,9.076714108545444,120.76584184728046,121.04175279040928,2400.0,40.0,132.99474399102343,322.43626843048094,120.42756747180063,120.90379731884485,74.98687012720646,161.0,21.91780821917808,58.38509316770186,3.501945525291829,10.353535353535353,6.973768394113884,0.11801242236024845,40.35087719298245,53.191489361702125,82.6086956521739,60.483870967741936,12.422007941009642,2.6666666666666665,278.40000000000003,107.74515927545283,61.777712595047504,0.0,0.0,8.188235294117648
326092,2305,69510,"VORHEES, W.","VORHEES, WILLIAM LEONARD-DEUBLER",38,26.640350877192983,575.0,131.0,93.0,224.0,37.0,31.0,50.0,15.0,9.0,111.0,115.0,646.0,205.0,100.0,22.0,42.0,99.0,39.0,229.0,480.0,2137.0,922.0,966.0,0.0,0.0,212.63333333333333,212.63333333333333,70.6,386.72,2851.32,2848.88,60740.0,1012.3333333333334,3137.0,7599.616666666667,2956.0,2850.1,1896.5298883762705,28:21,True,OBERA,OBERA vs RIACHUELO (LR) (001/12/2024 21:00),OBERA,RIACHUELO (LR),RIACHUELO (LR),01/12/2024,22.719789265722753,5.1761606848864,3.674678959499506,8.850839644385907,1.4619690484030292,1.2248929864998352,1.975633849193283,0.5926901547579848,0.35561409285479084,4.385907145209088,4.54395785314455,25.525189331577213,8.10009878169246,3.951267698386566,0.8692788936450445,1.6595324333223573,3.9117550214026995,1.5409944023707607,9.048403029305236,18.966084952255514,84.4385907145209,36.43068817912413,38.16924596641422,8.401712216002634,8.401712216002634,2.789594995060915,15.280342443200528,112.66328613763582,112.56687520579518,2400.0,40.0,123.95126769838656,300.28119855120184,116.79947316430687,112.61508067171549,74.93697286965836,369.0,10.416666666666668,64.49864498644986,10.086767895878525,13.561076604554865,11.864406779661017,0.2682926829268293,34.375,67.21311475409836,71.73913043478261,66.90403053150888,22.461394478240525,0.74,526.0999999999999,148.68638808440213,69.0150813714423,0.0,0.0,13.844736842105261
326636,2376,69996,"WALLACE, D.","WALLACE, DEVANTE RASHAD-KEITH",6,23.708333333333332,61.0,10.0,11.0,21.0,1.0,2.0,3.0,1.0,0.0,14.0,7.0,43.0,11.0,11.0,12.0,21.0,3.0,1.0,-4.0,59.0,274.0,138.0,132.0,0.0,0.0,43.233333333333334,43.266666666666666,12.5,48.76,448.79999999999995,461.28,8535.0,142.25,483.0,1225.0166666666667,506.0,455.04,261.55776877138544,35:32,True,PEÑAROL (MDP),PLATENSE vs PEÑAROL (MDP) (011/10/2024 22:05),PLATENSE,PEÑAROL (MDP),PLATENSE,11/10/2024,17.152899824253076,2.81195079086116,3.093145869947276,5.905096660808436,0.28119507908611596,0.5623901581722319,0.843585237258348,0.28119507908611596,0.0,3.936731107205624,1.968365553602812,12.091388400702987,3.093145869947276,3.093145869947276,3.374340949033392,5.905096660808436,0.843585237258348,0.28119507908611596,-1.1247803163444638,16.590509666080845,77.04745166959579,38.804920913884004,37.11775043936731,12.15700058582308,12.166373755125953,3.5149384885764503,13.711072056239015,126.20035149384884,129.7096660808436,2400.0,40.0,135.81722319859404,344.4686584651435,142.2847100175747,127.95500878734623,73.54875747525777,55.0,5.084745762711865,52.72727272727273,7.971014492753622,7.575757575757576,7.777777777777778,0.05454545454545454,36.36363636363637,50.0,75.0,53.73502466525723,21.532846715328464,0.3333333333333333,49.6,125.10254306808861,63.92940574715652,0.0,0.0,8.266666666666667
326698,1882,69822,"WALTON, Z.","WALTON, ZACHERY CHRISTOPHER",21,16.95952380952381,99.0,60.0,14.0,74.0,13.0,14.0,9.0,2.0,2.0,34.0,22.0,119.0,22.0,23.0,12.0,30.0,19.0,7.0,26.0,107.0,751.0,352.0,358.0,0.0,0.0,117.49999999999999,117.49999999999999,3.5166666666666666,93.44,1585.92,1604.24,21369.0,356.15,1683.0,4199.933333333333,1715.0,1595.08,676.903394737746,16:16,False,OLIMPICO (LB),OLIMPICO (LB) vs LA UNION FSA. (017/11/2024 22:00),OLIMPICO (LB),LA UNION FSA.,LA UNION FSA.,17/11/2024,11.118910571388462,6.7387336796293695,1.5723711919135197,8.31110487154289,1.4600589639196968,1.5723711919135197,1.0108100519444054,0.22462445598764566,0.22462445598764566,3.8186157517899764,2.4708690158641025,13.365155131264917,2.4708690158641025,2.5831812438579256,1.3477467359258741,3.3693668398146848,2.133932331882634,0.7861855959567599,2.9201179278393936,12.017408395339045,84.34648322336095,39.53390425382564,40.20777762178858,13.196686789274182,13.196686789274182,0.39496466844494366,10.494454583742804,178.11820861996353,180.17576863681035,2400.0000000000005,40.0,189.0214797136038,471.7038700921896,192.61547100940618,179.1469886283869,76.02452839957839,87.0,8.411214953271028,45.97701149425287,3.977272727272727,16.75977653631285,10.422535211267606,0.21839080459770116,28.57142857142857,48.888888888888886,73.07692307692307,50.28443722064202,14.247669773635153,1.4444444444444444,99.80000000000001,105.95034246575344,45.62892107068164,0.0,0.0,4.752380952380953
328203,1498,70040,"WATSON, E.","WATSON, EARL OVREL",12,11.573611111111111,33.0,25.0,18.0,43.0,3.0,6.0,8.0,1.0,2.0,10.0,12.0,47.0,14.0,23.0,0.0,0.0,5.0,8.0,-5.0,51.0,286.0,130.0,134.0,0.0,0.0,27.78333333333333,27.78333333333333,0.36666666666666664,32.839999999999996,954.96,949.56,8333.0,138.88333333333333,1062.0,2650.0,1002.0,952.26,249.2133041167448,00:00,False,ATENAS (C),ATENAS (C) vs ARGENTINO (J) (001/12/2024 20:30),ATENAS (C),ARGENTINO (J),ARGENTINO (J),01/12/2024,9.50438017520701,7.2002880115204615,5.184207368294732,12.384495379815192,0.8640345613824553,1.7280691227649105,2.3040921636865477,0.28801152046081846,0.5760230409216369,2.8801152046081846,3.456138245529821,13.536541461658466,4.032161286451458,6.624264970598825,0.0,0.0,1.4400576023040923,2.3040921636865477,-1.4400576023040923,14.688587543501741,82.37129485179408,37.4414976599064,38.59354374174967,8.001920076803072,8.001920076803072,0.10560422416896675,9.458298331933277,275.0394815792632,273.48421936877475,2400.0,40.0,305.8682347293892,763.2305292211688,288.58754350174013,274.26185047401896,71.77630263772801,37.0,15.686274509803921,37.83783783783784,13.846153846153847,18.65671641791045,16.28787878787879,0.13513513513513514,,37.83783783783784,38.46153846153847,38.62359550561798,17.832167832167833,0.375,35.6,100.48721071863582,27.537933832033104,0.0,0.0,2.966666666666667
329029,1913,70011,"WHELAN, G.","WHELAN, GASTON",23,26.280434782608697,302.0,66.0,11.0,77.0,72.0,21.0,42.0,1.0,6.0,59.0,117.0,357.0,74.0,60.0,22.0,41.0,88.0,25.0,-53.0,288.0,1234.0,519.0,534.0,0.0,0.0,151.9333333333333,156.9333333333333,43.96666666666666,277.72,1738.44,1734.32,36267.0,604.45,1969.0,4624.9,2003.0,1736.3799999999999,1137.3007943941752,23:02,True,UNION (SF),UNION (SF) vs LA UNION FSA. (018/05/2025 21:00),UNION (SF),LA UNION FSA.,LA UNION FSA.,18/05/2025,19.985110430970302,4.367606915377616,0.7279344858962693,5.095541401273885,4.7646620895028535,1.3896931094383322,2.7793862188766645,0.0661758623542063,0.39705517412523783,3.9043758788981715,7.742575895442137,23.624782860451646,4.897013814211267,3.9705517412523776,1.4558689717925386,2.713210356522458,5.823475887170154,1.6543965588551575,-3.507320704772934,19.058648358011414,81.66101414509058,34.34527256183307,35.33791049714616,10.05431935368241,10.38519866545344,2.9095320815066033,18.378360493010174,115.04276615104641,114.77012159814706,2399.9999999999995,40.0,130.30027297543222,306.0567458019687,132.55025229547522,114.90644387459673,75.26186082515842,197.0,14.583333333333334,54.31472081218274,2.119460500963391,12.359550561797752,7.31244064577398,0.4467005076142132,34.92063492063492,55.223880597014926,77.87610619469027,61.20298313878081,23.3387358184765,1.7142857142857142,266.9,108.74261846464064,75.55572082895263,0.0,0.0,11.604347826086956
330064,1474,68570,"WHITFIELD, R.","WHITFIELD III, ROBERT JAMARCUS",19,15.382456140350877,155.0,32.0,5.0,37.0,18.0,13.0,14.0,0.0,3.0,26.0,24.0,124.0,25.0,25.0,30.0,51.0,15.0,4.0,-18.0,153.0,589.0,274.0,230.0,0.0,0.0,105.09999999999998,105.09999999999998,18.216666666666665,148.36,1404.32,1405.6,17536.0,292.26666666666665,1599.0,3800.0,1505.0,1404.96,541.6357555957163,08:49,False,GIMNASIA (CR),GIMNASIA (CR) vs FERRO (018/05/2025 20:00),GIMNASIA (CR),FERRO,FERRO,18/05/2025,21.21350364963504,4.37956204379562,0.6843065693430657,5.063868613138687,2.4635036496350367,1.779197080291971,1.9160583941605842,0.0,0.41058394160583944,3.558394160583942,3.2846715328467155,16.97080291970803,3.421532846715329,3.421532846715329,4.105839416058394,6.9799270072992705,2.052919708029197,0.5474452554744526,-2.4635036496350367,20.939781021897808,80.61131386861314,37.5,31.478102189781026,14.384124087591239,14.384124087591239,2.4931569343065694,20.30474452554745,192.1970802919708,192.3722627737226,2400.0,40.0,218.84124087591243,520.07299270073,205.97627737226279,192.28467153284672,74.12898114904877,131.0,9.15032679738562,53.43511450381679,1.824817518248175,13.91304347826087,7.341269841269842,0.11450381679389313,37.03703703703704,50.0,78.94736842105263,55.61136624569459,25.97623089983022,1.2857142857142858,128.4,104.47559989215421,41.29676160243066,0.0,0.0,6.757894736842106
182885,46,69144,"WOLINSKY, F.","WOLINSKY, FACUNDO ARIEL",0,,0.0,0.0,0.0,0.0,0.0,0.0,0.0,0.0,0.0,0.0,0.0,0.0,0.0,0.0,0.0,0.0,0.0,0.0,0.0,0.0,0.0,0.0,0.0,0.0,0.0,0.0,0.0,0.0,0.0,387.04,388.91999999999996,0.0,0.0,399.0,1024.9833333333333,398.0,387.98,0.0,00:00,False,FERRO,FERRO vs PEÑAROL (MDP) (009/10/2024 20:00),FERRO,PEÑAROL (MDP),PEÑAROL (MDP),09/10/2024,0.0,0.0,0.0,0.0,0.0,0.0,0.0,0.0,0.0,0.0,0.0,0.0,0.0,0.0,0.0,0.0,0.0,0.0,0.0,0.0,0.0,0.0,0.0,0.0,0.0,0.0,0.0,15481.6,15556.8,0.0,0.0,15960.0,40999.333333333336,15920.0,15519.2,0.0,0.0,,,,,,,,,,,,,0.0,,,0.0,0.0,
274124,2314,69185,"ZAWADSKI, F.","ZAWADSKI, FARAMIR",0,,0.0,0.0,0.0,0.0,0.0,0.0,0.0,0.0,0.0,0.0,0.0,0.0,0.0,0.0,0.0,0.0,0.0,0.0,0.0,0.0,0.0,0.0,0.0,0.0,0.0,0.0,0.0,0.0,0.0,239.60000000000002,236.76,0.0,0.0,213.0,600.0,238.0,238.18,0.0,00:00,False,ZARATE BASKET,RIACHUELO (LR) vs ZARATE BASKET (006/11/2024 21:30),RIACHUELO (LR),ZARATE BASKET,RIACHUELO (LR),06/11/2024,0.0,0.0,0.0,0.0,0.0,0.0,0.0,0.0,0.0,0.0,0.0,0.0,0.0,0.0,0.0,0.0,0.0,0.0,0.0,0.0,0.0,0.0,0.0,0.0,0.0,0.0,0.0,9584.0,9470.4,0.0,0.0,8520.0,24000.0,9520.0,9527.2,0.0,0.0,,,,,,,,,,,,,0.0,,,0.0,0.0,
271328,1869,69992,"ZEZULAR, F.","ZEZULAR, FEDERICO",37,12.463063063063062,170.0,34.0,22.0,56.0,10.0,27.0,17.0,14.0,2.0,62.0,26.0,149.0,55.0,37.0,15.0,26.0,15.0,10.0,67.0,161.0,972.0,440.0,414.0,0.0,0.0,128.33333333333331,128.33333333333331,4.8,139.0,2842.7599999999998,2818.4,27668.0,461.1333333333333,3244.0,7425.05,2896.0,2830.58,880.6615627253278,04:49,False,QUIMSA,INSTITUTO vs QUIMSA (002/12/2024 22:10),INSTITUTO,QUIMSA,INSTITUTO,02/12/2024,14.746277287841549,2.94925545756831,1.9083417666618476,4.857597224230158,0.8674280757553853,2.3420558045395405,1.474627728784155,1.2143993060575395,0.17348561515107705,5.3780540696833885,2.255312996964002,12.924678328755242,4.770854416654619,3.2094838802949255,1.301142113633078,2.255312996964002,1.301142113633078,0.8674280757553853,5.811768107561082,13.965592019661702,84.31400896342345,38.16683533323695,35.91152233627295,11.131993638860775,11.131993638860775,0.4163654763625849,12.057250252999856,246.5889836634379,244.4759288708978,2400.0,40.0,281.393667775047,644.0696833887523,251.2071707387596,245.53245626716784,76.39105647465617,133.0,10.559006211180124,58.27067669172932,5.0,8.212560386473431,6.557377049180328,0.11278195488721804,36.58536585365854,59.78260869565217,60.0,59.02777777777778,16.56378600823045,0.5882352941176471,153.7,122.3021582733813,31.832062071743362,0.0,0.0,4.154054054054054
209518,1498,70040,"ZURSCHMITTEN, N.","ZURSCHMITTEN, NICOLAS AGUSTIN",32,27.23229166666667,188.0,94.0,20.0,114.0,109.0,22.0,64.0,2.0,5.0,91.0,72.0,204.0,36.0,53.0,31.0,77.0,23.0,13.0,-10.0,279.0,1748.0,808.0,778.0,0.0,0.0,203.11666666666667,208.11666666666667,58.21666666666666,256.84000000000003,2320.64,2323.8,52286.0,871.4333333333334,2558.0,6449.933333333333,2551.0,2322.22,1569.70488151789,36:32,True,ATENAS (C),ATENAS (C) vs ARGENTINO (J) (001/12/2024 20:30),ATENAS (C),ARGENTINO (J),ARGENTINO (J),01/12/2024,8.629461041196496,4.314730520598248,0.9180277703400528,5.232758290938301,5.003251348353287,1.009830547374058,2.9376888650881687,0.09180277703400527,0.2295069425850132,4.177026355047239,3.3048999732241895,9.363883257468538,1.6524499866120947,2.4327735914011397,1.4229430440270818,3.534406915809203,1.0557319358910606,0.5967180507210343,-0.4590138851700264,12.806487396243735,80.2356271277206,37.08832192173813,35.71128026622805,9.323337030945186,9.552843973530198,2.672225834831503,11.789312626706959,106.52059824809699,106.66564663581073,2399.9999999999995,40.0,117.41575182649274,296.0608958420992,117.09444210687373,106.59312244195385,72.05163362358826,197.0,22.939068100358423,41.878172588832484,2.4752475247524752,12.082262210796916,7.187894073139975,0.116751269035533,28.703703703703702,40.44943820224719,63.888888888888886,44.164630708513435,15.961098398169337,1.703125,165.20000000000002,73.19732128951875,74.25435779574784,0.0,0.0,5.1625000000000005
